window_id,window_label,method,anomaly_type,count_variant,count_static,valid_n
Calm_2019_2019-05-12_2019-05-24,Calm_2019,CAPPED_minmax_IFw1080q010_AEw1080q950,Compound,0,0,289
Calm_2019_2019-05-12_2019-05-24,Calm_2019,CAPPED_minmax_IFw1080q010_AEw1080q950,Pattern,4,4,289
Calm_2019_2019-05-12_2019-05-24,Calm_2019,CAPPED_minmax_IFw1080q010_AEw1080q950,Point,1,3,289
Calm_2019_2019-05-12_2019-05-24,Calm_2019,CAPPED_minmax_IFw1080q010_AEw1080q975,Compound,0,0,289
Calm_2019_2019-05-12_2019-05-24,Calm_2019,CAPPED_minmax_IFw1080q010_AEw1080q975,Pattern,1,4,289
Calm_2019_2019-05-12_2019-05-24,Calm_2019,CAPPED_minmax_IFw1080q010_AEw1080q975,Point,1,3,289
Calm_2019_2019-05-12_2019-05-24,Calm_2019,CAPPED_minmax_IFw1080q010_AEw1080q990,Compound,0,0,289
Calm_2019_2019-05-12_2019-05-24,Calm_2019,CAPPED_minmax_IFw1080q010_AEw1080q990,Pattern,0,4,289
Calm_2019_2019-05-12_2019-05-24,Calm_2019,CAPPED_minmax_IFw1080q010_AEw1080q990,Point,1,3,289
Calm_2019_2019-05-12_2019-05-24,Calm_2019,CAPPED_minmax_IFw1080q010_AEw336q950,Compound,0,0,289
Calm_2019_2019-05-12_2019-05-24,Calm_2019,CAPPED_minmax_IFw1080q010_AEw336q950,Pattern,4,4,289
Calm_2019_2019-05-12_2019-05-24,Calm_2019,CAPPED_minmax_IFw1080q010_AEw336q950,Point,1,3,289
Calm_2019_2019-05-12_2019-05-24,Calm_2019,CAPPED_minmax_IFw1080q010_AEw336q975,Compound,0,0,289
Calm_2019_2019-05-12_2019-05-24,Calm_2019,CAPPED_minmax_IFw1080q010_AEw336q975,Pattern,0,4,289
Calm_2019_2019-05-12_2019-05-24,Calm_2019,CAPPED_minmax_IFw1080q010_AEw336q975,Point,1,3,289
Calm_2019_2019-05-12_2019-05-24,Calm_2019,CAPPED_minmax_IFw1080q010_AEw336q990,Compound,0,0,289
Calm_2019_2019-05-12_2019-05-24,Calm_2019,CAPPED_minmax_IFw1080q010_AEw336q990,Pattern,0,4,289
Calm_2019_2019-05-12_2019-05-24,Calm_2019,CAPPED_minmax_IFw1080q010_AEw336q990,Point,1,3,289
Calm_2019_2019-05-12_2019-05-24,Calm_2019,CAPPED_minmax_IFw1080q010_AEw720q950,Compound,0,0,289
Calm_2019_2019-05-12_2019-05-24,Calm_2019,CAPPED_minmax_IFw1080q010_AEw720q950,Pattern,3,4,289
Calm_2019_2019-05-12_2019-05-24,Calm_2019,CAPPED_minmax_IFw1080q010_AEw720q950,Point,1,3,289
Calm_2019_2019-05-12_2019-05-24,Calm_2019,CAPPED_minmax_IFw1080q010_AEw720q975,Compound,0,0,289
Calm_2019_2019-05-12_2019-05-24,Calm_2019,CAPPED_minmax_IFw1080q010_AEw720q975,Pattern,0,4,289
Calm_2019_2019-05-12_2019-05-24,Calm_2019,CAPPED_minmax_IFw1080q010_AEw720q975,Point,1,3,289
Calm_2019_2019-05-12_2019-05-24,Calm_2019,CAPPED_minmax_IFw1080q010_AEw720q990,Compound,0,0,289
Calm_2019_2019-05-12_2019-05-24,Calm_2019,CAPPED_minmax_IFw1080q010_AEw720q990,Pattern,0,4,289
Calm_2019_2019-05-12_2019-05-24,Calm_2019,CAPPED_minmax_IFw1080q010_AEw720q990,Point,1,3,289
Calm_2019_2019-05-12_2019-05-24,Calm_2019,CAPPED_minmax_IFw1080q030_AEw1080q950,Compound,0,0,289
Calm_2019_2019-05-12_2019-05-24,Calm_2019,CAPPED_minmax_IFw1080q030_AEw1080q950,Pattern,4,4,289
Calm_2019_2019-05-12_2019-05-24,Calm_2019,CAPPED_minmax_IFw1080q030_AEw1080q950,Point,5,3,289
Calm_2019_2019-05-12_2019-05-24,Calm_2019,CAPPED_minmax_IFw1080q030_AEw1080q975,Compound,0,0,289
Calm_2019_2019-05-12_2019-05-24,Calm_2019,CAPPED_minmax_IFw1080q030_AEw1080q975,Pattern,1,4,289
Calm_2019_2019-05-12_2019-05-24,Calm_2019,CAPPED_minmax_IFw1080q030_AEw1080q975,Point,5,3,289
Calm_2019_2019-05-12_2019-05-24,Calm_2019,CAPPED_minmax_IFw1080q030_AEw1080q990,Compound,0,0,289
Calm_2019_2019-05-12_2019-05-24,Calm_2019,CAPPED_minmax_IFw1080q030_AEw1080q990,Pattern,0,4,289
Calm_2019_2019-05-12_2019-05-24,Calm_2019,CAPPED_minmax_IFw1080q030_AEw1080q990,Point,5,3,289
Calm_2019_2019-05-12_2019-05-24,Calm_2019,CAPPED_minmax_IFw1080q030_AEw336q950,Compound,0,0,289
Calm_2019_2019-05-12_2019-05-24,Calm_2019,CAPPED_minmax_IFw1080q030_AEw336q950,Pattern,4,4,289
Calm_2019_2019-05-12_2019-05-24,Calm_2019,CAPPED_minmax_IFw1080q030_AEw336q950,Point,5,3,289
Calm_2019_2019-05-12_2019-05-24,Calm_2019,CAPPED_minmax_IFw1080q030_AEw336q975,Compound,0,0,289
Calm_2019_2019-05-12_2019-05-24,Calm_2019,CAPPED_minmax_IFw1080q030_AEw336q975,Pattern,0,4,289
Calm_2019_2019-05-12_2019-05-24,Calm_2019,CAPPED_minmax_IFw1080q030_AEw336q975,Point,5,3,289
Calm_2019_2019-05-12_2019-05-24,Calm_2019,CAPPED_minmax_IFw1080q030_AEw336q990,Compound,0,0,289
Calm_2019_2019-05-12_2019-05-24,Calm_2019,CAPPED_minmax_IFw1080q030_AEw336q990,Pattern,0,4,289
Calm_2019_2019-05-12_2019-05-24,Calm_2019,CAPPED_minmax_IFw1080q030_AEw336q990,Point,5,3,289
Calm_2019_2019-05-12_2019-05-24,Calm_2019,CAPPED_minmax_IFw1080q030_AEw720q950,Compound,0,0,289
Calm_2019_2019-05-12_2019-05-24,Calm_2019,CAPPED_minmax_IFw1080q030_AEw720q950,Pattern,3,4,289
Calm_2019_2019-05-12_2019-05-24,Calm_2019,CAPPED_minmax_IFw1080q030_AEw720q950,Point,5,3,289
Calm_2019_2019-05-12_2019-05-24,Calm_2019,CAPPED_minmax_IFw1080q030_AEw720q975,Compound,0,0,289
Calm_2019_2019-05-12_2019-05-24,Calm_2019,CAPPED_minmax_IFw1080q030_AEw720q975,Pattern,0,4,289
Calm_2019_2019-05-12_2019-05-24,Calm_2019,CAPPED_minmax_IFw1080q030_AEw720q975,Point,5,3,289
Calm_2019_2019-05-12_2019-05-24,Calm_2019,CAPPED_minmax_IFw1080q030_AEw720q990,Compound,0,0,289
Calm_2019_2019-05-12_2019-05-24,Calm_2019,CAPPED_minmax_IFw1080q030_AEw720q990,Pattern,0,4,289
Calm_2019_2019-05-12_2019-05-24,Calm_2019,CAPPED_minmax_IFw1080q030_AEw720q990,Point,5,3,289
Calm_2019_2019-05-12_2019-05-24,Calm_2019,CAPPED_minmax_IFw1440q010_AEw1080q950,Compound,0,0,289
Calm_2019_2019-05-12_2019-05-24,Calm_2019,CAPPED_minmax_IFw1440q010_AEw1080q950,Pattern,4,4,289
Calm_2019_2019-05-12_2019-05-24,Calm_2019,CAPPED_minmax_IFw1440q010_AEw1080q950,Point,2,3,289
Calm_2019_2019-05-12_2019-05-24,Calm_2019,CAPPED_minmax_IFw1440q010_AEw1080q975,Compound,0,0,289
Calm_2019_2019-05-12_2019-05-24,Calm_2019,CAPPED_minmax_IFw1440q010_AEw1080q975,Pattern,1,4,289
Calm_2019_2019-05-12_2019-05-24,Calm_2019,CAPPED_minmax_IFw1440q010_AEw1080q975,Point,2,3,289
Calm_2019_2019-05-12_2019-05-24,Calm_2019,CAPPED_minmax_IFw1440q010_AEw1080q990,Compound,0,0,289
Calm_2019_2019-05-12_2019-05-24,Calm_2019,CAPPED_minmax_IFw1440q010_AEw1080q990,Pattern,0,4,289
Calm_2019_2019-05-12_2019-05-24,Calm_2019,CAPPED_minmax_IFw1440q010_AEw1080q990,Point,2,3,289
Calm_2019_2019-05-12_2019-05-24,Calm_2019,CAPPED_minmax_IFw1440q010_AEw336q950,Compound,0,0,289
Calm_2019_2019-05-12_2019-05-24,Calm_2019,CAPPED_minmax_IFw1440q010_AEw336q950,Pattern,4,4,289
Calm_2019_2019-05-12_2019-05-24,Calm_2019,CAPPED_minmax_IFw1440q010_AEw336q950,Point,2,3,289
Calm_2019_2019-05-12_2019-05-24,Calm_2019,CAPPED_minmax_IFw1440q010_AEw336q975,Compound,0,0,289
Calm_2019_2019-05-12_2019-05-24,Calm_2019,CAPPED_minmax_IFw1440q010_AEw336q975,Pattern,0,4,289
Calm_2019_2019-05-12_2019-05-24,Calm_2019,CAPPED_minmax_IFw1440q010_AEw336q975,Point,2,3,289
Calm_2019_2019-05-12_2019-05-24,Calm_2019,CAPPED_minmax_IFw1440q010_AEw336q990,Compound,0,0,289
Calm_2019_2019-05-12_2019-05-24,Calm_2019,CAPPED_minmax_IFw1440q010_AEw336q990,Pattern,0,4,289
Calm_2019_2019-05-12_2019-05-24,Calm_2019,CAPPED_minmax_IFw1440q010_AEw336q990,Point,2,3,289
Calm_2019_2019-05-12_2019-05-24,Calm_2019,CAPPED_minmax_IFw1440q010_AEw720q950,Compound,0,0,289
Calm_2019_2019-05-12_2019-05-24,Calm_2019,CAPPED_minmax_IFw1440q010_AEw720q950,Pattern,3,4,289
Calm_2019_2019-05-12_2019-05-24,Calm_2019,CAPPED_minmax_IFw1440q010_AEw720q950,Point,2,3,289
Calm_2019_2019-05-12_2019-05-24,Calm_2019,CAPPED_minmax_IFw1440q010_AEw720q975,Compound,0,0,289
Calm_2019_2019-05-12_2019-05-24,Calm_2019,CAPPED_minmax_IFw1440q010_AEw720q975,Pattern,0,4,289
Calm_2019_2019-05-12_2019-05-24,Calm_2019,CAPPED_minmax_IFw1440q010_AEw720q975,Point,2,3,289
Calm_2019_2019-05-12_2019-05-24,Calm_2019,CAPPED_minmax_IFw1440q010_AEw720q990,Compound,0,0,289
Calm_2019_2019-05-12_2019-05-24,Calm_2019,CAPPED_minmax_IFw1440q010_AEw720q990,Pattern,0,4,289
Calm_2019_2019-05-12_2019-05-24,Calm_2019,CAPPED_minmax_IFw1440q010_AEw720q990,Point,2,3,289
Calm_2019_2019-05-12_2019-05-24,Calm_2019,CAPPED_minmax_IFw1440q030_AEw1080q950,Compound,0,0,289
Calm_2019_2019-05-12_2019-05-24,Calm_2019,CAPPED_minmax_IFw1440q030_AEw1080q950,Pattern,4,4,289
Calm_2019_2019-05-12_2019-05-24,Calm_2019,CAPPED_minmax_IFw1440q030_AEw1080q950,Point,6,3,289
Calm_2019_2019-05-12_2019-05-24,Calm_2019,CAPPED_minmax_IFw1440q030_AEw1080q975,Compound,0,0,289
Calm_2019_2019-05-12_2019-05-24,Calm_2019,CAPPED_minmax_IFw1440q030_AEw1080q975,Pattern,1,4,289
Calm_2019_2019-05-12_2019-05-24,Calm_2019,CAPPED_minmax_IFw1440q030_AEw1080q975,Point,6,3,289
Calm_2019_2019-05-12_2019-05-24,Calm_2019,CAPPED_minmax_IFw1440q030_AEw1080q990,Compound,0,0,289
Calm_2019_2019-05-12_2019-05-24,Calm_2019,CAPPED_minmax_IFw1440q030_AEw1080q990,Pattern,0,4,289
Calm_2019_2019-05-12_2019-05-24,Calm_2019,CAPPED_minmax_IFw1440q030_AEw1080q990,Point,6,3,289
Calm_2019_2019-05-12_2019-05-24,Calm_2019,CAPPED_minmax_IFw1440q030_AEw336q950,Compound,0,0,289
Calm_2019_2019-05-12_2019-05-24,Calm_2019,CAPPED_minmax_IFw1440q030_AEw336q950,Pattern,4,4,289
Calm_2019_2019-05-12_2019-05-24,Calm_2019,CAPPED_minmax_IFw1440q030_AEw336q950,Point,6,3,289
Calm_2019_2019-05-12_2019-05-24,Calm_2019,CAPPED_minmax_IFw1440q030_AEw336q975,Compound,0,0,289
Calm_2019_2019-05-12_2019-05-24,Calm_2019,CAPPED_minmax_IFw1440q030_AEw336q975,Pattern,0,4,289
Calm_2019_2019-05-12_2019-05-24,Calm_2019,CAPPED_minmax_IFw1440q030_AEw336q975,Point,6,3,289
Calm_2019_2019-05-12_2019-05-24,Calm_2019,CAPPED_minmax_IFw1440q030_AEw336q990,Compound,0,0,289
Calm_2019_2019-05-12_2019-05-24,Calm_2019,CAPPED_minmax_IFw1440q030_AEw336q990,Pattern,0,4,289
Calm_2019_2019-05-12_2019-05-24,Calm_2019,CAPPED_minmax_IFw1440q030_AEw336q990,Point,6,3,289
Calm_2019_2019-05-12_2019-05-24,Calm_2019,CAPPED_minmax_IFw1440q030_AEw720q950,Compound,0,0,289
Calm_2019_2019-05-12_2019-05-24,Calm_2019,CAPPED_minmax_IFw1440q030_AEw720q950,Pattern,3,4,289
Calm_2019_2019-05-12_2019-05-24,Calm_2019,CAPPED_minmax_IFw1440q030_AEw720q950,Point,6,3,289
Calm_2019_2019-05-12_2019-05-24,Calm_2019,CAPPED_minmax_IFw1440q030_AEw720q975,Compound,0,0,289
Calm_2019_2019-05-12_2019-05-24,Calm_2019,CAPPED_minmax_IFw1440q030_AEw720q975,Pattern,0,4,289
Calm_2019_2019-05-12_2019-05-24,Calm_2019,CAPPED_minmax_IFw1440q030_AEw720q975,Point,6,3,289
Calm_2019_2019-05-12_2019-05-24,Calm_2019,CAPPED_minmax_IFw1440q030_AEw720q990,Compound,0,0,289
Calm_2019_2019-05-12_2019-05-24,Calm_2019,CAPPED_minmax_IFw1440q030_AEw720q990,Pattern,0,4,289
Calm_2019_2019-05-12_2019-05-24,Calm_2019,CAPPED_minmax_IFw1440q030_AEw720q990,Point,6,3,289
Calm_2019_2019-05-12_2019-05-24,Calm_2019,CAPPED_minmax_IFw336q010_AEw1080q950,Compound,0,0,289
Calm_2019_2019-05-12_2019-05-24,Calm_2019,CAPPED_minmax_IFw336q010_AEw1080q950,Pattern,4,4,289
Calm_2019_2019-05-12_2019-05-24,Calm_2019,CAPPED_minmax_IFw336q010_AEw1080q950,Point,2,3,289
Calm_2019_2019-05-12_2019-05-24,Calm_2019,CAPPED_minmax_IFw336q010_AEw1080q975,Compound,0,0,289
Calm_2019_2019-05-12_2019-05-24,Calm_2019,CAPPED_minmax_IFw336q010_AEw1080q975,Pattern,1,4,289
Calm_2019_2019-05-12_2019-05-24,Calm_2019,CAPPED_minmax_IFw336q010_AEw1080q975,Point,2,3,289
Calm_2019_2019-05-12_2019-05-24,Calm_2019,CAPPED_minmax_IFw336q010_AEw1080q990,Compound,0,0,289
Calm_2019_2019-05-12_2019-05-24,Calm_2019,CAPPED_minmax_IFw336q010_AEw1080q990,Pattern,0,4,289
Calm_2019_2019-05-12_2019-05-24,Calm_2019,CAPPED_minmax_IFw336q010_AEw1080q990,Point,2,3,289
Calm_2019_2019-05-12_2019-05-24,Calm_2019,CAPPED_minmax_IFw336q010_AEw336q950,Compound,0,0,289
Calm_2019_2019-05-12_2019-05-24,Calm_2019,CAPPED_minmax_IFw336q010_AEw336q950,Pattern,4,4,289
Calm_2019_2019-05-12_2019-05-24,Calm_2019,CAPPED_minmax_IFw336q010_AEw336q950,Point,2,3,289
Calm_2019_2019-05-12_2019-05-24,Calm_2019,CAPPED_minmax_IFw336q010_AEw336q975,Compound,0,0,289
Calm_2019_2019-05-12_2019-05-24,Calm_2019,CAPPED_minmax_IFw336q010_AEw336q975,Pattern,0,4,289
Calm_2019_2019-05-12_2019-05-24,Calm_2019,CAPPED_minmax_IFw336q010_AEw336q975,Point,2,3,289
Calm_2019_2019-05-12_2019-05-24,Calm_2019,CAPPED_minmax_IFw336q010_AEw336q990,Compound,0,0,289
Calm_2019_2019-05-12_2019-05-24,Calm_2019,CAPPED_minmax_IFw336q010_AEw336q990,Pattern,0,4,289
Calm_2019_2019-05-12_2019-05-24,Calm_2019,CAPPED_minmax_IFw336q010_AEw336q990,Point,2,3,289
Calm_2019_2019-05-12_2019-05-24,Calm_2019,CAPPED_minmax_IFw336q010_AEw720q950,Compound,0,0,289
Calm_2019_2019-05-12_2019-05-24,Calm_2019,CAPPED_minmax_IFw336q010_AEw720q950,Pattern,3,4,289
Calm_2019_2019-05-12_2019-05-24,Calm_2019,CAPPED_minmax_IFw336q010_AEw720q950,Point,2,3,289
Calm_2019_2019-05-12_2019-05-24,Calm_2019,CAPPED_minmax_IFw336q010_AEw720q975,Compound,0,0,289
Calm_2019_2019-05-12_2019-05-24,Calm_2019,CAPPED_minmax_IFw336q010_AEw720q975,Pattern,0,4,289
Calm_2019_2019-05-12_2019-05-24,Calm_2019,CAPPED_minmax_IFw336q010_AEw720q975,Point,2,3,289
Calm_2019_2019-05-12_2019-05-24,Calm_2019,CAPPED_minmax_IFw336q010_AEw720q990,Compound,0,0,289
Calm_2019_2019-05-12_2019-05-24,Calm_2019,CAPPED_minmax_IFw336q010_AEw720q990,Pattern,0,4,289
Calm_2019_2019-05-12_2019-05-24,Calm_2019,CAPPED_minmax_IFw336q010_AEw720q990,Point,2,3,289
Calm_2019_2019-05-12_2019-05-24,Calm_2019,CAPPED_minmax_IFw336q030_AEw1080q950,Compound,0,0,289
Calm_2019_2019-05-12_2019-05-24,Calm_2019,CAPPED_minmax_IFw336q030_AEw1080q950,Pattern,4,4,289
Calm_2019_2019-05-12_2019-05-24,Calm_2019,CAPPED_minmax_IFw336q030_AEw1080q950,Point,3,3,289
Calm_2019_2019-05-12_2019-05-24,Calm_2019,CAPPED_minmax_IFw336q030_AEw1080q975,Compound,0,0,289
Calm_2019_2019-05-12_2019-05-24,Calm_2019,CAPPED_minmax_IFw336q030_AEw1080q975,Pattern,1,4,289
Calm_2019_2019-05-12_2019-05-24,Calm_2019,CAPPED_minmax_IFw336q030_AEw1080q975,Point,3,3,289
Calm_2019_2019-05-12_2019-05-24,Calm_2019,CAPPED_minmax_IFw336q030_AEw1080q990,Compound,0,0,289
Calm_2019_2019-05-12_2019-05-24,Calm_2019,CAPPED_minmax_IFw336q030_AEw1080q990,Pattern,0,4,289
Calm_2019_2019-05-12_2019-05-24,Calm_2019,CAPPED_minmax_IFw336q030_AEw1080q990,Point,3,3,289
Calm_2019_2019-05-12_2019-05-24,Calm_2019,CAPPED_minmax_IFw336q030_AEw336q950,Compound,0,0,289
Calm_2019_2019-05-12_2019-05-24,Calm_2019,CAPPED_minmax_IFw336q030_AEw336q950,Pattern,4,4,289
Calm_2019_2019-05-12_2019-05-24,Calm_2019,CAPPED_minmax_IFw336q030_AEw336q950,Point,3,3,289
Calm_2019_2019-05-12_2019-05-24,Calm_2019,CAPPED_minmax_IFw336q030_AEw336q975,Compound,0,0,289
Calm_2019_2019-05-12_2019-05-24,Calm_2019,CAPPED_minmax_IFw336q030_AEw336q975,Pattern,0,4,289
Calm_2019_2019-05-12_2019-05-24,Calm_2019,CAPPED_minmax_IFw336q030_AEw336q975,Point,3,3,289
Calm_2019_2019-05-12_2019-05-24,Calm_2019,CAPPED_minmax_IFw336q030_AEw336q990,Compound,0,0,289
Calm_2019_2019-05-12_2019-05-24,Calm_2019,CAPPED_minmax_IFw336q030_AEw336q990,Pattern,0,4,289
Calm_2019_2019-05-12_2019-05-24,Calm_2019,CAPPED_minmax_IFw336q030_AEw336q990,Point,3,3,289
Calm_2019_2019-05-12_2019-05-24,Calm_2019,CAPPED_minmax_IFw336q030_AEw720q950,Compound,0,0,289
Calm_2019_2019-05-12_2019-05-24,Calm_2019,CAPPED_minmax_IFw336q030_AEw720q950,Pattern,3,4,289
Calm_2019_2019-05-12_2019-05-24,Calm_2019,CAPPED_minmax_IFw336q030_AEw720q950,Point,3,3,289
Calm_2019_2019-05-12_2019-05-24,Calm_2019,CAPPED_minmax_IFw336q030_AEw720q975,Compound,0,0,289
Calm_2019_2019-05-12_2019-05-24,Calm_2019,CAPPED_minmax_IFw336q030_AEw720q975,Pattern,0,4,289
Calm_2019_2019-05-12_2019-05-24,Calm_2019,CAPPED_minmax_IFw336q030_AEw720q975,Point,3,3,289
Calm_2019_2019-05-12_2019-05-24,Calm_2019,CAPPED_minmax_IFw336q030_AEw720q990,Compound,0,0,289
Calm_2019_2019-05-12_2019-05-24,Calm_2019,CAPPED_minmax_IFw336q030_AEw720q990,Pattern,0,4,289
Calm_2019_2019-05-12_2019-05-24,Calm_2019,CAPPED_minmax_IFw336q030_AEw720q990,Point,3,3,289
Calm_2019_2019-05-12_2019-05-24,Calm_2019,CAPPED_minmax_IFw720q010_AEw1080q950,Compound,0,0,289
Calm_2019_2019-05-12_2019-05-24,Calm_2019,CAPPED_minmax_IFw720q010_AEw1080q950,Pattern,4,4,289
Calm_2019_2019-05-12_2019-05-24,Calm_2019,CAPPED_minmax_IFw720q010_AEw1080q950,Point,2,3,289
Calm_2019_2019-05-12_2019-05-24,Calm_2019,CAPPED_minmax_IFw720q010_AEw1080q975,Compound,0,0,289
Calm_2019_2019-05-12_2019-05-24,Calm_2019,CAPPED_minmax_IFw720q010_AEw1080q975,Pattern,1,4,289
Calm_2019_2019-05-12_2019-05-24,Calm_2019,CAPPED_minmax_IFw720q010_AEw1080q975,Point,2,3,289
Calm_2019_2019-05-12_2019-05-24,Calm_2019,CAPPED_minmax_IFw720q010_AEw1080q990,Compound,0,0,289
Calm_2019_2019-05-12_2019-05-24,Calm_2019,CAPPED_minmax_IFw720q010_AEw1080q990,Pattern,0,4,289
Calm_2019_2019-05-12_2019-05-24,Calm_2019,CAPPED_minmax_IFw720q010_AEw1080q990,Point,2,3,289
Calm_2019_2019-05-12_2019-05-24,Calm_2019,CAPPED_minmax_IFw720q010_AEw336q950,Compound,0,0,289
Calm_2019_2019-05-12_2019-05-24,Calm_2019,CAPPED_minmax_IFw720q010_AEw336q950,Pattern,4,4,289
Calm_2019_2019-05-12_2019-05-24,Calm_2019,CAPPED_minmax_IFw720q010_AEw336q950,Point,2,3,289
Calm_2019_2019-05-12_2019-05-24,Calm_2019,CAPPED_minmax_IFw720q010_AEw336q975,Compound,0,0,289
Calm_2019_2019-05-12_2019-05-24,Calm_2019,CAPPED_minmax_IFw720q010_AEw336q975,Pattern,0,4,289
Calm_2019_2019-05-12_2019-05-24,Calm_2019,CAPPED_minmax_IFw720q010_AEw336q975,Point,2,3,289
Calm_2019_2019-05-12_2019-05-24,Calm_2019,CAPPED_minmax_IFw720q010_AEw336q990,Compound,0,0,289
Calm_2019_2019-05-12_2019-05-24,Calm_2019,CAPPED_minmax_IFw720q010_AEw336q990,Pattern,0,4,289
Calm_2019_2019-05-12_2019-05-24,Calm_2019,CAPPED_minmax_IFw720q010_AEw336q990,Point,2,3,289
Calm_2019_2019-05-12_2019-05-24,Calm_2019,CAPPED_minmax_IFw720q010_AEw720q950,Compound,0,0,289
Calm_2019_2019-05-12_2019-05-24,Calm_2019,CAPPED_minmax_IFw720q010_AEw720q950,Pattern,3,4,289
Calm_2019_2019-05-12_2019-05-24,Calm_2019,CAPPED_minmax_IFw720q010_AEw720q950,Point,2,3,289
Calm_2019_2019-05-12_2019-05-24,Calm_2019,CAPPED_minmax_IFw720q010_AEw720q975,Compound,0,0,289
Calm_2019_2019-05-12_2019-05-24,Calm_2019,CAPPED_minmax_IFw720q010_AEw720q975,Pattern,0,4,289
Calm_2019_2019-05-12_2019-05-24,Calm_2019,CAPPED_minmax_IFw720q010_AEw720q975,Point,2,3,289
Calm_2019_2019-05-12_2019-05-24,Calm_2019,CAPPED_minmax_IFw720q010_AEw720q990,Compound,0,0,289
Calm_2019_2019-05-12_2019-05-24,Calm_2019,CAPPED_minmax_IFw720q010_AEw720q990,Pattern,0,4,289
Calm_2019_2019-05-12_2019-05-24,Calm_2019,CAPPED_minmax_IFw720q010_AEw720q990,Point,2,3,289
Calm_2019_2019-05-12_2019-05-24,Calm_2019,CAPPED_minmax_IFw720q030_AEw1080q950,Compound,0,0,289
Calm_2019_2019-05-12_2019-05-24,Calm_2019,CAPPED_minmax_IFw720q030_AEw1080q950,Pattern,4,4,289
Calm_2019_2019-05-12_2019-05-24,Calm_2019,CAPPED_minmax_IFw720q030_AEw1080q950,Point,5,3,289
Calm_2019_2019-05-12_2019-05-24,Calm_2019,CAPPED_minmax_IFw720q030_AEw1080q975,Compound,0,0,289
Calm_2019_2019-05-12_2019-05-24,Calm_2019,CAPPED_minmax_IFw720q030_AEw1080q975,Pattern,1,4,289
Calm_2019_2019-05-12_2019-05-24,Calm_2019,CAPPED_minmax_IFw720q030_AEw1080q975,Point,5,3,289
Calm_2019_2019-05-12_2019-05-24,Calm_2019,CAPPED_minmax_IFw720q030_AEw1080q990,Compound,0,0,289
Calm_2019_2019-05-12_2019-05-24,Calm_2019,CAPPED_minmax_IFw720q030_AEw1080q990,Pattern,0,4,289
Calm_2019_2019-05-12_2019-05-24,Calm_2019,CAPPED_minmax_IFw720q030_AEw1080q990,Point,5,3,289
Calm_2019_2019-05-12_2019-05-24,Calm_2019,CAPPED_minmax_IFw720q030_AEw336q950,Compound,0,0,289
Calm_2019_2019-05-12_2019-05-24,Calm_2019,CAPPED_minmax_IFw720q030_AEw336q950,Pattern,4,4,289
Calm_2019_2019-05-12_2019-05-24,Calm_2019,CAPPED_minmax_IFw720q030_AEw336q950,Point,5,3,289
Calm_2019_2019-05-12_2019-05-24,Calm_2019,CAPPED_minmax_IFw720q030_AEw336q975,Compound,0,0,289
Calm_2019_2019-05-12_2019-05-24,Calm_2019,CAPPED_minmax_IFw720q030_AEw336q975,Pattern,0,4,289
Calm_2019_2019-05-12_2019-05-24,Calm_2019,CAPPED_minmax_IFw720q030_AEw336q975,Point,5,3,289
Calm_2019_2019-05-12_2019-05-24,Calm_2019,CAPPED_minmax_IFw720q030_AEw336q990,Compound,0,0,289
Calm_2019_2019-05-12_2019-05-24,Calm_2019,CAPPED_minmax_IFw720q030_AEw336q990,Pattern,0,4,289
Calm_2019_2019-05-12_2019-05-24,Calm_2019,CAPPED_minmax_IFw720q030_AEw336q990,Point,5,3,289
Calm_2019_2019-05-12_2019-05-24,Calm_2019,CAPPED_minmax_IFw720q030_AEw720q950,Compound,0,0,289
Calm_2019_2019-05-12_2019-05-24,Calm_2019,CAPPED_minmax_IFw720q030_AEw720q950,Pattern,3,4,289
Calm_2019_2019-05-12_2019-05-24,Calm_2019,CAPPED_minmax_IFw720q030_AEw720q950,Point,5,3,289
Calm_2019_2019-05-12_2019-05-24,Calm_2019,CAPPED_minmax_IFw720q030_AEw720q975,Compound,0,0,289
Calm_2019_2019-05-12_2019-05-24,Calm_2019,CAPPED_minmax_IFw720q030_AEw720q975,Pattern,0,4,289
Calm_2019_2019-05-12_2019-05-24,Calm_2019,CAPPED_minmax_IFw720q030_AEw720q975,Point,5,3,289
Calm_2019_2019-05-12_2019-05-24,Calm_2019,CAPPED_minmax_IFw720q030_AEw720q990,Compound,0,0,289
Calm_2019_2019-05-12_2019-05-24,Calm_2019,CAPPED_minmax_IFw720q030_AEw720q990,Pattern,0,4,289
Calm_2019_2019-05-12_2019-05-24,Calm_2019,CAPPED_minmax_IFw720q030_AEw720q990,Point,5,3,289
Calm_2019_2019-05-12_2019-05-24,Calm_2019,DWELL_PATTERN_IFw1080q010_AEw1080q950,Compound,0,0,289
Calm_2019_2019-05-12_2019-05-24,Calm_2019,DWELL_PATTERN_IFw1080q010_AEw1080q950,Pattern,2,4,289
Calm_2019_2019-05-12_2019-05-24,Calm_2019,DWELL_PATTERN_IFw1080q010_AEw1080q950,Point,1,3,289
Calm_2019_2019-05-12_2019-05-24,Calm_2019,DWELL_PATTERN_IFw1080q010_AEw1080q975,Compound,0,0,289
Calm_2019_2019-05-12_2019-05-24,Calm_2019,DWELL_PATTERN_IFw1080q010_AEw1080q975,Pattern,0,4,289
Calm_2019_2019-05-12_2019-05-24,Calm_2019,DWELL_PATTERN_IFw1080q010_AEw1080q975,Point,1,3,289
Calm_2019_2019-05-12_2019-05-24,Calm_2019,DWELL_PATTERN_IFw1080q010_AEw1080q990,Compound,0,0,289
Calm_2019_2019-05-12_2019-05-24,Calm_2019,DWELL_PATTERN_IFw1080q010_AEw1080q990,Pattern,0,4,289
Calm_2019_2019-05-12_2019-05-24,Calm_2019,DWELL_PATTERN_IFw1080q010_AEw1080q990,Point,1,3,289
Calm_2019_2019-05-12_2019-05-24,Calm_2019,DWELL_PATTERN_IFw1080q010_AEw336q950,Compound,0,0,289
Calm_2019_2019-05-12_2019-05-24,Calm_2019,DWELL_PATTERN_IFw1080q010_AEw336q950,Pattern,2,4,289
Calm_2019_2019-05-12_2019-05-24,Calm_2019,DWELL_PATTERN_IFw1080q010_AEw336q950,Point,1,3,289
Calm_2019_2019-05-12_2019-05-24,Calm_2019,DWELL_PATTERN_IFw1080q010_AEw336q975,Compound,0,0,289
Calm_2019_2019-05-12_2019-05-24,Calm_2019,DWELL_PATTERN_IFw1080q010_AEw336q975,Pattern,0,4,289
Calm_2019_2019-05-12_2019-05-24,Calm_2019,DWELL_PATTERN_IFw1080q010_AEw336q975,Point,1,3,289
Calm_2019_2019-05-12_2019-05-24,Calm_2019,DWELL_PATTERN_IFw1080q010_AEw336q990,Compound,0,0,289
Calm_2019_2019-05-12_2019-05-24,Calm_2019,DWELL_PATTERN_IFw1080q010_AEw336q990,Pattern,0,4,289
Calm_2019_2019-05-12_2019-05-24,Calm_2019,DWELL_PATTERN_IFw1080q010_AEw336q990,Point,1,3,289
Calm_2019_2019-05-12_2019-05-24,Calm_2019,DWELL_PATTERN_IFw1080q010_AEw720q950,Compound,0,0,289
Calm_2019_2019-05-12_2019-05-24,Calm_2019,DWELL_PATTERN_IFw1080q010_AEw720q950,Pattern,1,4,289
Calm_2019_2019-05-12_2019-05-24,Calm_2019,DWELL_PATTERN_IFw1080q010_AEw720q950,Point,1,3,289
Calm_2019_2019-05-12_2019-05-24,Calm_2019,DWELL_PATTERN_IFw1080q010_AEw720q975,Compound,0,0,289
Calm_2019_2019-05-12_2019-05-24,Calm_2019,DWELL_PATTERN_IFw1080q010_AEw720q975,Pattern,0,4,289
Calm_2019_2019-05-12_2019-05-24,Calm_2019,DWELL_PATTERN_IFw1080q010_AEw720q975,Point,1,3,289
Calm_2019_2019-05-12_2019-05-24,Calm_2019,DWELL_PATTERN_IFw1080q010_AEw720q990,Compound,0,0,289
Calm_2019_2019-05-12_2019-05-24,Calm_2019,DWELL_PATTERN_IFw1080q010_AEw720q990,Pattern,0,4,289
Calm_2019_2019-05-12_2019-05-24,Calm_2019,DWELL_PATTERN_IFw1080q010_AEw720q990,Point,1,3,289
Calm_2019_2019-05-12_2019-05-24,Calm_2019,DWELL_PATTERN_IFw1080q030_AEw1080q950,Compound,0,0,289
Calm_2019_2019-05-12_2019-05-24,Calm_2019,DWELL_PATTERN_IFw1080q030_AEw1080q950,Pattern,2,4,289
Calm_2019_2019-05-12_2019-05-24,Calm_2019,DWELL_PATTERN_IFw1080q030_AEw1080q950,Point,5,3,289
Calm_2019_2019-05-12_2019-05-24,Calm_2019,DWELL_PATTERN_IFw1080q030_AEw1080q975,Compound,0,0,289
Calm_2019_2019-05-12_2019-05-24,Calm_2019,DWELL_PATTERN_IFw1080q030_AEw1080q975,Pattern,0,4,289
Calm_2019_2019-05-12_2019-05-24,Calm_2019,DWELL_PATTERN_IFw1080q030_AEw1080q975,Point,5,3,289
Calm_2019_2019-05-12_2019-05-24,Calm_2019,DWELL_PATTERN_IFw1080q030_AEw1080q990,Compound,0,0,289
Calm_2019_2019-05-12_2019-05-24,Calm_2019,DWELL_PATTERN_IFw1080q030_AEw1080q990,Pattern,0,4,289
Calm_2019_2019-05-12_2019-05-24,Calm_2019,DWELL_PATTERN_IFw1080q030_AEw1080q990,Point,5,3,289
Calm_2019_2019-05-12_2019-05-24,Calm_2019,DWELL_PATTERN_IFw1080q030_AEw336q950,Compound,0,0,289
Calm_2019_2019-05-12_2019-05-24,Calm_2019,DWELL_PATTERN_IFw1080q030_AEw336q950,Pattern,2,4,289
Calm_2019_2019-05-12_2019-05-24,Calm_2019,DWELL_PATTERN_IFw1080q030_AEw336q950,Point,5,3,289
Calm_2019_2019-05-12_2019-05-24,Calm_2019,DWELL_PATTERN_IFw1080q030_AEw336q975,Compound,0,0,289
Calm_2019_2019-05-12_2019-05-24,Calm_2019,DWELL_PATTERN_IFw1080q030_AEw336q975,Pattern,0,4,289
Calm_2019_2019-05-12_2019-05-24,Calm_2019,DWELL_PATTERN_IFw1080q030_AEw336q975,Point,5,3,289
Calm_2019_2019-05-12_2019-05-24,Calm_2019,DWELL_PATTERN_IFw1080q030_AEw336q990,Compound,0,0,289
Calm_2019_2019-05-12_2019-05-24,Calm_2019,DWELL_PATTERN_IFw1080q030_AEw336q990,Pattern,0,4,289
Calm_2019_2019-05-12_2019-05-24,Calm_2019,DWELL_PATTERN_IFw1080q030_AEw336q990,Point,5,3,289
Calm_2019_2019-05-12_2019-05-24,Calm_2019,DWELL_PATTERN_IFw1080q030_AEw720q950,Compound,0,0,289
Calm_2019_2019-05-12_2019-05-24,Calm_2019,DWELL_PATTERN_IFw1080q030_AEw720q950,Pattern,1,4,289
Calm_2019_2019-05-12_2019-05-24,Calm_2019,DWELL_PATTERN_IFw1080q030_AEw720q950,Point,5,3,289
Calm_2019_2019-05-12_2019-05-24,Calm_2019,DWELL_PATTERN_IFw1080q030_AEw720q975,Compound,0,0,289
Calm_2019_2019-05-12_2019-05-24,Calm_2019,DWELL_PATTERN_IFw1080q030_AEw720q975,Pattern,0,4,289
Calm_2019_2019-05-12_2019-05-24,Calm_2019,DWELL_PATTERN_IFw1080q030_AEw720q975,Point,5,3,289
Calm_2019_2019-05-12_2019-05-24,Calm_2019,DWELL_PATTERN_IFw1080q030_AEw720q990,Compound,0,0,289
Calm_2019_2019-05-12_2019-05-24,Calm_2019,DWELL_PATTERN_IFw1080q030_AEw720q990,Pattern,0,4,289
Calm_2019_2019-05-12_2019-05-24,Calm_2019,DWELL_PATTERN_IFw1080q030_AEw720q990,Point,5,3,289
Calm_2019_2019-05-12_2019-05-24,Calm_2019,DWELL_PATTERN_IFw1440q010_AEw1080q950,Compound,0,0,289
Calm_2019_2019-05-12_2019-05-24,Calm_2019,DWELL_PATTERN_IFw1440q010_AEw1080q950,Pattern,2,4,289
Calm_2019_2019-05-12_2019-05-24,Calm_2019,DWELL_PATTERN_IFw1440q010_AEw1080q950,Point,2,3,289
Calm_2019_2019-05-12_2019-05-24,Calm_2019,DWELL_PATTERN_IFw1440q010_AEw1080q975,Compound,0,0,289
Calm_2019_2019-05-12_2019-05-24,Calm_2019,DWELL_PATTERN_IFw1440q010_AEw1080q975,Pattern,0,4,289
Calm_2019_2019-05-12_2019-05-24,Calm_2019,DWELL_PATTERN_IFw1440q010_AEw1080q975,Point,2,3,289
Calm_2019_2019-05-12_2019-05-24,Calm_2019,DWELL_PATTERN_IFw1440q010_AEw1080q990,Compound,0,0,289
Calm_2019_2019-05-12_2019-05-24,Calm_2019,DWELL_PATTERN_IFw1440q010_AEw1080q990,Pattern,0,4,289
Calm_2019_2019-05-12_2019-05-24,Calm_2019,DWELL_PATTERN_IFw1440q010_AEw1080q990,Point,2,3,289
Calm_2019_2019-05-12_2019-05-24,Calm_2019,DWELL_PATTERN_IFw1440q010_AEw336q950,Compound,0,0,289
Calm_2019_2019-05-12_2019-05-24,Calm_2019,DWELL_PATTERN_IFw1440q010_AEw336q950,Pattern,2,4,289
Calm_2019_2019-05-12_2019-05-24,Calm_2019,DWELL_PATTERN_IFw1440q010_AEw336q950,Point,2,3,289
Calm_2019_2019-05-12_2019-05-24,Calm_2019,DWELL_PATTERN_IFw1440q010_AEw336q975,Compound,0,0,289
Calm_2019_2019-05-12_2019-05-24,Calm_2019,DWELL_PATTERN_IFw1440q010_AEw336q975,Pattern,0,4,289
Calm_2019_2019-05-12_2019-05-24,Calm_2019,DWELL_PATTERN_IFw1440q010_AEw336q975,Point,2,3,289
Calm_2019_2019-05-12_2019-05-24,Calm_2019,DWELL_PATTERN_IFw1440q010_AEw336q990,Compound,0,0,289
Calm_2019_2019-05-12_2019-05-24,Calm_2019,DWELL_PATTERN_IFw1440q010_AEw336q990,Pattern,0,4,289
Calm_2019_2019-05-12_2019-05-24,Calm_2019,DWELL_PATTERN_IFw1440q010_AEw336q990,Point,2,3,289
Calm_2019_2019-05-12_2019-05-24,Calm_2019,DWELL_PATTERN_IFw1440q010_AEw720q950,Compound,0,0,289
Calm_2019_2019-05-12_2019-05-24,Calm_2019,DWELL_PATTERN_IFw1440q010_AEw720q950,Pattern,1,4,289
Calm_2019_2019-05-12_2019-05-24,Calm_2019,DWELL_PATTERN_IFw1440q010_AEw720q950,Point,2,3,289
Calm_2019_2019-05-12_2019-05-24,Calm_2019,DWELL_PATTERN_IFw1440q010_AEw720q975,Compound,0,0,289
Calm_2019_2019-05-12_2019-05-24,Calm_2019,DWELL_PATTERN_IFw1440q010_AEw720q975,Pattern,0,4,289
Calm_2019_2019-05-12_2019-05-24,Calm_2019,DWELL_PATTERN_IFw1440q010_AEw720q975,Point,2,3,289
Calm_2019_2019-05-12_2019-05-24,Calm_2019,DWELL_PATTERN_IFw1440q010_AEw720q990,Compound,0,0,289
Calm_2019_2019-05-12_2019-05-24,Calm_2019,DWELL_PATTERN_IFw1440q010_AEw720q990,Pattern,0,4,289
Calm_2019_2019-05-12_2019-05-24,Calm_2019,DWELL_PATTERN_IFw1440q010_AEw720q990,Point,2,3,289
Calm_2019_2019-05-12_2019-05-24,Calm_2019,DWELL_PATTERN_IFw1440q030_AEw1080q950,Compound,0,0,289
Calm_2019_2019-05-12_2019-05-24,Calm_2019,DWELL_PATTERN_IFw1440q030_AEw1080q950,Pattern,2,4,289
Calm_2019_2019-05-12_2019-05-24,Calm_2019,DWELL_PATTERN_IFw1440q030_AEw1080q950,Point,6,3,289
Calm_2019_2019-05-12_2019-05-24,Calm_2019,DWELL_PATTERN_IFw1440q030_AEw1080q975,Compound,0,0,289
Calm_2019_2019-05-12_2019-05-24,Calm_2019,DWELL_PATTERN_IFw1440q030_AEw1080q975,Pattern,0,4,289
Calm_2019_2019-05-12_2019-05-24,Calm_2019,DWELL_PATTERN_IFw1440q030_AEw1080q975,Point,6,3,289
Calm_2019_2019-05-12_2019-05-24,Calm_2019,DWELL_PATTERN_IFw1440q030_AEw1080q990,Compound,0,0,289
Calm_2019_2019-05-12_2019-05-24,Calm_2019,DWELL_PATTERN_IFw1440q030_AEw1080q990,Pattern,0,4,289
Calm_2019_2019-05-12_2019-05-24,Calm_2019,DWELL_PATTERN_IFw1440q030_AEw1080q990,Point,6,3,289
Calm_2019_2019-05-12_2019-05-24,Calm_2019,DWELL_PATTERN_IFw1440q030_AEw336q950,Compound,0,0,289
Calm_2019_2019-05-12_2019-05-24,Calm_2019,DWELL_PATTERN_IFw1440q030_AEw336q950,Pattern,2,4,289
Calm_2019_2019-05-12_2019-05-24,Calm_2019,DWELL_PATTERN_IFw1440q030_AEw336q950,Point,6,3,289
Calm_2019_2019-05-12_2019-05-24,Calm_2019,DWELL_PATTERN_IFw1440q030_AEw336q975,Compound,0,0,289
Calm_2019_2019-05-12_2019-05-24,Calm_2019,DWELL_PATTERN_IFw1440q030_AEw336q975,Pattern,0,4,289
Calm_2019_2019-05-12_2019-05-24,Calm_2019,DWELL_PATTERN_IFw1440q030_AEw336q975,Point,6,3,289
Calm_2019_2019-05-12_2019-05-24,Calm_2019,DWELL_PATTERN_IFw1440q030_AEw336q990,Compound,0,0,289
Calm_2019_2019-05-12_2019-05-24,Calm_2019,DWELL_PATTERN_IFw1440q030_AEw336q990,Pattern,0,4,289
Calm_2019_2019-05-12_2019-05-24,Calm_2019,DWELL_PATTERN_IFw1440q030_AEw336q990,Point,6,3,289
Calm_2019_2019-05-12_2019-05-24,Calm_2019,DWELL_PATTERN_IFw1440q030_AEw720q950,Compound,0,0,289
Calm_2019_2019-05-12_2019-05-24,Calm_2019,DWELL_PATTERN_IFw1440q030_AEw720q950,Pattern,1,4,289
Calm_2019_2019-05-12_2019-05-24,Calm_2019,DWELL_PATTERN_IFw1440q030_AEw720q950,Point,6,3,289
Calm_2019_2019-05-12_2019-05-24,Calm_2019,DWELL_PATTERN_IFw1440q030_AEw720q975,Compound,0,0,289
Calm_2019_2019-05-12_2019-05-24,Calm_2019,DWELL_PATTERN_IFw1440q030_AEw720q975,Pattern,0,4,289
Calm_2019_2019-05-12_2019-05-24,Calm_2019,DWELL_PATTERN_IFw1440q030_AEw720q975,Point,6,3,289
Calm_2019_2019-05-12_2019-05-24,Calm_2019,DWELL_PATTERN_IFw1440q030_AEw720q990,Compound,0,0,289
Calm_2019_2019-05-12_2019-05-24,Calm_2019,DWELL_PATTERN_IFw1440q030_AEw720q990,Pattern,0,4,289
Calm_2019_2019-05-12_2019-05-24,Calm_2019,DWELL_PATTERN_IFw1440q030_AEw720q990,Point,6,3,289
Calm_2019_2019-05-12_2019-05-24,Calm_2019,DWELL_PATTERN_IFw336q010_AEw1080q950,Compound,0,0,289
Calm_2019_2019-05-12_2019-05-24,Calm_2019,DWELL_PATTERN_IFw336q010_AEw1080q950,Pattern,2,4,289
Calm_2019_2019-05-12_2019-05-24,Calm_2019,DWELL_PATTERN_IFw336q010_AEw1080q950,Point,2,3,289
Calm_2019_2019-05-12_2019-05-24,Calm_2019,DWELL_PATTERN_IFw336q010_AEw1080q975,Compound,0,0,289
Calm_2019_2019-05-12_2019-05-24,Calm_2019,DWELL_PATTERN_IFw336q010_AEw1080q975,Pattern,0,4,289
Calm_2019_2019-05-12_2019-05-24,Calm_2019,DWELL_PATTERN_IFw336q010_AEw1080q975,Point,2,3,289
Calm_2019_2019-05-12_2019-05-24,Calm_2019,DWELL_PATTERN_IFw336q010_AEw1080q990,Compound,0,0,289
Calm_2019_2019-05-12_2019-05-24,Calm_2019,DWELL_PATTERN_IFw336q010_AEw1080q990,Pattern,0,4,289
Calm_2019_2019-05-12_2019-05-24,Calm_2019,DWELL_PATTERN_IFw336q010_AEw1080q990,Point,2,3,289
Calm_2019_2019-05-12_2019-05-24,Calm_2019,DWELL_PATTERN_IFw336q010_AEw336q950,Compound,0,0,289
Calm_2019_2019-05-12_2019-05-24,Calm_2019,DWELL_PATTERN_IFw336q010_AEw336q950,Pattern,2,4,289
Calm_2019_2019-05-12_2019-05-24,Calm_2019,DWELL_PATTERN_IFw336q010_AEw336q950,Point,2,3,289
Calm_2019_2019-05-12_2019-05-24,Calm_2019,DWELL_PATTERN_IFw336q010_AEw336q975,Compound,0,0,289
Calm_2019_2019-05-12_2019-05-24,Calm_2019,DWELL_PATTERN_IFw336q010_AEw336q975,Pattern,0,4,289
Calm_2019_2019-05-12_2019-05-24,Calm_2019,DWELL_PATTERN_IFw336q010_AEw336q975,Point,2,3,289
Calm_2019_2019-05-12_2019-05-24,Calm_2019,DWELL_PATTERN_IFw336q010_AEw336q990,Compound,0,0,289
Calm_2019_2019-05-12_2019-05-24,Calm_2019,DWELL_PATTERN_IFw336q010_AEw336q990,Pattern,0,4,289
Calm_2019_2019-05-12_2019-05-24,Calm_2019,DWELL_PATTERN_IFw336q010_AEw336q990,Point,2,3,289
Calm_2019_2019-05-12_2019-05-24,Calm_2019,DWELL_PATTERN_IFw336q010_AEw720q950,Compound,0,0,289
Calm_2019_2019-05-12_2019-05-24,Calm_2019,DWELL_PATTERN_IFw336q010_AEw720q950,Pattern,1,4,289
Calm_2019_2019-05-12_2019-05-24,Calm_2019,DWELL_PATTERN_IFw336q010_AEw720q950,Point,2,3,289
Calm_2019_2019-05-12_2019-05-24,Calm_2019,DWELL_PATTERN_IFw336q010_AEw720q975,Compound,0,0,289
Calm_2019_2019-05-12_2019-05-24,Calm_2019,DWELL_PATTERN_IFw336q010_AEw720q975,Pattern,0,4,289
Calm_2019_2019-05-12_2019-05-24,Calm_2019,DWELL_PATTERN_IFw336q010_AEw720q975,Point,2,3,289
Calm_2019_2019-05-12_2019-05-24,Calm_2019,DWELL_PATTERN_IFw336q010_AEw720q990,Compound,0,0,289
Calm_2019_2019-05-12_2019-05-24,Calm_2019,DWELL_PATTERN_IFw336q010_AEw720q990,Pattern,0,4,289
Calm_2019_2019-05-12_2019-05-24,Calm_2019,DWELL_PATTERN_IFw336q010_AEw720q990,Point,2,3,289
Calm_2019_2019-05-12_2019-05-24,Calm_2019,DWELL_PATTERN_IFw336q030_AEw1080q950,Compound,0,0,289
Calm_2019_2019-05-12_2019-05-24,Calm_2019,DWELL_PATTERN_IFw336q030_AEw1080q950,Pattern,2,4,289
Calm_2019_2019-05-12_2019-05-24,Calm_2019,DWELL_PATTERN_IFw336q030_AEw1080q950,Point,3,3,289
Calm_2019_2019-05-12_2019-05-24,Calm_2019,DWELL_PATTERN_IFw336q030_AEw1080q975,Compound,0,0,289
Calm_2019_2019-05-12_2019-05-24,Calm_2019,DWELL_PATTERN_IFw336q030_AEw1080q975,Pattern,0,4,289
Calm_2019_2019-05-12_2019-05-24,Calm_2019,DWELL_PATTERN_IFw336q030_AEw1080q975,Point,3,3,289
Calm_2019_2019-05-12_2019-05-24,Calm_2019,DWELL_PATTERN_IFw336q030_AEw1080q990,Compound,0,0,289
Calm_2019_2019-05-12_2019-05-24,Calm_2019,DWELL_PATTERN_IFw336q030_AEw1080q990,Pattern,0,4,289
Calm_2019_2019-05-12_2019-05-24,Calm_2019,DWELL_PATTERN_IFw336q030_AEw1080q990,Point,3,3,289
Calm_2019_2019-05-12_2019-05-24,Calm_2019,DWELL_PATTERN_IFw336q030_AEw336q950,Compound,0,0,289
Calm_2019_2019-05-12_2019-05-24,Calm_2019,DWELL_PATTERN_IFw336q030_AEw336q950,Pattern,2,4,289
Calm_2019_2019-05-12_2019-05-24,Calm_2019,DWELL_PATTERN_IFw336q030_AEw336q950,Point,3,3,289
Calm_2019_2019-05-12_2019-05-24,Calm_2019,DWELL_PATTERN_IFw336q030_AEw336q975,Compound,0,0,289
Calm_2019_2019-05-12_2019-05-24,Calm_2019,DWELL_PATTERN_IFw336q030_AEw336q975,Pattern,0,4,289
Calm_2019_2019-05-12_2019-05-24,Calm_2019,DWELL_PATTERN_IFw336q030_AEw336q975,Point,3,3,289
Calm_2019_2019-05-12_2019-05-24,Calm_2019,DWELL_PATTERN_IFw336q030_AEw336q990,Compound,0,0,289
Calm_2019_2019-05-12_2019-05-24,Calm_2019,DWELL_PATTERN_IFw336q030_AEw336q990,Pattern,0,4,289
Calm_2019_2019-05-12_2019-05-24,Calm_2019,DWELL_PATTERN_IFw336q030_AEw336q990,Point,3,3,289
Calm_2019_2019-05-12_2019-05-24,Calm_2019,DWELL_PATTERN_IFw336q030_AEw720q950,Compound,0,0,289
Calm_2019_2019-05-12_2019-05-24,Calm_2019,DWELL_PATTERN_IFw336q030_AEw720q950,Pattern,1,4,289
Calm_2019_2019-05-12_2019-05-24,Calm_2019,DWELL_PATTERN_IFw336q030_AEw720q950,Point,3,3,289
Calm_2019_2019-05-12_2019-05-24,Calm_2019,DWELL_PATTERN_IFw336q030_AEw720q975,Compound,0,0,289
Calm_2019_2019-05-12_2019-05-24,Calm_2019,DWELL_PATTERN_IFw336q030_AEw720q975,Pattern,0,4,289
Calm_2019_2019-05-12_2019-05-24,Calm_2019,DWELL_PATTERN_IFw336q030_AEw720q975,Point,3,3,289
Calm_2019_2019-05-12_2019-05-24,Calm_2019,DWELL_PATTERN_IFw336q030_AEw720q990,Compound,0,0,289
Calm_2019_2019-05-12_2019-05-24,Calm_2019,DWELL_PATTERN_IFw336q030_AEw720q990,Pattern,0,4,289
Calm_2019_2019-05-12_2019-05-24,Calm_2019,DWELL_PATTERN_IFw336q030_AEw720q990,Point,3,3,289
Calm_2019_2019-05-12_2019-05-24,Calm_2019,DWELL_PATTERN_IFw720q010_AEw1080q950,Compound,0,0,289
Calm_2019_2019-05-12_2019-05-24,Calm_2019,DWELL_PATTERN_IFw720q010_AEw1080q950,Pattern,2,4,289
Calm_2019_2019-05-12_2019-05-24,Calm_2019,DWELL_PATTERN_IFw720q010_AEw1080q950,Point,2,3,289
Calm_2019_2019-05-12_2019-05-24,Calm_2019,DWELL_PATTERN_IFw720q010_AEw1080q975,Compound,0,0,289
Calm_2019_2019-05-12_2019-05-24,Calm_2019,DWELL_PATTERN_IFw720q010_AEw1080q975,Pattern,0,4,289
Calm_2019_2019-05-12_2019-05-24,Calm_2019,DWELL_PATTERN_IFw720q010_AEw1080q975,Point,2,3,289
Calm_2019_2019-05-12_2019-05-24,Calm_2019,DWELL_PATTERN_IFw720q010_AEw1080q990,Compound,0,0,289
Calm_2019_2019-05-12_2019-05-24,Calm_2019,DWELL_PATTERN_IFw720q010_AEw1080q990,Pattern,0,4,289
Calm_2019_2019-05-12_2019-05-24,Calm_2019,DWELL_PATTERN_IFw720q010_AEw1080q990,Point,2,3,289
Calm_2019_2019-05-12_2019-05-24,Calm_2019,DWELL_PATTERN_IFw720q010_AEw336q950,Compound,0,0,289
Calm_2019_2019-05-12_2019-05-24,Calm_2019,DWELL_PATTERN_IFw720q010_AEw336q950,Pattern,2,4,289
Calm_2019_2019-05-12_2019-05-24,Calm_2019,DWELL_PATTERN_IFw720q010_AEw336q950,Point,2,3,289
Calm_2019_2019-05-12_2019-05-24,Calm_2019,DWELL_PATTERN_IFw720q010_AEw336q975,Compound,0,0,289
Calm_2019_2019-05-12_2019-05-24,Calm_2019,DWELL_PATTERN_IFw720q010_AEw336q975,Pattern,0,4,289
Calm_2019_2019-05-12_2019-05-24,Calm_2019,DWELL_PATTERN_IFw720q010_AEw336q975,Point,2,3,289
Calm_2019_2019-05-12_2019-05-24,Calm_2019,DWELL_PATTERN_IFw720q010_AEw336q990,Compound,0,0,289
Calm_2019_2019-05-12_2019-05-24,Calm_2019,DWELL_PATTERN_IFw720q010_AEw336q990,Pattern,0,4,289
Calm_2019_2019-05-12_2019-05-24,Calm_2019,DWELL_PATTERN_IFw720q010_AEw336q990,Point,2,3,289
Calm_2019_2019-05-12_2019-05-24,Calm_2019,DWELL_PATTERN_IFw720q010_AEw720q950,Compound,0,0,289
Calm_2019_2019-05-12_2019-05-24,Calm_2019,DWELL_PATTERN_IFw720q010_AEw720q950,Pattern,1,4,289
Calm_2019_2019-05-12_2019-05-24,Calm_2019,DWELL_PATTERN_IFw720q010_AEw720q950,Point,2,3,289
Calm_2019_2019-05-12_2019-05-24,Calm_2019,DWELL_PATTERN_IFw720q010_AEw720q975,Compound,0,0,289
Calm_2019_2019-05-12_2019-05-24,Calm_2019,DWELL_PATTERN_IFw720q010_AEw720q975,Pattern,0,4,289
Calm_2019_2019-05-12_2019-05-24,Calm_2019,DWELL_PATTERN_IFw720q010_AEw720q975,Point,2,3,289
Calm_2019_2019-05-12_2019-05-24,Calm_2019,DWELL_PATTERN_IFw720q010_AEw720q990,Compound,0,0,289
Calm_2019_2019-05-12_2019-05-24,Calm_2019,DWELL_PATTERN_IFw720q010_AEw720q990,Pattern,0,4,289
Calm_2019_2019-05-12_2019-05-24,Calm_2019,DWELL_PATTERN_IFw720q010_AEw720q990,Point,2,3,289
Calm_2019_2019-05-12_2019-05-24,Calm_2019,DWELL_PATTERN_IFw720q030_AEw1080q950,Compound,0,0,289
Calm_2019_2019-05-12_2019-05-24,Calm_2019,DWELL_PATTERN_IFw720q030_AEw1080q950,Pattern,2,4,289
Calm_2019_2019-05-12_2019-05-24,Calm_2019,DWELL_PATTERN_IFw720q030_AEw1080q950,Point,5,3,289
Calm_2019_2019-05-12_2019-05-24,Calm_2019,DWELL_PATTERN_IFw720q030_AEw1080q975,Compound,0,0,289
Calm_2019_2019-05-12_2019-05-24,Calm_2019,DWELL_PATTERN_IFw720q030_AEw1080q975,Pattern,0,4,289
Calm_2019_2019-05-12_2019-05-24,Calm_2019,DWELL_PATTERN_IFw720q030_AEw1080q975,Point,5,3,289
Calm_2019_2019-05-12_2019-05-24,Calm_2019,DWELL_PATTERN_IFw720q030_AEw1080q990,Compound,0,0,289
Calm_2019_2019-05-12_2019-05-24,Calm_2019,DWELL_PATTERN_IFw720q030_AEw1080q990,Pattern,0,4,289
Calm_2019_2019-05-12_2019-05-24,Calm_2019,DWELL_PATTERN_IFw720q030_AEw1080q990,Point,5,3,289
Calm_2019_2019-05-12_2019-05-24,Calm_2019,DWELL_PATTERN_IFw720q030_AEw336q950,Compound,0,0,289
Calm_2019_2019-05-12_2019-05-24,Calm_2019,DWELL_PATTERN_IFw720q030_AEw336q950,Pattern,2,4,289
Calm_2019_2019-05-12_2019-05-24,Calm_2019,DWELL_PATTERN_IFw720q030_AEw336q950,Point,5,3,289
Calm_2019_2019-05-12_2019-05-24,Calm_2019,DWELL_PATTERN_IFw720q030_AEw336q975,Compound,0,0,289
Calm_2019_2019-05-12_2019-05-24,Calm_2019,DWELL_PATTERN_IFw720q030_AEw336q975,Pattern,0,4,289
Calm_2019_2019-05-12_2019-05-24,Calm_2019,DWELL_PATTERN_IFw720q030_AEw336q975,Point,5,3,289
Calm_2019_2019-05-12_2019-05-24,Calm_2019,DWELL_PATTERN_IFw720q030_AEw336q990,Compound,0,0,289
Calm_2019_2019-05-12_2019-05-24,Calm_2019,DWELL_PATTERN_IFw720q030_AEw336q990,Pattern,0,4,289
Calm_2019_2019-05-12_2019-05-24,Calm_2019,DWELL_PATTERN_IFw720q030_AEw336q990,Point,5,3,289
Calm_2019_2019-05-12_2019-05-24,Calm_2019,DWELL_PATTERN_IFw720q030_AEw720q950,Compound,0,0,289
Calm_2019_2019-05-12_2019-05-24,Calm_2019,DWELL_PATTERN_IFw720q030_AEw720q950,Pattern,1,4,289
Calm_2019_2019-05-12_2019-05-24,Calm_2019,DWELL_PATTERN_IFw720q030_AEw720q950,Point,5,3,289
Calm_2019_2019-05-12_2019-05-24,Calm_2019,DWELL_PATTERN_IFw720q030_AEw720q975,Compound,0,0,289
Calm_2019_2019-05-12_2019-05-24,Calm_2019,DWELL_PATTERN_IFw720q030_AEw720q975,Pattern,0,4,289
Calm_2019_2019-05-12_2019-05-24,Calm_2019,DWELL_PATTERN_IFw720q030_AEw720q975,Point,5,3,289
Calm_2019_2019-05-12_2019-05-24,Calm_2019,DWELL_PATTERN_IFw720q030_AEw720q990,Compound,0,0,289
Calm_2019_2019-05-12_2019-05-24,Calm_2019,DWELL_PATTERN_IFw720q030_AEw720q990,Pattern,0,4,289
Calm_2019_2019-05-12_2019-05-24,Calm_2019,DWELL_PATTERN_IFw720q030_AEw720q990,Point,5,3,289
Calm_2019_2019-05-12_2019-05-24,Calm_2019,adaptive_IFw1080q010_AEw1080q950,Compound,0,0,289
Calm_2019_2019-05-12_2019-05-24,Calm_2019,adaptive_IFw1080q010_AEw1080q950,Pattern,6,4,289
Calm_2019_2019-05-12_2019-05-24,Calm_2019,adaptive_IFw1080q010_AEw1080q950,Point,1,3,289
Calm_2019_2019-05-12_2019-05-24,Calm_2019,adaptive_IFw1080q010_AEw1080q975,Compound,0,0,289
Calm_2019_2019-05-12_2019-05-24,Calm_2019,adaptive_IFw1080q010_AEw1080q975,Pattern,1,4,289
Calm_2019_2019-05-12_2019-05-24,Calm_2019,adaptive_IFw1080q010_AEw1080q975,Point,1,3,289
Calm_2019_2019-05-12_2019-05-24,Calm_2019,adaptive_IFw1080q010_AEw1080q990,Compound,0,0,289
Calm_2019_2019-05-12_2019-05-24,Calm_2019,adaptive_IFw1080q010_AEw1080q990,Pattern,0,4,289
Calm_2019_2019-05-12_2019-05-24,Calm_2019,adaptive_IFw1080q010_AEw1080q990,Point,1,3,289
Calm_2019_2019-05-12_2019-05-24,Calm_2019,adaptive_IFw1080q010_AEw336q950,Compound,0,0,289
Calm_2019_2019-05-12_2019-05-24,Calm_2019,adaptive_IFw1080q010_AEw336q950,Pattern,4,4,289
Calm_2019_2019-05-12_2019-05-24,Calm_2019,adaptive_IFw1080q010_AEw336q950,Point,1,3,289
Calm_2019_2019-05-12_2019-05-24,Calm_2019,adaptive_IFw1080q010_AEw336q975,Compound,0,0,289
Calm_2019_2019-05-12_2019-05-24,Calm_2019,adaptive_IFw1080q010_AEw336q975,Pattern,0,4,289
Calm_2019_2019-05-12_2019-05-24,Calm_2019,adaptive_IFw1080q010_AEw336q975,Point,1,3,289
Calm_2019_2019-05-12_2019-05-24,Calm_2019,adaptive_IFw1080q010_AEw336q990,Compound,0,0,289
Calm_2019_2019-05-12_2019-05-24,Calm_2019,adaptive_IFw1080q010_AEw336q990,Pattern,0,4,289
Calm_2019_2019-05-12_2019-05-24,Calm_2019,adaptive_IFw1080q010_AEw336q990,Point,1,3,289
Calm_2019_2019-05-12_2019-05-24,Calm_2019,adaptive_IFw1080q010_AEw720q950,Compound,0,0,289
Calm_2019_2019-05-12_2019-05-24,Calm_2019,adaptive_IFw1080q010_AEw720q950,Pattern,3,4,289
Calm_2019_2019-05-12_2019-05-24,Calm_2019,adaptive_IFw1080q010_AEw720q950,Point,1,3,289
Calm_2019_2019-05-12_2019-05-24,Calm_2019,adaptive_IFw1080q010_AEw720q975,Compound,0,0,289
Calm_2019_2019-05-12_2019-05-24,Calm_2019,adaptive_IFw1080q010_AEw720q975,Pattern,0,4,289
Calm_2019_2019-05-12_2019-05-24,Calm_2019,adaptive_IFw1080q010_AEw720q975,Point,1,3,289
Calm_2019_2019-05-12_2019-05-24,Calm_2019,adaptive_IFw1080q010_AEw720q990,Compound,0,0,289
Calm_2019_2019-05-12_2019-05-24,Calm_2019,adaptive_IFw1080q010_AEw720q990,Pattern,0,4,289
Calm_2019_2019-05-12_2019-05-24,Calm_2019,adaptive_IFw1080q010_AEw720q990,Point,1,3,289
Calm_2019_2019-05-12_2019-05-24,Calm_2019,adaptive_IFw1080q030_AEw1080q950,Compound,0,0,289
Calm_2019_2019-05-12_2019-05-24,Calm_2019,adaptive_IFw1080q030_AEw1080q950,Pattern,6,4,289
Calm_2019_2019-05-12_2019-05-24,Calm_2019,adaptive_IFw1080q030_AEw1080q950,Point,7,3,289
Calm_2019_2019-05-12_2019-05-24,Calm_2019,adaptive_IFw1080q030_AEw1080q975,Compound,0,0,289
Calm_2019_2019-05-12_2019-05-24,Calm_2019,adaptive_IFw1080q030_AEw1080q975,Pattern,1,4,289
Calm_2019_2019-05-12_2019-05-24,Calm_2019,adaptive_IFw1080q030_AEw1080q975,Point,7,3,289
Calm_2019_2019-05-12_2019-05-24,Calm_2019,adaptive_IFw1080q030_AEw1080q990,Compound,0,0,289
Calm_2019_2019-05-12_2019-05-24,Calm_2019,adaptive_IFw1080q030_AEw1080q990,Pattern,0,4,289
Calm_2019_2019-05-12_2019-05-24,Calm_2019,adaptive_IFw1080q030_AEw1080q990,Point,7,3,289
Calm_2019_2019-05-12_2019-05-24,Calm_2019,adaptive_IFw1080q030_AEw336q950,Compound,0,0,289
Calm_2019_2019-05-12_2019-05-24,Calm_2019,adaptive_IFw1080q030_AEw336q950,Pattern,4,4,289
Calm_2019_2019-05-12_2019-05-24,Calm_2019,adaptive_IFw1080q030_AEw336q950,Point,7,3,289
Calm_2019_2019-05-12_2019-05-24,Calm_2019,adaptive_IFw1080q030_AEw336q975,Compound,0,0,289
Calm_2019_2019-05-12_2019-05-24,Calm_2019,adaptive_IFw1080q030_AEw336q975,Pattern,0,4,289
Calm_2019_2019-05-12_2019-05-24,Calm_2019,adaptive_IFw1080q030_AEw336q975,Point,7,3,289
Calm_2019_2019-05-12_2019-05-24,Calm_2019,adaptive_IFw1080q030_AEw336q990,Compound,0,0,289
Calm_2019_2019-05-12_2019-05-24,Calm_2019,adaptive_IFw1080q030_AEw336q990,Pattern,0,4,289
Calm_2019_2019-05-12_2019-05-24,Calm_2019,adaptive_IFw1080q030_AEw336q990,Point,7,3,289
Calm_2019_2019-05-12_2019-05-24,Calm_2019,adaptive_IFw1080q030_AEw720q950,Compound,0,0,289
Calm_2019_2019-05-12_2019-05-24,Calm_2019,adaptive_IFw1080q030_AEw720q950,Pattern,3,4,289
Calm_2019_2019-05-12_2019-05-24,Calm_2019,adaptive_IFw1080q030_AEw720q950,Point,7,3,289
Calm_2019_2019-05-12_2019-05-24,Calm_2019,adaptive_IFw1080q030_AEw720q975,Compound,0,0,289
Calm_2019_2019-05-12_2019-05-24,Calm_2019,adaptive_IFw1080q030_AEw720q975,Pattern,0,4,289
Calm_2019_2019-05-12_2019-05-24,Calm_2019,adaptive_IFw1080q030_AEw720q975,Point,7,3,289
Calm_2019_2019-05-12_2019-05-24,Calm_2019,adaptive_IFw1080q030_AEw720q990,Compound,0,0,289
Calm_2019_2019-05-12_2019-05-24,Calm_2019,adaptive_IFw1080q030_AEw720q990,Pattern,0,4,289
Calm_2019_2019-05-12_2019-05-24,Calm_2019,adaptive_IFw1080q030_AEw720q990,Point,7,3,289
Calm_2019_2019-05-12_2019-05-24,Calm_2019,adaptive_IFw1440q010_AEw1080q950,Compound,0,0,289
Calm_2019_2019-05-12_2019-05-24,Calm_2019,adaptive_IFw1440q010_AEw1080q950,Pattern,6,4,289
Calm_2019_2019-05-12_2019-05-24,Calm_2019,adaptive_IFw1440q010_AEw1080q950,Point,2,3,289
Calm_2019_2019-05-12_2019-05-24,Calm_2019,adaptive_IFw1440q010_AEw1080q975,Compound,0,0,289
Calm_2019_2019-05-12_2019-05-24,Calm_2019,adaptive_IFw1440q010_AEw1080q975,Pattern,1,4,289
Calm_2019_2019-05-12_2019-05-24,Calm_2019,adaptive_IFw1440q010_AEw1080q975,Point,2,3,289
Calm_2019_2019-05-12_2019-05-24,Calm_2019,adaptive_IFw1440q010_AEw1080q990,Compound,0,0,289
Calm_2019_2019-05-12_2019-05-24,Calm_2019,adaptive_IFw1440q010_AEw1080q990,Pattern,0,4,289
Calm_2019_2019-05-12_2019-05-24,Calm_2019,adaptive_IFw1440q010_AEw1080q990,Point,2,3,289
Calm_2019_2019-05-12_2019-05-24,Calm_2019,adaptive_IFw1440q010_AEw336q950,Compound,0,0,289
Calm_2019_2019-05-12_2019-05-24,Calm_2019,adaptive_IFw1440q010_AEw336q950,Pattern,4,4,289
Calm_2019_2019-05-12_2019-05-24,Calm_2019,adaptive_IFw1440q010_AEw336q950,Point,2,3,289
Calm_2019_2019-05-12_2019-05-24,Calm_2019,adaptive_IFw1440q010_AEw336q975,Compound,0,0,289
Calm_2019_2019-05-12_2019-05-24,Calm_2019,adaptive_IFw1440q010_AEw336q975,Pattern,0,4,289
Calm_2019_2019-05-12_2019-05-24,Calm_2019,adaptive_IFw1440q010_AEw336q975,Point,2,3,289
Calm_2019_2019-05-12_2019-05-24,Calm_2019,adaptive_IFw1440q010_AEw336q990,Compound,0,0,289
Calm_2019_2019-05-12_2019-05-24,Calm_2019,adaptive_IFw1440q010_AEw336q990,Pattern,0,4,289
Calm_2019_2019-05-12_2019-05-24,Calm_2019,adaptive_IFw1440q010_AEw336q990,Point,2,3,289
Calm_2019_2019-05-12_2019-05-24,Calm_2019,adaptive_IFw1440q010_AEw720q950,Compound,0,0,289
Calm_2019_2019-05-12_2019-05-24,Calm_2019,adaptive_IFw1440q010_AEw720q950,Pattern,3,4,289
Calm_2019_2019-05-12_2019-05-24,Calm_2019,adaptive_IFw1440q010_AEw720q950,Point,2,3,289
Calm_2019_2019-05-12_2019-05-24,Calm_2019,adaptive_IFw1440q010_AEw720q975,Compound,0,0,289
Calm_2019_2019-05-12_2019-05-24,Calm_2019,adaptive_IFw1440q010_AEw720q975,Pattern,0,4,289
Calm_2019_2019-05-12_2019-05-24,Calm_2019,adaptive_IFw1440q010_AEw720q975,Point,2,3,289
Calm_2019_2019-05-12_2019-05-24,Calm_2019,adaptive_IFw1440q010_AEw720q990,Compound,0,0,289
Calm_2019_2019-05-12_2019-05-24,Calm_2019,adaptive_IFw1440q010_AEw720q990,Pattern,0,4,289
Calm_2019_2019-05-12_2019-05-24,Calm_2019,adaptive_IFw1440q010_AEw720q990,Point,2,3,289
Calm_2019_2019-05-12_2019-05-24,Calm_2019,adaptive_IFw1440q030_AEw1080q950,Compound,0,0,289
Calm_2019_2019-05-12_2019-05-24,Calm_2019,adaptive_IFw1440q030_AEw1080q950,Pattern,6,4,289
Calm_2019_2019-05-12_2019-05-24,Calm_2019,adaptive_IFw1440q030_AEw1080q950,Point,8,3,289
Calm_2019_2019-05-12_2019-05-24,Calm_2019,adaptive_IFw1440q030_AEw1080q975,Compound,0,0,289
Calm_2019_2019-05-12_2019-05-24,Calm_2019,adaptive_IFw1440q030_AEw1080q975,Pattern,1,4,289
Calm_2019_2019-05-12_2019-05-24,Calm_2019,adaptive_IFw1440q030_AEw1080q975,Point,8,3,289
Calm_2019_2019-05-12_2019-05-24,Calm_2019,adaptive_IFw1440q030_AEw1080q990,Compound,0,0,289
Calm_2019_2019-05-12_2019-05-24,Calm_2019,adaptive_IFw1440q030_AEw1080q990,Pattern,0,4,289
Calm_2019_2019-05-12_2019-05-24,Calm_2019,adaptive_IFw1440q030_AEw1080q990,Point,8,3,289
Calm_2019_2019-05-12_2019-05-24,Calm_2019,adaptive_IFw1440q030_AEw336q950,Compound,0,0,289
Calm_2019_2019-05-12_2019-05-24,Calm_2019,adaptive_IFw1440q030_AEw336q950,Pattern,4,4,289
Calm_2019_2019-05-12_2019-05-24,Calm_2019,adaptive_IFw1440q030_AEw336q950,Point,8,3,289
Calm_2019_2019-05-12_2019-05-24,Calm_2019,adaptive_IFw1440q030_AEw336q975,Compound,0,0,289
Calm_2019_2019-05-12_2019-05-24,Calm_2019,adaptive_IFw1440q030_AEw336q975,Pattern,0,4,289
Calm_2019_2019-05-12_2019-05-24,Calm_2019,adaptive_IFw1440q030_AEw336q975,Point,8,3,289
Calm_2019_2019-05-12_2019-05-24,Calm_2019,adaptive_IFw1440q030_AEw336q990,Compound,0,0,289
Calm_2019_2019-05-12_2019-05-24,Calm_2019,adaptive_IFw1440q030_AEw336q990,Pattern,0,4,289
Calm_2019_2019-05-12_2019-05-24,Calm_2019,adaptive_IFw1440q030_AEw336q990,Point,8,3,289
Calm_2019_2019-05-12_2019-05-24,Calm_2019,adaptive_IFw1440q030_AEw720q950,Compound,0,0,289
Calm_2019_2019-05-12_2019-05-24,Calm_2019,adaptive_IFw1440q030_AEw720q950,Pattern,3,4,289
Calm_2019_2019-05-12_2019-05-24,Calm_2019,adaptive_IFw1440q030_AEw720q950,Point,8,3,289
Calm_2019_2019-05-12_2019-05-24,Calm_2019,adaptive_IFw1440q030_AEw720q975,Compound,0,0,289
Calm_2019_2019-05-12_2019-05-24,Calm_2019,adaptive_IFw1440q030_AEw720q975,Pattern,0,4,289
Calm_2019_2019-05-12_2019-05-24,Calm_2019,adaptive_IFw1440q030_AEw720q975,Point,8,3,289
Calm_2019_2019-05-12_2019-05-24,Calm_2019,adaptive_IFw1440q030_AEw720q990,Compound,0,0,289
Calm_2019_2019-05-12_2019-05-24,Calm_2019,adaptive_IFw1440q030_AEw720q990,Pattern,0,4,289
Calm_2019_2019-05-12_2019-05-24,Calm_2019,adaptive_IFw1440q030_AEw720q990,Point,8,3,289
Calm_2019_2019-05-12_2019-05-24,Calm_2019,adaptive_IFw336q010_AEw1080q950,Compound,0,0,289
Calm_2019_2019-05-12_2019-05-24,Calm_2019,adaptive_IFw336q010_AEw1080q950,Pattern,6,4,289
Calm_2019_2019-05-12_2019-05-24,Calm_2019,adaptive_IFw336q010_AEw1080q950,Point,2,3,289
Calm_2019_2019-05-12_2019-05-24,Calm_2019,adaptive_IFw336q010_AEw1080q975,Compound,0,0,289
Calm_2019_2019-05-12_2019-05-24,Calm_2019,adaptive_IFw336q010_AEw1080q975,Pattern,1,4,289
Calm_2019_2019-05-12_2019-05-24,Calm_2019,adaptive_IFw336q010_AEw1080q975,Point,2,3,289
Calm_2019_2019-05-12_2019-05-24,Calm_2019,adaptive_IFw336q010_AEw1080q990,Compound,0,0,289
Calm_2019_2019-05-12_2019-05-24,Calm_2019,adaptive_IFw336q010_AEw1080q990,Pattern,0,4,289
Calm_2019_2019-05-12_2019-05-24,Calm_2019,adaptive_IFw336q010_AEw1080q990,Point,2,3,289
Calm_2019_2019-05-12_2019-05-24,Calm_2019,adaptive_IFw336q010_AEw336q950,Compound,0,0,289
Calm_2019_2019-05-12_2019-05-24,Calm_2019,adaptive_IFw336q010_AEw336q950,Pattern,4,4,289
Calm_2019_2019-05-12_2019-05-24,Calm_2019,adaptive_IFw336q010_AEw336q950,Point,2,3,289
Calm_2019_2019-05-12_2019-05-24,Calm_2019,adaptive_IFw336q010_AEw336q975,Compound,0,0,289
Calm_2019_2019-05-12_2019-05-24,Calm_2019,adaptive_IFw336q010_AEw336q975,Pattern,0,4,289
Calm_2019_2019-05-12_2019-05-24,Calm_2019,adaptive_IFw336q010_AEw336q975,Point,2,3,289
Calm_2019_2019-05-12_2019-05-24,Calm_2019,adaptive_IFw336q010_AEw336q990,Compound,0,0,289
Calm_2019_2019-05-12_2019-05-24,Calm_2019,adaptive_IFw336q010_AEw336q990,Pattern,0,4,289
Calm_2019_2019-05-12_2019-05-24,Calm_2019,adaptive_IFw336q010_AEw336q990,Point,2,3,289
Calm_2019_2019-05-12_2019-05-24,Calm_2019,adaptive_IFw336q010_AEw720q950,Compound,0,0,289
Calm_2019_2019-05-12_2019-05-24,Calm_2019,adaptive_IFw336q010_AEw720q950,Pattern,3,4,289
Calm_2019_2019-05-12_2019-05-24,Calm_2019,adaptive_IFw336q010_AEw720q950,Point,2,3,289
Calm_2019_2019-05-12_2019-05-24,Calm_2019,adaptive_IFw336q010_AEw720q975,Compound,0,0,289
Calm_2019_2019-05-12_2019-05-24,Calm_2019,adaptive_IFw336q010_AEw720q975,Pattern,0,4,289
Calm_2019_2019-05-12_2019-05-24,Calm_2019,adaptive_IFw336q010_AEw720q975,Point,2,3,289
Calm_2019_2019-05-12_2019-05-24,Calm_2019,adaptive_IFw336q010_AEw720q990,Compound,0,0,289
Calm_2019_2019-05-12_2019-05-24,Calm_2019,adaptive_IFw336q010_AEw720q990,Pattern,0,4,289
Calm_2019_2019-05-12_2019-05-24,Calm_2019,adaptive_IFw336q010_AEw720q990,Point,2,3,289
Calm_2019_2019-05-12_2019-05-24,Calm_2019,adaptive_IFw336q030_AEw1080q950,Compound,0,0,289
Calm_2019_2019-05-12_2019-05-24,Calm_2019,adaptive_IFw336q030_AEw1080q950,Pattern,6,4,289
Calm_2019_2019-05-12_2019-05-24,Calm_2019,adaptive_IFw336q030_AEw1080q950,Point,7,3,289
Calm_2019_2019-05-12_2019-05-24,Calm_2019,adaptive_IFw336q030_AEw1080q975,Compound,0,0,289
Calm_2019_2019-05-12_2019-05-24,Calm_2019,adaptive_IFw336q030_AEw1080q975,Pattern,1,4,289
Calm_2019_2019-05-12_2019-05-24,Calm_2019,adaptive_IFw336q030_AEw1080q975,Point,7,3,289
Calm_2019_2019-05-12_2019-05-24,Calm_2019,adaptive_IFw336q030_AEw1080q990,Compound,0,0,289
Calm_2019_2019-05-12_2019-05-24,Calm_2019,adaptive_IFw336q030_AEw1080q990,Pattern,0,4,289
Calm_2019_2019-05-12_2019-05-24,Calm_2019,adaptive_IFw336q030_AEw1080q990,Point,7,3,289
Calm_2019_2019-05-12_2019-05-24,Calm_2019,adaptive_IFw336q030_AEw336q950,Compound,0,0,289
Calm_2019_2019-05-12_2019-05-24,Calm_2019,adaptive_IFw336q030_AEw336q950,Pattern,4,4,289
Calm_2019_2019-05-12_2019-05-24,Calm_2019,adaptive_IFw336q030_AEw336q950,Point,7,3,289
Calm_2019_2019-05-12_2019-05-24,Calm_2019,adaptive_IFw336q030_AEw336q975,Compound,0,0,289
Calm_2019_2019-05-12_2019-05-24,Calm_2019,adaptive_IFw336q030_AEw336q975,Pattern,0,4,289
Calm_2019_2019-05-12_2019-05-24,Calm_2019,adaptive_IFw336q030_AEw336q975,Point,7,3,289
Calm_2019_2019-05-12_2019-05-24,Calm_2019,adaptive_IFw336q030_AEw336q990,Compound,0,0,289
Calm_2019_2019-05-12_2019-05-24,Calm_2019,adaptive_IFw336q030_AEw336q990,Pattern,0,4,289
Calm_2019_2019-05-12_2019-05-24,Calm_2019,adaptive_IFw336q030_AEw336q990,Point,7,3,289
Calm_2019_2019-05-12_2019-05-24,Calm_2019,adaptive_IFw336q030_AEw720q950,Compound,0,0,289
Calm_2019_2019-05-12_2019-05-24,Calm_2019,adaptive_IFw336q030_AEw720q950,Pattern,3,4,289
Calm_2019_2019-05-12_2019-05-24,Calm_2019,adaptive_IFw336q030_AEw720q950,Point,7,3,289
Calm_2019_2019-05-12_2019-05-24,Calm_2019,adaptive_IFw336q030_AEw720q975,Compound,0,0,289
Calm_2019_2019-05-12_2019-05-24,Calm_2019,adaptive_IFw336q030_AEw720q975,Pattern,0,4,289
Calm_2019_2019-05-12_2019-05-24,Calm_2019,adaptive_IFw336q030_AEw720q975,Point,7,3,289
Calm_2019_2019-05-12_2019-05-24,Calm_2019,adaptive_IFw336q030_AEw720q990,Compound,0,0,289
Calm_2019_2019-05-12_2019-05-24,Calm_2019,adaptive_IFw336q030_AEw720q990,Pattern,0,4,289
Calm_2019_2019-05-12_2019-05-24,Calm_2019,adaptive_IFw336q030_AEw720q990,Point,7,3,289
Calm_2019_2019-05-12_2019-05-24,Calm_2019,adaptive_IFw720q010_AEw1080q950,Compound,0,0,289
Calm_2019_2019-05-12_2019-05-24,Calm_2019,adaptive_IFw720q010_AEw1080q950,Pattern,6,4,289
Calm_2019_2019-05-12_2019-05-24,Calm_2019,adaptive_IFw720q010_AEw1080q950,Point,2,3,289
Calm_2019_2019-05-12_2019-05-24,Calm_2019,adaptive_IFw720q010_AEw1080q975,Compound,0,0,289
Calm_2019_2019-05-12_2019-05-24,Calm_2019,adaptive_IFw720q010_AEw1080q975,Pattern,1,4,289
Calm_2019_2019-05-12_2019-05-24,Calm_2019,adaptive_IFw720q010_AEw1080q975,Point,2,3,289
Calm_2019_2019-05-12_2019-05-24,Calm_2019,adaptive_IFw720q010_AEw1080q990,Compound,0,0,289
Calm_2019_2019-05-12_2019-05-24,Calm_2019,adaptive_IFw720q010_AEw1080q990,Pattern,0,4,289
Calm_2019_2019-05-12_2019-05-24,Calm_2019,adaptive_IFw720q010_AEw1080q990,Point,2,3,289
Calm_2019_2019-05-12_2019-05-24,Calm_2019,adaptive_IFw720q010_AEw336q950,Compound,0,0,289
Calm_2019_2019-05-12_2019-05-24,Calm_2019,adaptive_IFw720q010_AEw336q950,Pattern,4,4,289
Calm_2019_2019-05-12_2019-05-24,Calm_2019,adaptive_IFw720q010_AEw336q950,Point,2,3,289
Calm_2019_2019-05-12_2019-05-24,Calm_2019,adaptive_IFw720q010_AEw336q975,Compound,0,0,289
Calm_2019_2019-05-12_2019-05-24,Calm_2019,adaptive_IFw720q010_AEw336q975,Pattern,0,4,289
Calm_2019_2019-05-12_2019-05-24,Calm_2019,adaptive_IFw720q010_AEw336q975,Point,2,3,289
Calm_2019_2019-05-12_2019-05-24,Calm_2019,adaptive_IFw720q010_AEw336q990,Compound,0,0,289
Calm_2019_2019-05-12_2019-05-24,Calm_2019,adaptive_IFw720q010_AEw336q990,Pattern,0,4,289
Calm_2019_2019-05-12_2019-05-24,Calm_2019,adaptive_IFw720q010_AEw336q990,Point,2,3,289
Calm_2019_2019-05-12_2019-05-24,Calm_2019,adaptive_IFw720q010_AEw720q950,Compound,0,0,289
Calm_2019_2019-05-12_2019-05-24,Calm_2019,adaptive_IFw720q010_AEw720q950,Pattern,3,4,289
Calm_2019_2019-05-12_2019-05-24,Calm_2019,adaptive_IFw720q010_AEw720q950,Point,2,3,289
Calm_2019_2019-05-12_2019-05-24,Calm_2019,adaptive_IFw720q010_AEw720q975,Compound,0,0,289
Calm_2019_2019-05-12_2019-05-24,Calm_2019,adaptive_IFw720q010_AEw720q975,Pattern,0,4,289
Calm_2019_2019-05-12_2019-05-24,Calm_2019,adaptive_IFw720q010_AEw720q975,Point,2,3,289
Calm_2019_2019-05-12_2019-05-24,Calm_2019,adaptive_IFw720q010_AEw720q990,Compound,0,0,289
Calm_2019_2019-05-12_2019-05-24,Calm_2019,adaptive_IFw720q010_AEw720q990,Pattern,0,4,289
Calm_2019_2019-05-12_2019-05-24,Calm_2019,adaptive_IFw720q010_AEw720q990,Point,2,3,289
Calm_2019_2019-05-12_2019-05-24,Calm_2019,adaptive_IFw720q030_AEw1080q950,Compound,0,0,289
Calm_2019_2019-05-12_2019-05-24,Calm_2019,adaptive_IFw720q030_AEw1080q950,Pattern,6,4,289
Calm_2019_2019-05-12_2019-05-24,Calm_2019,adaptive_IFw720q030_AEw1080q950,Point,8,3,289
Calm_2019_2019-05-12_2019-05-24,Calm_2019,adaptive_IFw720q030_AEw1080q975,Compound,0,0,289
Calm_2019_2019-05-12_2019-05-24,Calm_2019,adaptive_IFw720q030_AEw1080q975,Pattern,1,4,289
Calm_2019_2019-05-12_2019-05-24,Calm_2019,adaptive_IFw720q030_AEw1080q975,Point,8,3,289
Calm_2019_2019-05-12_2019-05-24,Calm_2019,adaptive_IFw720q030_AEw1080q990,Compound,0,0,289
Calm_2019_2019-05-12_2019-05-24,Calm_2019,adaptive_IFw720q030_AEw1080q990,Pattern,0,4,289
Calm_2019_2019-05-12_2019-05-24,Calm_2019,adaptive_IFw720q030_AEw1080q990,Point,8,3,289
Calm_2019_2019-05-12_2019-05-24,Calm_2019,adaptive_IFw720q030_AEw336q950,Compound,0,0,289
Calm_2019_2019-05-12_2019-05-24,Calm_2019,adaptive_IFw720q030_AEw336q950,Pattern,4,4,289
Calm_2019_2019-05-12_2019-05-24,Calm_2019,adaptive_IFw720q030_AEw336q950,Point,8,3,289
Calm_2019_2019-05-12_2019-05-24,Calm_2019,adaptive_IFw720q030_AEw336q975,Compound,0,0,289
Calm_2019_2019-05-12_2019-05-24,Calm_2019,adaptive_IFw720q030_AEw336q975,Pattern,0,4,289
Calm_2019_2019-05-12_2019-05-24,Calm_2019,adaptive_IFw720q030_AEw336q975,Point,8,3,289
Calm_2019_2019-05-12_2019-05-24,Calm_2019,adaptive_IFw720q030_AEw336q990,Compound,0,0,289
Calm_2019_2019-05-12_2019-05-24,Calm_2019,adaptive_IFw720q030_AEw336q990,Pattern,0,4,289
Calm_2019_2019-05-12_2019-05-24,Calm_2019,adaptive_IFw720q030_AEw336q990,Point,8,3,289
Calm_2019_2019-05-12_2019-05-24,Calm_2019,adaptive_IFw720q030_AEw720q950,Compound,0,0,289
Calm_2019_2019-05-12_2019-05-24,Calm_2019,adaptive_IFw720q030_AEw720q950,Pattern,3,4,289
Calm_2019_2019-05-12_2019-05-24,Calm_2019,adaptive_IFw720q030_AEw720q950,Point,8,3,289
Calm_2019_2019-05-12_2019-05-24,Calm_2019,adaptive_IFw720q030_AEw720q975,Compound,0,0,289
Calm_2019_2019-05-12_2019-05-24,Calm_2019,adaptive_IFw720q030_AEw720q975,Pattern,0,4,289
Calm_2019_2019-05-12_2019-05-24,Calm_2019,adaptive_IFw720q030_AEw720q975,Point,8,3,289
Calm_2019_2019-05-12_2019-05-24,Calm_2019,adaptive_IFw720q030_AEw720q990,Compound,0,0,289
Calm_2019_2019-05-12_2019-05-24,Calm_2019,adaptive_IFw720q030_AEw720q990,Pattern,0,4,289
Calm_2019_2019-05-12_2019-05-24,Calm_2019,adaptive_IFw720q030_AEw720q990,Point,8,3,289
Calm_2020_2020-04-19_2020-04-25,Calm_2020,CAPPED_minmax_IFw1080q010_AEw1080q950,Compound,0,0,145
Calm_2020_2020-04-19_2020-04-25,Calm_2020,CAPPED_minmax_IFw1080q010_AEw1080q950,Pattern,0,0,145
Calm_2020_2020-04-19_2020-04-25,Calm_2020,CAPPED_minmax_IFw1080q010_AEw1080q950,Point,0,0,145
Calm_2020_2020-04-19_2020-04-25,Calm_2020,CAPPED_minmax_IFw1080q010_AEw1080q975,Compound,0,0,145
Calm_2020_2020-04-19_2020-04-25,Calm_2020,CAPPED_minmax_IFw1080q010_AEw1080q975,Pattern,0,0,145
Calm_2020_2020-04-19_2020-04-25,Calm_2020,CAPPED_minmax_IFw1080q010_AEw1080q975,Point,0,0,145
Calm_2020_2020-04-19_2020-04-25,Calm_2020,CAPPED_minmax_IFw1080q010_AEw1080q990,Compound,0,0,145
Calm_2020_2020-04-19_2020-04-25,Calm_2020,CAPPED_minmax_IFw1080q010_AEw1080q990,Pattern,0,0,145
Calm_2020_2020-04-19_2020-04-25,Calm_2020,CAPPED_minmax_IFw1080q010_AEw1080q990,Point,0,0,145
Calm_2020_2020-04-19_2020-04-25,Calm_2020,CAPPED_minmax_IFw1080q010_AEw336q950,Compound,0,0,145
Calm_2020_2020-04-19_2020-04-25,Calm_2020,CAPPED_minmax_IFw1080q010_AEw336q950,Pattern,4,0,145
Calm_2020_2020-04-19_2020-04-25,Calm_2020,CAPPED_minmax_IFw1080q010_AEw336q950,Point,0,0,145
Calm_2020_2020-04-19_2020-04-25,Calm_2020,CAPPED_minmax_IFw1080q010_AEw336q975,Compound,0,0,145
Calm_2020_2020-04-19_2020-04-25,Calm_2020,CAPPED_minmax_IFw1080q010_AEw336q975,Pattern,1,0,145
Calm_2020_2020-04-19_2020-04-25,Calm_2020,CAPPED_minmax_IFw1080q010_AEw336q975,Point,0,0,145
Calm_2020_2020-04-19_2020-04-25,Calm_2020,CAPPED_minmax_IFw1080q010_AEw336q990,Compound,0,0,145
Calm_2020_2020-04-19_2020-04-25,Calm_2020,CAPPED_minmax_IFw1080q010_AEw336q990,Pattern,0,0,145
Calm_2020_2020-04-19_2020-04-25,Calm_2020,CAPPED_minmax_IFw1080q010_AEw336q990,Point,0,0,145
Calm_2020_2020-04-19_2020-04-25,Calm_2020,CAPPED_minmax_IFw1080q010_AEw720q950,Compound,0,0,145
Calm_2020_2020-04-19_2020-04-25,Calm_2020,CAPPED_minmax_IFw1080q010_AEw720q950,Pattern,0,0,145
Calm_2020_2020-04-19_2020-04-25,Calm_2020,CAPPED_minmax_IFw1080q010_AEw720q950,Point,0,0,145
Calm_2020_2020-04-19_2020-04-25,Calm_2020,CAPPED_minmax_IFw1080q010_AEw720q975,Compound,0,0,145
Calm_2020_2020-04-19_2020-04-25,Calm_2020,CAPPED_minmax_IFw1080q010_AEw720q975,Pattern,0,0,145
Calm_2020_2020-04-19_2020-04-25,Calm_2020,CAPPED_minmax_IFw1080q010_AEw720q975,Point,0,0,145
Calm_2020_2020-04-19_2020-04-25,Calm_2020,CAPPED_minmax_IFw1080q010_AEw720q990,Compound,0,0,145
Calm_2020_2020-04-19_2020-04-25,Calm_2020,CAPPED_minmax_IFw1080q010_AEw720q990,Pattern,0,0,145
Calm_2020_2020-04-19_2020-04-25,Calm_2020,CAPPED_minmax_IFw1080q010_AEw720q990,Point,0,0,145
Calm_2020_2020-04-19_2020-04-25,Calm_2020,CAPPED_minmax_IFw1080q030_AEw1080q950,Compound,0,0,145
Calm_2020_2020-04-19_2020-04-25,Calm_2020,CAPPED_minmax_IFw1080q030_AEw1080q950,Pattern,0,0,145
Calm_2020_2020-04-19_2020-04-25,Calm_2020,CAPPED_minmax_IFw1080q030_AEw1080q950,Point,0,0,145
Calm_2020_2020-04-19_2020-04-25,Calm_2020,CAPPED_minmax_IFw1080q030_AEw1080q975,Compound,0,0,145
Calm_2020_2020-04-19_2020-04-25,Calm_2020,CAPPED_minmax_IFw1080q030_AEw1080q975,Pattern,0,0,145
Calm_2020_2020-04-19_2020-04-25,Calm_2020,CAPPED_minmax_IFw1080q030_AEw1080q975,Point,0,0,145
Calm_2020_2020-04-19_2020-04-25,Calm_2020,CAPPED_minmax_IFw1080q030_AEw1080q990,Compound,0,0,145
Calm_2020_2020-04-19_2020-04-25,Calm_2020,CAPPED_minmax_IFw1080q030_AEw1080q990,Pattern,0,0,145
Calm_2020_2020-04-19_2020-04-25,Calm_2020,CAPPED_minmax_IFw1080q030_AEw1080q990,Point,0,0,145
Calm_2020_2020-04-19_2020-04-25,Calm_2020,CAPPED_minmax_IFw1080q030_AEw336q950,Compound,0,0,145
Calm_2020_2020-04-19_2020-04-25,Calm_2020,CAPPED_minmax_IFw1080q030_AEw336q950,Pattern,4,0,145
Calm_2020_2020-04-19_2020-04-25,Calm_2020,CAPPED_minmax_IFw1080q030_AEw336q950,Point,0,0,145
Calm_2020_2020-04-19_2020-04-25,Calm_2020,CAPPED_minmax_IFw1080q030_AEw336q975,Compound,0,0,145
Calm_2020_2020-04-19_2020-04-25,Calm_2020,CAPPED_minmax_IFw1080q030_AEw336q975,Pattern,1,0,145
Calm_2020_2020-04-19_2020-04-25,Calm_2020,CAPPED_minmax_IFw1080q030_AEw336q975,Point,0,0,145
Calm_2020_2020-04-19_2020-04-25,Calm_2020,CAPPED_minmax_IFw1080q030_AEw336q990,Compound,0,0,145
Calm_2020_2020-04-19_2020-04-25,Calm_2020,CAPPED_minmax_IFw1080q030_AEw336q990,Pattern,0,0,145
Calm_2020_2020-04-19_2020-04-25,Calm_2020,CAPPED_minmax_IFw1080q030_AEw336q990,Point,0,0,145
Calm_2020_2020-04-19_2020-04-25,Calm_2020,CAPPED_minmax_IFw1080q030_AEw720q950,Compound,0,0,145
Calm_2020_2020-04-19_2020-04-25,Calm_2020,CAPPED_minmax_IFw1080q030_AEw720q950,Pattern,0,0,145
Calm_2020_2020-04-19_2020-04-25,Calm_2020,CAPPED_minmax_IFw1080q030_AEw720q950,Point,0,0,145
Calm_2020_2020-04-19_2020-04-25,Calm_2020,CAPPED_minmax_IFw1080q030_AEw720q975,Compound,0,0,145
Calm_2020_2020-04-19_2020-04-25,Calm_2020,CAPPED_minmax_IFw1080q030_AEw720q975,Pattern,0,0,145
Calm_2020_2020-04-19_2020-04-25,Calm_2020,CAPPED_minmax_IFw1080q030_AEw720q975,Point,0,0,145
Calm_2020_2020-04-19_2020-04-25,Calm_2020,CAPPED_minmax_IFw1080q030_AEw720q990,Compound,0,0,145
Calm_2020_2020-04-19_2020-04-25,Calm_2020,CAPPED_minmax_IFw1080q030_AEw720q990,Pattern,0,0,145
Calm_2020_2020-04-19_2020-04-25,Calm_2020,CAPPED_minmax_IFw1080q030_AEw720q990,Point,0,0,145
Calm_2020_2020-04-19_2020-04-25,Calm_2020,CAPPED_minmax_IFw1440q010_AEw1080q950,Compound,0,0,145
Calm_2020_2020-04-19_2020-04-25,Calm_2020,CAPPED_minmax_IFw1440q010_AEw1080q950,Pattern,0,0,145
Calm_2020_2020-04-19_2020-04-25,Calm_2020,CAPPED_minmax_IFw1440q010_AEw1080q950,Point,0,0,145
Calm_2020_2020-04-19_2020-04-25,Calm_2020,CAPPED_minmax_IFw1440q010_AEw1080q975,Compound,0,0,145
Calm_2020_2020-04-19_2020-04-25,Calm_2020,CAPPED_minmax_IFw1440q010_AEw1080q975,Pattern,0,0,145
Calm_2020_2020-04-19_2020-04-25,Calm_2020,CAPPED_minmax_IFw1440q010_AEw1080q975,Point,0,0,145
Calm_2020_2020-04-19_2020-04-25,Calm_2020,CAPPED_minmax_IFw1440q010_AEw1080q990,Compound,0,0,145
Calm_2020_2020-04-19_2020-04-25,Calm_2020,CAPPED_minmax_IFw1440q010_AEw1080q990,Pattern,0,0,145
Calm_2020_2020-04-19_2020-04-25,Calm_2020,CAPPED_minmax_IFw1440q010_AEw1080q990,Point,0,0,145
Calm_2020_2020-04-19_2020-04-25,Calm_2020,CAPPED_minmax_IFw1440q010_AEw336q950,Compound,0,0,145
Calm_2020_2020-04-19_2020-04-25,Calm_2020,CAPPED_minmax_IFw1440q010_AEw336q950,Pattern,4,0,145
Calm_2020_2020-04-19_2020-04-25,Calm_2020,CAPPED_minmax_IFw1440q010_AEw336q950,Point,0,0,145
Calm_2020_2020-04-19_2020-04-25,Calm_2020,CAPPED_minmax_IFw1440q010_AEw336q975,Compound,0,0,145
Calm_2020_2020-04-19_2020-04-25,Calm_2020,CAPPED_minmax_IFw1440q010_AEw336q975,Pattern,1,0,145
Calm_2020_2020-04-19_2020-04-25,Calm_2020,CAPPED_minmax_IFw1440q010_AEw336q975,Point,0,0,145
Calm_2020_2020-04-19_2020-04-25,Calm_2020,CAPPED_minmax_IFw1440q010_AEw336q990,Compound,0,0,145
Calm_2020_2020-04-19_2020-04-25,Calm_2020,CAPPED_minmax_IFw1440q010_AEw336q990,Pattern,0,0,145
Calm_2020_2020-04-19_2020-04-25,Calm_2020,CAPPED_minmax_IFw1440q010_AEw336q990,Point,0,0,145
Calm_2020_2020-04-19_2020-04-25,Calm_2020,CAPPED_minmax_IFw1440q010_AEw720q950,Compound,0,0,145
Calm_2020_2020-04-19_2020-04-25,Calm_2020,CAPPED_minmax_IFw1440q010_AEw720q950,Pattern,0,0,145
Calm_2020_2020-04-19_2020-04-25,Calm_2020,CAPPED_minmax_IFw1440q010_AEw720q950,Point,0,0,145
Calm_2020_2020-04-19_2020-04-25,Calm_2020,CAPPED_minmax_IFw1440q010_AEw720q975,Compound,0,0,145
Calm_2020_2020-04-19_2020-04-25,Calm_2020,CAPPED_minmax_IFw1440q010_AEw720q975,Pattern,0,0,145
Calm_2020_2020-04-19_2020-04-25,Calm_2020,CAPPED_minmax_IFw1440q010_AEw720q975,Point,0,0,145
Calm_2020_2020-04-19_2020-04-25,Calm_2020,CAPPED_minmax_IFw1440q010_AEw720q990,Compound,0,0,145
Calm_2020_2020-04-19_2020-04-25,Calm_2020,CAPPED_minmax_IFw1440q010_AEw720q990,Pattern,0,0,145
Calm_2020_2020-04-19_2020-04-25,Calm_2020,CAPPED_minmax_IFw1440q010_AEw720q990,Point,0,0,145
Calm_2020_2020-04-19_2020-04-25,Calm_2020,CAPPED_minmax_IFw1440q030_AEw1080q950,Compound,0,0,145
Calm_2020_2020-04-19_2020-04-25,Calm_2020,CAPPED_minmax_IFw1440q030_AEw1080q950,Pattern,0,0,145
Calm_2020_2020-04-19_2020-04-25,Calm_2020,CAPPED_minmax_IFw1440q030_AEw1080q950,Point,0,0,145
Calm_2020_2020-04-19_2020-04-25,Calm_2020,CAPPED_minmax_IFw1440q030_AEw1080q975,Compound,0,0,145
Calm_2020_2020-04-19_2020-04-25,Calm_2020,CAPPED_minmax_IFw1440q030_AEw1080q975,Pattern,0,0,145
Calm_2020_2020-04-19_2020-04-25,Calm_2020,CAPPED_minmax_IFw1440q030_AEw1080q975,Point,0,0,145
Calm_2020_2020-04-19_2020-04-25,Calm_2020,CAPPED_minmax_IFw1440q030_AEw1080q990,Compound,0,0,145
Calm_2020_2020-04-19_2020-04-25,Calm_2020,CAPPED_minmax_IFw1440q030_AEw1080q990,Pattern,0,0,145
Calm_2020_2020-04-19_2020-04-25,Calm_2020,CAPPED_minmax_IFw1440q030_AEw1080q990,Point,0,0,145
Calm_2020_2020-04-19_2020-04-25,Calm_2020,CAPPED_minmax_IFw1440q030_AEw336q950,Compound,0,0,145
Calm_2020_2020-04-19_2020-04-25,Calm_2020,CAPPED_minmax_IFw1440q030_AEw336q950,Pattern,4,0,145
Calm_2020_2020-04-19_2020-04-25,Calm_2020,CAPPED_minmax_IFw1440q030_AEw336q950,Point,0,0,145
Calm_2020_2020-04-19_2020-04-25,Calm_2020,CAPPED_minmax_IFw1440q030_AEw336q975,Compound,0,0,145
Calm_2020_2020-04-19_2020-04-25,Calm_2020,CAPPED_minmax_IFw1440q030_AEw336q975,Pattern,1,0,145
Calm_2020_2020-04-19_2020-04-25,Calm_2020,CAPPED_minmax_IFw1440q030_AEw336q975,Point,0,0,145
Calm_2020_2020-04-19_2020-04-25,Calm_2020,CAPPED_minmax_IFw1440q030_AEw336q990,Compound,0,0,145
Calm_2020_2020-04-19_2020-04-25,Calm_2020,CAPPED_minmax_IFw1440q030_AEw336q990,Pattern,0,0,145
Calm_2020_2020-04-19_2020-04-25,Calm_2020,CAPPED_minmax_IFw1440q030_AEw336q990,Point,0,0,145
Calm_2020_2020-04-19_2020-04-25,Calm_2020,CAPPED_minmax_IFw1440q030_AEw720q950,Compound,0,0,145
Calm_2020_2020-04-19_2020-04-25,Calm_2020,CAPPED_minmax_IFw1440q030_AEw720q950,Pattern,0,0,145
Calm_2020_2020-04-19_2020-04-25,Calm_2020,CAPPED_minmax_IFw1440q030_AEw720q950,Point,0,0,145
Calm_2020_2020-04-19_2020-04-25,Calm_2020,CAPPED_minmax_IFw1440q030_AEw720q975,Compound,0,0,145
Calm_2020_2020-04-19_2020-04-25,Calm_2020,CAPPED_minmax_IFw1440q030_AEw720q975,Pattern,0,0,145
Calm_2020_2020-04-19_2020-04-25,Calm_2020,CAPPED_minmax_IFw1440q030_AEw720q975,Point,0,0,145
Calm_2020_2020-04-19_2020-04-25,Calm_2020,CAPPED_minmax_IFw1440q030_AEw720q990,Compound,0,0,145
Calm_2020_2020-04-19_2020-04-25,Calm_2020,CAPPED_minmax_IFw1440q030_AEw720q990,Pattern,0,0,145
Calm_2020_2020-04-19_2020-04-25,Calm_2020,CAPPED_minmax_IFw1440q030_AEw720q990,Point,0,0,145
Calm_2020_2020-04-19_2020-04-25,Calm_2020,CAPPED_minmax_IFw336q010_AEw1080q950,Compound,0,0,145
Calm_2020_2020-04-19_2020-04-25,Calm_2020,CAPPED_minmax_IFw336q010_AEw1080q950,Pattern,0,0,145
Calm_2020_2020-04-19_2020-04-25,Calm_2020,CAPPED_minmax_IFw336q010_AEw1080q950,Point,0,0,145
Calm_2020_2020-04-19_2020-04-25,Calm_2020,CAPPED_minmax_IFw336q010_AEw1080q975,Compound,0,0,145
Calm_2020_2020-04-19_2020-04-25,Calm_2020,CAPPED_minmax_IFw336q010_AEw1080q975,Pattern,0,0,145
Calm_2020_2020-04-19_2020-04-25,Calm_2020,CAPPED_minmax_IFw336q010_AEw1080q975,Point,0,0,145
Calm_2020_2020-04-19_2020-04-25,Calm_2020,CAPPED_minmax_IFw336q010_AEw1080q990,Compound,0,0,145
Calm_2020_2020-04-19_2020-04-25,Calm_2020,CAPPED_minmax_IFw336q010_AEw1080q990,Pattern,0,0,145
Calm_2020_2020-04-19_2020-04-25,Calm_2020,CAPPED_minmax_IFw336q010_AEw1080q990,Point,0,0,145
Calm_2020_2020-04-19_2020-04-25,Calm_2020,CAPPED_minmax_IFw336q010_AEw336q950,Compound,0,0,145
Calm_2020_2020-04-19_2020-04-25,Calm_2020,CAPPED_minmax_IFw336q010_AEw336q950,Pattern,4,0,145
Calm_2020_2020-04-19_2020-04-25,Calm_2020,CAPPED_minmax_IFw336q010_AEw336q950,Point,0,0,145
Calm_2020_2020-04-19_2020-04-25,Calm_2020,CAPPED_minmax_IFw336q010_AEw336q975,Compound,0,0,145
Calm_2020_2020-04-19_2020-04-25,Calm_2020,CAPPED_minmax_IFw336q010_AEw336q975,Pattern,1,0,145
Calm_2020_2020-04-19_2020-04-25,Calm_2020,CAPPED_minmax_IFw336q010_AEw336q975,Point,0,0,145
Calm_2020_2020-04-19_2020-04-25,Calm_2020,CAPPED_minmax_IFw336q010_AEw336q990,Compound,0,0,145
Calm_2020_2020-04-19_2020-04-25,Calm_2020,CAPPED_minmax_IFw336q010_AEw336q990,Pattern,0,0,145
Calm_2020_2020-04-19_2020-04-25,Calm_2020,CAPPED_minmax_IFw336q010_AEw336q990,Point,0,0,145
Calm_2020_2020-04-19_2020-04-25,Calm_2020,CAPPED_minmax_IFw336q010_AEw720q950,Compound,0,0,145
Calm_2020_2020-04-19_2020-04-25,Calm_2020,CAPPED_minmax_IFw336q010_AEw720q950,Pattern,0,0,145
Calm_2020_2020-04-19_2020-04-25,Calm_2020,CAPPED_minmax_IFw336q010_AEw720q950,Point,0,0,145
Calm_2020_2020-04-19_2020-04-25,Calm_2020,CAPPED_minmax_IFw336q010_AEw720q975,Compound,0,0,145
Calm_2020_2020-04-19_2020-04-25,Calm_2020,CAPPED_minmax_IFw336q010_AEw720q975,Pattern,0,0,145
Calm_2020_2020-04-19_2020-04-25,Calm_2020,CAPPED_minmax_IFw336q010_AEw720q975,Point,0,0,145
Calm_2020_2020-04-19_2020-04-25,Calm_2020,CAPPED_minmax_IFw336q010_AEw720q990,Compound,0,0,145
Calm_2020_2020-04-19_2020-04-25,Calm_2020,CAPPED_minmax_IFw336q010_AEw720q990,Pattern,0,0,145
Calm_2020_2020-04-19_2020-04-25,Calm_2020,CAPPED_minmax_IFw336q010_AEw720q990,Point,0,0,145
Calm_2020_2020-04-19_2020-04-25,Calm_2020,CAPPED_minmax_IFw336q030_AEw1080q950,Compound,0,0,145
Calm_2020_2020-04-19_2020-04-25,Calm_2020,CAPPED_minmax_IFw336q030_AEw1080q950,Pattern,0,0,145
Calm_2020_2020-04-19_2020-04-25,Calm_2020,CAPPED_minmax_IFw336q030_AEw1080q950,Point,0,0,145
Calm_2020_2020-04-19_2020-04-25,Calm_2020,CAPPED_minmax_IFw336q030_AEw1080q975,Compound,0,0,145
Calm_2020_2020-04-19_2020-04-25,Calm_2020,CAPPED_minmax_IFw336q030_AEw1080q975,Pattern,0,0,145
Calm_2020_2020-04-19_2020-04-25,Calm_2020,CAPPED_minmax_IFw336q030_AEw1080q975,Point,0,0,145
Calm_2020_2020-04-19_2020-04-25,Calm_2020,CAPPED_minmax_IFw336q030_AEw1080q990,Compound,0,0,145
Calm_2020_2020-04-19_2020-04-25,Calm_2020,CAPPED_minmax_IFw336q030_AEw1080q990,Pattern,0,0,145
Calm_2020_2020-04-19_2020-04-25,Calm_2020,CAPPED_minmax_IFw336q030_AEw1080q990,Point,0,0,145
Calm_2020_2020-04-19_2020-04-25,Calm_2020,CAPPED_minmax_IFw336q030_AEw336q950,Compound,0,0,145
Calm_2020_2020-04-19_2020-04-25,Calm_2020,CAPPED_minmax_IFw336q030_AEw336q950,Pattern,4,0,145
Calm_2020_2020-04-19_2020-04-25,Calm_2020,CAPPED_minmax_IFw336q030_AEw336q950,Point,0,0,145
Calm_2020_2020-04-19_2020-04-25,Calm_2020,CAPPED_minmax_IFw336q030_AEw336q975,Compound,0,0,145
Calm_2020_2020-04-19_2020-04-25,Calm_2020,CAPPED_minmax_IFw336q030_AEw336q975,Pattern,1,0,145
Calm_2020_2020-04-19_2020-04-25,Calm_2020,CAPPED_minmax_IFw336q030_AEw336q975,Point,0,0,145
Calm_2020_2020-04-19_2020-04-25,Calm_2020,CAPPED_minmax_IFw336q030_AEw336q990,Compound,0,0,145
Calm_2020_2020-04-19_2020-04-25,Calm_2020,CAPPED_minmax_IFw336q030_AEw336q990,Pattern,0,0,145
Calm_2020_2020-04-19_2020-04-25,Calm_2020,CAPPED_minmax_IFw336q030_AEw336q990,Point,0,0,145
Calm_2020_2020-04-19_2020-04-25,Calm_2020,CAPPED_minmax_IFw336q030_AEw720q950,Compound,0,0,145
Calm_2020_2020-04-19_2020-04-25,Calm_2020,CAPPED_minmax_IFw336q030_AEw720q950,Pattern,0,0,145
Calm_2020_2020-04-19_2020-04-25,Calm_2020,CAPPED_minmax_IFw336q030_AEw720q950,Point,0,0,145
Calm_2020_2020-04-19_2020-04-25,Calm_2020,CAPPED_minmax_IFw336q030_AEw720q975,Compound,0,0,145
Calm_2020_2020-04-19_2020-04-25,Calm_2020,CAPPED_minmax_IFw336q030_AEw720q975,Pattern,0,0,145
Calm_2020_2020-04-19_2020-04-25,Calm_2020,CAPPED_minmax_IFw336q030_AEw720q975,Point,0,0,145
Calm_2020_2020-04-19_2020-04-25,Calm_2020,CAPPED_minmax_IFw336q030_AEw720q990,Compound,0,0,145
Calm_2020_2020-04-19_2020-04-25,Calm_2020,CAPPED_minmax_IFw336q030_AEw720q990,Pattern,0,0,145
Calm_2020_2020-04-19_2020-04-25,Calm_2020,CAPPED_minmax_IFw336q030_AEw720q990,Point,0,0,145
Calm_2020_2020-04-19_2020-04-25,Calm_2020,CAPPED_minmax_IFw720q010_AEw1080q950,Compound,0,0,145
Calm_2020_2020-04-19_2020-04-25,Calm_2020,CAPPED_minmax_IFw720q010_AEw1080q950,Pattern,0,0,145
Calm_2020_2020-04-19_2020-04-25,Calm_2020,CAPPED_minmax_IFw720q010_AEw1080q950,Point,0,0,145
Calm_2020_2020-04-19_2020-04-25,Calm_2020,CAPPED_minmax_IFw720q010_AEw1080q975,Compound,0,0,145
Calm_2020_2020-04-19_2020-04-25,Calm_2020,CAPPED_minmax_IFw720q010_AEw1080q975,Pattern,0,0,145
Calm_2020_2020-04-19_2020-04-25,Calm_2020,CAPPED_minmax_IFw720q010_AEw1080q975,Point,0,0,145
Calm_2020_2020-04-19_2020-04-25,Calm_2020,CAPPED_minmax_IFw720q010_AEw1080q990,Compound,0,0,145
Calm_2020_2020-04-19_2020-04-25,Calm_2020,CAPPED_minmax_IFw720q010_AEw1080q990,Pattern,0,0,145
Calm_2020_2020-04-19_2020-04-25,Calm_2020,CAPPED_minmax_IFw720q010_AEw1080q990,Point,0,0,145
Calm_2020_2020-04-19_2020-04-25,Calm_2020,CAPPED_minmax_IFw720q010_AEw336q950,Compound,0,0,145
Calm_2020_2020-04-19_2020-04-25,Calm_2020,CAPPED_minmax_IFw720q010_AEw336q950,Pattern,4,0,145
Calm_2020_2020-04-19_2020-04-25,Calm_2020,CAPPED_minmax_IFw720q010_AEw336q950,Point,0,0,145
Calm_2020_2020-04-19_2020-04-25,Calm_2020,CAPPED_minmax_IFw720q010_AEw336q975,Compound,0,0,145
Calm_2020_2020-04-19_2020-04-25,Calm_2020,CAPPED_minmax_IFw720q010_AEw336q975,Pattern,1,0,145
Calm_2020_2020-04-19_2020-04-25,Calm_2020,CAPPED_minmax_IFw720q010_AEw336q975,Point,0,0,145
Calm_2020_2020-04-19_2020-04-25,Calm_2020,CAPPED_minmax_IFw720q010_AEw336q990,Compound,0,0,145
Calm_2020_2020-04-19_2020-04-25,Calm_2020,CAPPED_minmax_IFw720q010_AEw336q990,Pattern,0,0,145
Calm_2020_2020-04-19_2020-04-25,Calm_2020,CAPPED_minmax_IFw720q010_AEw336q990,Point,0,0,145
Calm_2020_2020-04-19_2020-04-25,Calm_2020,CAPPED_minmax_IFw720q010_AEw720q950,Compound,0,0,145
Calm_2020_2020-04-19_2020-04-25,Calm_2020,CAPPED_minmax_IFw720q010_AEw720q950,Pattern,0,0,145
Calm_2020_2020-04-19_2020-04-25,Calm_2020,CAPPED_minmax_IFw720q010_AEw720q950,Point,0,0,145
Calm_2020_2020-04-19_2020-04-25,Calm_2020,CAPPED_minmax_IFw720q010_AEw720q975,Compound,0,0,145
Calm_2020_2020-04-19_2020-04-25,Calm_2020,CAPPED_minmax_IFw720q010_AEw720q975,Pattern,0,0,145
Calm_2020_2020-04-19_2020-04-25,Calm_2020,CAPPED_minmax_IFw720q010_AEw720q975,Point,0,0,145
Calm_2020_2020-04-19_2020-04-25,Calm_2020,CAPPED_minmax_IFw720q010_AEw720q990,Compound,0,0,145
Calm_2020_2020-04-19_2020-04-25,Calm_2020,CAPPED_minmax_IFw720q010_AEw720q990,Pattern,0,0,145
Calm_2020_2020-04-19_2020-04-25,Calm_2020,CAPPED_minmax_IFw720q010_AEw720q990,Point,0,0,145
Calm_2020_2020-04-19_2020-04-25,Calm_2020,CAPPED_minmax_IFw720q030_AEw1080q950,Compound,0,0,145
Calm_2020_2020-04-19_2020-04-25,Calm_2020,CAPPED_minmax_IFw720q030_AEw1080q950,Pattern,0,0,145
Calm_2020_2020-04-19_2020-04-25,Calm_2020,CAPPED_minmax_IFw720q030_AEw1080q950,Point,0,0,145
Calm_2020_2020-04-19_2020-04-25,Calm_2020,CAPPED_minmax_IFw720q030_AEw1080q975,Compound,0,0,145
Calm_2020_2020-04-19_2020-04-25,Calm_2020,CAPPED_minmax_IFw720q030_AEw1080q975,Pattern,0,0,145
Calm_2020_2020-04-19_2020-04-25,Calm_2020,CAPPED_minmax_IFw720q030_AEw1080q975,Point,0,0,145
Calm_2020_2020-04-19_2020-04-25,Calm_2020,CAPPED_minmax_IFw720q030_AEw1080q990,Compound,0,0,145
Calm_2020_2020-04-19_2020-04-25,Calm_2020,CAPPED_minmax_IFw720q030_AEw1080q990,Pattern,0,0,145
Calm_2020_2020-04-19_2020-04-25,Calm_2020,CAPPED_minmax_IFw720q030_AEw1080q990,Point,0,0,145
Calm_2020_2020-04-19_2020-04-25,Calm_2020,CAPPED_minmax_IFw720q030_AEw336q950,Compound,0,0,145
Calm_2020_2020-04-19_2020-04-25,Calm_2020,CAPPED_minmax_IFw720q030_AEw336q950,Pattern,4,0,145
Calm_2020_2020-04-19_2020-04-25,Calm_2020,CAPPED_minmax_IFw720q030_AEw336q950,Point,0,0,145
Calm_2020_2020-04-19_2020-04-25,Calm_2020,CAPPED_minmax_IFw720q030_AEw336q975,Compound,0,0,145
Calm_2020_2020-04-19_2020-04-25,Calm_2020,CAPPED_minmax_IFw720q030_AEw336q975,Pattern,1,0,145
Calm_2020_2020-04-19_2020-04-25,Calm_2020,CAPPED_minmax_IFw720q030_AEw336q975,Point,0,0,145
Calm_2020_2020-04-19_2020-04-25,Calm_2020,CAPPED_minmax_IFw720q030_AEw336q990,Compound,0,0,145
Calm_2020_2020-04-19_2020-04-25,Calm_2020,CAPPED_minmax_IFw720q030_AEw336q990,Pattern,0,0,145
Calm_2020_2020-04-19_2020-04-25,Calm_2020,CAPPED_minmax_IFw720q030_AEw336q990,Point,0,0,145
Calm_2020_2020-04-19_2020-04-25,Calm_2020,CAPPED_minmax_IFw720q030_AEw720q950,Compound,0,0,145
Calm_2020_2020-04-19_2020-04-25,Calm_2020,CAPPED_minmax_IFw720q030_AEw720q950,Pattern,0,0,145
Calm_2020_2020-04-19_2020-04-25,Calm_2020,CAPPED_minmax_IFw720q030_AEw720q950,Point,0,0,145
Calm_2020_2020-04-19_2020-04-25,Calm_2020,CAPPED_minmax_IFw720q030_AEw720q975,Compound,0,0,145
Calm_2020_2020-04-19_2020-04-25,Calm_2020,CAPPED_minmax_IFw720q030_AEw720q975,Pattern,0,0,145
Calm_2020_2020-04-19_2020-04-25,Calm_2020,CAPPED_minmax_IFw720q030_AEw720q975,Point,0,0,145
Calm_2020_2020-04-19_2020-04-25,Calm_2020,CAPPED_minmax_IFw720q030_AEw720q990,Compound,0,0,145
Calm_2020_2020-04-19_2020-04-25,Calm_2020,CAPPED_minmax_IFw720q030_AEw720q990,Pattern,0,0,145
Calm_2020_2020-04-19_2020-04-25,Calm_2020,CAPPED_minmax_IFw720q030_AEw720q990,Point,0,0,145
Calm_2020_2020-04-19_2020-04-25,Calm_2020,DWELL_PATTERN_IFw1080q010_AEw1080q950,Compound,0,0,145
Calm_2020_2020-04-19_2020-04-25,Calm_2020,DWELL_PATTERN_IFw1080q010_AEw1080q950,Pattern,0,0,145
Calm_2020_2020-04-19_2020-04-25,Calm_2020,DWELL_PATTERN_IFw1080q010_AEw1080q950,Point,0,0,145
Calm_2020_2020-04-19_2020-04-25,Calm_2020,DWELL_PATTERN_IFw1080q010_AEw1080q975,Compound,0,0,145
Calm_2020_2020-04-19_2020-04-25,Calm_2020,DWELL_PATTERN_IFw1080q010_AEw1080q975,Pattern,0,0,145
Calm_2020_2020-04-19_2020-04-25,Calm_2020,DWELL_PATTERN_IFw1080q010_AEw1080q975,Point,0,0,145
Calm_2020_2020-04-19_2020-04-25,Calm_2020,DWELL_PATTERN_IFw1080q010_AEw1080q990,Compound,0,0,145
Calm_2020_2020-04-19_2020-04-25,Calm_2020,DWELL_PATTERN_IFw1080q010_AEw1080q990,Pattern,0,0,145
Calm_2020_2020-04-19_2020-04-25,Calm_2020,DWELL_PATTERN_IFw1080q010_AEw1080q990,Point,0,0,145
Calm_2020_2020-04-19_2020-04-25,Calm_2020,DWELL_PATTERN_IFw1080q010_AEw336q950,Compound,0,0,145
Calm_2020_2020-04-19_2020-04-25,Calm_2020,DWELL_PATTERN_IFw1080q010_AEw336q950,Pattern,0,0,145
Calm_2020_2020-04-19_2020-04-25,Calm_2020,DWELL_PATTERN_IFw1080q010_AEw336q950,Point,0,0,145
Calm_2020_2020-04-19_2020-04-25,Calm_2020,DWELL_PATTERN_IFw1080q010_AEw336q975,Compound,0,0,145
Calm_2020_2020-04-19_2020-04-25,Calm_2020,DWELL_PATTERN_IFw1080q010_AEw336q975,Pattern,0,0,145
Calm_2020_2020-04-19_2020-04-25,Calm_2020,DWELL_PATTERN_IFw1080q010_AEw336q975,Point,0,0,145
Calm_2020_2020-04-19_2020-04-25,Calm_2020,DWELL_PATTERN_IFw1080q010_AEw336q990,Compound,0,0,145
Calm_2020_2020-04-19_2020-04-25,Calm_2020,DWELL_PATTERN_IFw1080q010_AEw336q990,Pattern,0,0,145
Calm_2020_2020-04-19_2020-04-25,Calm_2020,DWELL_PATTERN_IFw1080q010_AEw336q990,Point,0,0,145
Calm_2020_2020-04-19_2020-04-25,Calm_2020,DWELL_PATTERN_IFw1080q010_AEw720q950,Compound,0,0,145
Calm_2020_2020-04-19_2020-04-25,Calm_2020,DWELL_PATTERN_IFw1080q010_AEw720q950,Pattern,0,0,145
Calm_2020_2020-04-19_2020-04-25,Calm_2020,DWELL_PATTERN_IFw1080q010_AEw720q950,Point,0,0,145
Calm_2020_2020-04-19_2020-04-25,Calm_2020,DWELL_PATTERN_IFw1080q010_AEw720q975,Compound,0,0,145
Calm_2020_2020-04-19_2020-04-25,Calm_2020,DWELL_PATTERN_IFw1080q010_AEw720q975,Pattern,0,0,145
Calm_2020_2020-04-19_2020-04-25,Calm_2020,DWELL_PATTERN_IFw1080q010_AEw720q975,Point,0,0,145
Calm_2020_2020-04-19_2020-04-25,Calm_2020,DWELL_PATTERN_IFw1080q010_AEw720q990,Compound,0,0,145
Calm_2020_2020-04-19_2020-04-25,Calm_2020,DWELL_PATTERN_IFw1080q010_AEw720q990,Pattern,0,0,145
Calm_2020_2020-04-19_2020-04-25,Calm_2020,DWELL_PATTERN_IFw1080q010_AEw720q990,Point,0,0,145
Calm_2020_2020-04-19_2020-04-25,Calm_2020,DWELL_PATTERN_IFw1080q030_AEw1080q950,Compound,0,0,145
Calm_2020_2020-04-19_2020-04-25,Calm_2020,DWELL_PATTERN_IFw1080q030_AEw1080q950,Pattern,0,0,145
Calm_2020_2020-04-19_2020-04-25,Calm_2020,DWELL_PATTERN_IFw1080q030_AEw1080q950,Point,0,0,145
Calm_2020_2020-04-19_2020-04-25,Calm_2020,DWELL_PATTERN_IFw1080q030_AEw1080q975,Compound,0,0,145
Calm_2020_2020-04-19_2020-04-25,Calm_2020,DWELL_PATTERN_IFw1080q030_AEw1080q975,Pattern,0,0,145
Calm_2020_2020-04-19_2020-04-25,Calm_2020,DWELL_PATTERN_IFw1080q030_AEw1080q975,Point,0,0,145
Calm_2020_2020-04-19_2020-04-25,Calm_2020,DWELL_PATTERN_IFw1080q030_AEw1080q990,Compound,0,0,145
Calm_2020_2020-04-19_2020-04-25,Calm_2020,DWELL_PATTERN_IFw1080q030_AEw1080q990,Pattern,0,0,145
Calm_2020_2020-04-19_2020-04-25,Calm_2020,DWELL_PATTERN_IFw1080q030_AEw1080q990,Point,0,0,145
Calm_2020_2020-04-19_2020-04-25,Calm_2020,DWELL_PATTERN_IFw1080q030_AEw336q950,Compound,0,0,145
Calm_2020_2020-04-19_2020-04-25,Calm_2020,DWELL_PATTERN_IFw1080q030_AEw336q950,Pattern,0,0,145
Calm_2020_2020-04-19_2020-04-25,Calm_2020,DWELL_PATTERN_IFw1080q030_AEw336q950,Point,0,0,145
Calm_2020_2020-04-19_2020-04-25,Calm_2020,DWELL_PATTERN_IFw1080q030_AEw336q975,Compound,0,0,145
Calm_2020_2020-04-19_2020-04-25,Calm_2020,DWELL_PATTERN_IFw1080q030_AEw336q975,Pattern,0,0,145
Calm_2020_2020-04-19_2020-04-25,Calm_2020,DWELL_PATTERN_IFw1080q030_AEw336q975,Point,0,0,145
Calm_2020_2020-04-19_2020-04-25,Calm_2020,DWELL_PATTERN_IFw1080q030_AEw336q990,Compound,0,0,145
Calm_2020_2020-04-19_2020-04-25,Calm_2020,DWELL_PATTERN_IFw1080q030_AEw336q990,Pattern,0,0,145
Calm_2020_2020-04-19_2020-04-25,Calm_2020,DWELL_PATTERN_IFw1080q030_AEw336q990,Point,0,0,145
Calm_2020_2020-04-19_2020-04-25,Calm_2020,DWELL_PATTERN_IFw1080q030_AEw720q950,Compound,0,0,145
Calm_2020_2020-04-19_2020-04-25,Calm_2020,DWELL_PATTERN_IFw1080q030_AEw720q950,Pattern,0,0,145
Calm_2020_2020-04-19_2020-04-25,Calm_2020,DWELL_PATTERN_IFw1080q030_AEw720q950,Point,0,0,145
Calm_2020_2020-04-19_2020-04-25,Calm_2020,DWELL_PATTERN_IFw1080q030_AEw720q975,Compound,0,0,145
Calm_2020_2020-04-19_2020-04-25,Calm_2020,DWELL_PATTERN_IFw1080q030_AEw720q975,Pattern,0,0,145
Calm_2020_2020-04-19_2020-04-25,Calm_2020,DWELL_PATTERN_IFw1080q030_AEw720q975,Point,0,0,145
Calm_2020_2020-04-19_2020-04-25,Calm_2020,DWELL_PATTERN_IFw1080q030_AEw720q990,Compound,0,0,145
Calm_2020_2020-04-19_2020-04-25,Calm_2020,DWELL_PATTERN_IFw1080q030_AEw720q990,Pattern,0,0,145
Calm_2020_2020-04-19_2020-04-25,Calm_2020,DWELL_PATTERN_IFw1080q030_AEw720q990,Point,0,0,145
Calm_2020_2020-04-19_2020-04-25,Calm_2020,DWELL_PATTERN_IFw1440q010_AEw1080q950,Compound,0,0,145
Calm_2020_2020-04-19_2020-04-25,Calm_2020,DWELL_PATTERN_IFw1440q010_AEw1080q950,Pattern,0,0,145
Calm_2020_2020-04-19_2020-04-25,Calm_2020,DWELL_PATTERN_IFw1440q010_AEw1080q950,Point,0,0,145
Calm_2020_2020-04-19_2020-04-25,Calm_2020,DWELL_PATTERN_IFw1440q010_AEw1080q975,Compound,0,0,145
Calm_2020_2020-04-19_2020-04-25,Calm_2020,DWELL_PATTERN_IFw1440q010_AEw1080q975,Pattern,0,0,145
Calm_2020_2020-04-19_2020-04-25,Calm_2020,DWELL_PATTERN_IFw1440q010_AEw1080q975,Point,0,0,145
Calm_2020_2020-04-19_2020-04-25,Calm_2020,DWELL_PATTERN_IFw1440q010_AEw1080q990,Compound,0,0,145
Calm_2020_2020-04-19_2020-04-25,Calm_2020,DWELL_PATTERN_IFw1440q010_AEw1080q990,Pattern,0,0,145
Calm_2020_2020-04-19_2020-04-25,Calm_2020,DWELL_PATTERN_IFw1440q010_AEw1080q990,Point,0,0,145
Calm_2020_2020-04-19_2020-04-25,Calm_2020,DWELL_PATTERN_IFw1440q010_AEw336q950,Compound,0,0,145
Calm_2020_2020-04-19_2020-04-25,Calm_2020,DWELL_PATTERN_IFw1440q010_AEw336q950,Pattern,0,0,145
Calm_2020_2020-04-19_2020-04-25,Calm_2020,DWELL_PATTERN_IFw1440q010_AEw336q950,Point,0,0,145
Calm_2020_2020-04-19_2020-04-25,Calm_2020,DWELL_PATTERN_IFw1440q010_AEw336q975,Compound,0,0,145
Calm_2020_2020-04-19_2020-04-25,Calm_2020,DWELL_PATTERN_IFw1440q010_AEw336q975,Pattern,0,0,145
Calm_2020_2020-04-19_2020-04-25,Calm_2020,DWELL_PATTERN_IFw1440q010_AEw336q975,Point,0,0,145
Calm_2020_2020-04-19_2020-04-25,Calm_2020,DWELL_PATTERN_IFw1440q010_AEw336q990,Compound,0,0,145
Calm_2020_2020-04-19_2020-04-25,Calm_2020,DWELL_PATTERN_IFw1440q010_AEw336q990,Pattern,0,0,145
Calm_2020_2020-04-19_2020-04-25,Calm_2020,DWELL_PATTERN_IFw1440q010_AEw336q990,Point,0,0,145
Calm_2020_2020-04-19_2020-04-25,Calm_2020,DWELL_PATTERN_IFw1440q010_AEw720q950,Compound,0,0,145
Calm_2020_2020-04-19_2020-04-25,Calm_2020,DWELL_PATTERN_IFw1440q010_AEw720q950,Pattern,0,0,145
Calm_2020_2020-04-19_2020-04-25,Calm_2020,DWELL_PATTERN_IFw1440q010_AEw720q950,Point,0,0,145
Calm_2020_2020-04-19_2020-04-25,Calm_2020,DWELL_PATTERN_IFw1440q010_AEw720q975,Compound,0,0,145
Calm_2020_2020-04-19_2020-04-25,Calm_2020,DWELL_PATTERN_IFw1440q010_AEw720q975,Pattern,0,0,145
Calm_2020_2020-04-19_2020-04-25,Calm_2020,DWELL_PATTERN_IFw1440q010_AEw720q975,Point,0,0,145
Calm_2020_2020-04-19_2020-04-25,Calm_2020,DWELL_PATTERN_IFw1440q010_AEw720q990,Compound,0,0,145
Calm_2020_2020-04-19_2020-04-25,Calm_2020,DWELL_PATTERN_IFw1440q010_AEw720q990,Pattern,0,0,145
Calm_2020_2020-04-19_2020-04-25,Calm_2020,DWELL_PATTERN_IFw1440q010_AEw720q990,Point,0,0,145
Calm_2020_2020-04-19_2020-04-25,Calm_2020,DWELL_PATTERN_IFw1440q030_AEw1080q950,Compound,0,0,145
Calm_2020_2020-04-19_2020-04-25,Calm_2020,DWELL_PATTERN_IFw1440q030_AEw1080q950,Pattern,0,0,145
Calm_2020_2020-04-19_2020-04-25,Calm_2020,DWELL_PATTERN_IFw1440q030_AEw1080q950,Point,0,0,145
Calm_2020_2020-04-19_2020-04-25,Calm_2020,DWELL_PATTERN_IFw1440q030_AEw1080q975,Compound,0,0,145
Calm_2020_2020-04-19_2020-04-25,Calm_2020,DWELL_PATTERN_IFw1440q030_AEw1080q975,Pattern,0,0,145
Calm_2020_2020-04-19_2020-04-25,Calm_2020,DWELL_PATTERN_IFw1440q030_AEw1080q975,Point,0,0,145
Calm_2020_2020-04-19_2020-04-25,Calm_2020,DWELL_PATTERN_IFw1440q030_AEw1080q990,Compound,0,0,145
Calm_2020_2020-04-19_2020-04-25,Calm_2020,DWELL_PATTERN_IFw1440q030_AEw1080q990,Pattern,0,0,145
Calm_2020_2020-04-19_2020-04-25,Calm_2020,DWELL_PATTERN_IFw1440q030_AEw1080q990,Point,0,0,145
Calm_2020_2020-04-19_2020-04-25,Calm_2020,DWELL_PATTERN_IFw1440q030_AEw336q950,Compound,0,0,145
Calm_2020_2020-04-19_2020-04-25,Calm_2020,DWELL_PATTERN_IFw1440q030_AEw336q950,Pattern,0,0,145
Calm_2020_2020-04-19_2020-04-25,Calm_2020,DWELL_PATTERN_IFw1440q030_AEw336q950,Point,0,0,145
Calm_2020_2020-04-19_2020-04-25,Calm_2020,DWELL_PATTERN_IFw1440q030_AEw336q975,Compound,0,0,145
Calm_2020_2020-04-19_2020-04-25,Calm_2020,DWELL_PATTERN_IFw1440q030_AEw336q975,Pattern,0,0,145
Calm_2020_2020-04-19_2020-04-25,Calm_2020,DWELL_PATTERN_IFw1440q030_AEw336q975,Point,0,0,145
Calm_2020_2020-04-19_2020-04-25,Calm_2020,DWELL_PATTERN_IFw1440q030_AEw336q990,Compound,0,0,145
Calm_2020_2020-04-19_2020-04-25,Calm_2020,DWELL_PATTERN_IFw1440q030_AEw336q990,Pattern,0,0,145
Calm_2020_2020-04-19_2020-04-25,Calm_2020,DWELL_PATTERN_IFw1440q030_AEw336q990,Point,0,0,145
Calm_2020_2020-04-19_2020-04-25,Calm_2020,DWELL_PATTERN_IFw1440q030_AEw720q950,Compound,0,0,145
Calm_2020_2020-04-19_2020-04-25,Calm_2020,DWELL_PATTERN_IFw1440q030_AEw720q950,Pattern,0,0,145
Calm_2020_2020-04-19_2020-04-25,Calm_2020,DWELL_PATTERN_IFw1440q030_AEw720q950,Point,0,0,145
Calm_2020_2020-04-19_2020-04-25,Calm_2020,DWELL_PATTERN_IFw1440q030_AEw720q975,Compound,0,0,145
Calm_2020_2020-04-19_2020-04-25,Calm_2020,DWELL_PATTERN_IFw1440q030_AEw720q975,Pattern,0,0,145
Calm_2020_2020-04-19_2020-04-25,Calm_2020,DWELL_PATTERN_IFw1440q030_AEw720q975,Point,0,0,145
Calm_2020_2020-04-19_2020-04-25,Calm_2020,DWELL_PATTERN_IFw1440q030_AEw720q990,Compound,0,0,145
Calm_2020_2020-04-19_2020-04-25,Calm_2020,DWELL_PATTERN_IFw1440q030_AEw720q990,Pattern,0,0,145
Calm_2020_2020-04-19_2020-04-25,Calm_2020,DWELL_PATTERN_IFw1440q030_AEw720q990,Point,0,0,145
Calm_2020_2020-04-19_2020-04-25,Calm_2020,DWELL_PATTERN_IFw336q010_AEw1080q950,Compound,0,0,145
Calm_2020_2020-04-19_2020-04-25,Calm_2020,DWELL_PATTERN_IFw336q010_AEw1080q950,Pattern,0,0,145
Calm_2020_2020-04-19_2020-04-25,Calm_2020,DWELL_PATTERN_IFw336q010_AEw1080q950,Point,0,0,145
Calm_2020_2020-04-19_2020-04-25,Calm_2020,DWELL_PATTERN_IFw336q010_AEw1080q975,Compound,0,0,145
Calm_2020_2020-04-19_2020-04-25,Calm_2020,DWELL_PATTERN_IFw336q010_AEw1080q975,Pattern,0,0,145
Calm_2020_2020-04-19_2020-04-25,Calm_2020,DWELL_PATTERN_IFw336q010_AEw1080q975,Point,0,0,145
Calm_2020_2020-04-19_2020-04-25,Calm_2020,DWELL_PATTERN_IFw336q010_AEw1080q990,Compound,0,0,145
Calm_2020_2020-04-19_2020-04-25,Calm_2020,DWELL_PATTERN_IFw336q010_AEw1080q990,Pattern,0,0,145
Calm_2020_2020-04-19_2020-04-25,Calm_2020,DWELL_PATTERN_IFw336q010_AEw1080q990,Point,0,0,145
Calm_2020_2020-04-19_2020-04-25,Calm_2020,DWELL_PATTERN_IFw336q010_AEw336q950,Compound,0,0,145
Calm_2020_2020-04-19_2020-04-25,Calm_2020,DWELL_PATTERN_IFw336q010_AEw336q950,Pattern,0,0,145
Calm_2020_2020-04-19_2020-04-25,Calm_2020,DWELL_PATTERN_IFw336q010_AEw336q950,Point,0,0,145
Calm_2020_2020-04-19_2020-04-25,Calm_2020,DWELL_PATTERN_IFw336q010_AEw336q975,Compound,0,0,145
Calm_2020_2020-04-19_2020-04-25,Calm_2020,DWELL_PATTERN_IFw336q010_AEw336q975,Pattern,0,0,145
Calm_2020_2020-04-19_2020-04-25,Calm_2020,DWELL_PATTERN_IFw336q010_AEw336q975,Point,0,0,145
Calm_2020_2020-04-19_2020-04-25,Calm_2020,DWELL_PATTERN_IFw336q010_AEw336q990,Compound,0,0,145
Calm_2020_2020-04-19_2020-04-25,Calm_2020,DWELL_PATTERN_IFw336q010_AEw336q990,Pattern,0,0,145
Calm_2020_2020-04-19_2020-04-25,Calm_2020,DWELL_PATTERN_IFw336q010_AEw336q990,Point,0,0,145
Calm_2020_2020-04-19_2020-04-25,Calm_2020,DWELL_PATTERN_IFw336q010_AEw720q950,Compound,0,0,145
Calm_2020_2020-04-19_2020-04-25,Calm_2020,DWELL_PATTERN_IFw336q010_AEw720q950,Pattern,0,0,145
Calm_2020_2020-04-19_2020-04-25,Calm_2020,DWELL_PATTERN_IFw336q010_AEw720q950,Point,0,0,145
Calm_2020_2020-04-19_2020-04-25,Calm_2020,DWELL_PATTERN_IFw336q010_AEw720q975,Compound,0,0,145
Calm_2020_2020-04-19_2020-04-25,Calm_2020,DWELL_PATTERN_IFw336q010_AEw720q975,Pattern,0,0,145
Calm_2020_2020-04-19_2020-04-25,Calm_2020,DWELL_PATTERN_IFw336q010_AEw720q975,Point,0,0,145
Calm_2020_2020-04-19_2020-04-25,Calm_2020,DWELL_PATTERN_IFw336q010_AEw720q990,Compound,0,0,145
Calm_2020_2020-04-19_2020-04-25,Calm_2020,DWELL_PATTERN_IFw336q010_AEw720q990,Pattern,0,0,145
Calm_2020_2020-04-19_2020-04-25,Calm_2020,DWELL_PATTERN_IFw336q010_AEw720q990,Point,0,0,145
Calm_2020_2020-04-19_2020-04-25,Calm_2020,DWELL_PATTERN_IFw336q030_AEw1080q950,Compound,0,0,145
Calm_2020_2020-04-19_2020-04-25,Calm_2020,DWELL_PATTERN_IFw336q030_AEw1080q950,Pattern,0,0,145
Calm_2020_2020-04-19_2020-04-25,Calm_2020,DWELL_PATTERN_IFw336q030_AEw1080q950,Point,0,0,145
Calm_2020_2020-04-19_2020-04-25,Calm_2020,DWELL_PATTERN_IFw336q030_AEw1080q975,Compound,0,0,145
Calm_2020_2020-04-19_2020-04-25,Calm_2020,DWELL_PATTERN_IFw336q030_AEw1080q975,Pattern,0,0,145
Calm_2020_2020-04-19_2020-04-25,Calm_2020,DWELL_PATTERN_IFw336q030_AEw1080q975,Point,0,0,145
Calm_2020_2020-04-19_2020-04-25,Calm_2020,DWELL_PATTERN_IFw336q030_AEw1080q990,Compound,0,0,145
Calm_2020_2020-04-19_2020-04-25,Calm_2020,DWELL_PATTERN_IFw336q030_AEw1080q990,Pattern,0,0,145
Calm_2020_2020-04-19_2020-04-25,Calm_2020,DWELL_PATTERN_IFw336q030_AEw1080q990,Point,0,0,145
Calm_2020_2020-04-19_2020-04-25,Calm_2020,DWELL_PATTERN_IFw336q030_AEw336q950,Compound,0,0,145
Calm_2020_2020-04-19_2020-04-25,Calm_2020,DWELL_PATTERN_IFw336q030_AEw336q950,Pattern,0,0,145
Calm_2020_2020-04-19_2020-04-25,Calm_2020,DWELL_PATTERN_IFw336q030_AEw336q950,Point,0,0,145
Calm_2020_2020-04-19_2020-04-25,Calm_2020,DWELL_PATTERN_IFw336q030_AEw336q975,Compound,0,0,145
Calm_2020_2020-04-19_2020-04-25,Calm_2020,DWELL_PATTERN_IFw336q030_AEw336q975,Pattern,0,0,145
Calm_2020_2020-04-19_2020-04-25,Calm_2020,DWELL_PATTERN_IFw336q030_AEw336q975,Point,0,0,145
Calm_2020_2020-04-19_2020-04-25,Calm_2020,DWELL_PATTERN_IFw336q030_AEw336q990,Compound,0,0,145
Calm_2020_2020-04-19_2020-04-25,Calm_2020,DWELL_PATTERN_IFw336q030_AEw336q990,Pattern,0,0,145
Calm_2020_2020-04-19_2020-04-25,Calm_2020,DWELL_PATTERN_IFw336q030_AEw336q990,Point,0,0,145
Calm_2020_2020-04-19_2020-04-25,Calm_2020,DWELL_PATTERN_IFw336q030_AEw720q950,Compound,0,0,145
Calm_2020_2020-04-19_2020-04-25,Calm_2020,DWELL_PATTERN_IFw336q030_AEw720q950,Pattern,0,0,145
Calm_2020_2020-04-19_2020-04-25,Calm_2020,DWELL_PATTERN_IFw336q030_AEw720q950,Point,0,0,145
Calm_2020_2020-04-19_2020-04-25,Calm_2020,DWELL_PATTERN_IFw336q030_AEw720q975,Compound,0,0,145
Calm_2020_2020-04-19_2020-04-25,Calm_2020,DWELL_PATTERN_IFw336q030_AEw720q975,Pattern,0,0,145
Calm_2020_2020-04-19_2020-04-25,Calm_2020,DWELL_PATTERN_IFw336q030_AEw720q975,Point,0,0,145
Calm_2020_2020-04-19_2020-04-25,Calm_2020,DWELL_PATTERN_IFw336q030_AEw720q990,Compound,0,0,145
Calm_2020_2020-04-19_2020-04-25,Calm_2020,DWELL_PATTERN_IFw336q030_AEw720q990,Pattern,0,0,145
Calm_2020_2020-04-19_2020-04-25,Calm_2020,DWELL_PATTERN_IFw336q030_AEw720q990,Point,0,0,145
Calm_2020_2020-04-19_2020-04-25,Calm_2020,DWELL_PATTERN_IFw720q010_AEw1080q950,Compound,0,0,145
Calm_2020_2020-04-19_2020-04-25,Calm_2020,DWELL_PATTERN_IFw720q010_AEw1080q950,Pattern,0,0,145
Calm_2020_2020-04-19_2020-04-25,Calm_2020,DWELL_PATTERN_IFw720q010_AEw1080q950,Point,0,0,145
Calm_2020_2020-04-19_2020-04-25,Calm_2020,DWELL_PATTERN_IFw720q010_AEw1080q975,Compound,0,0,145
Calm_2020_2020-04-19_2020-04-25,Calm_2020,DWELL_PATTERN_IFw720q010_AEw1080q975,Pattern,0,0,145
Calm_2020_2020-04-19_2020-04-25,Calm_2020,DWELL_PATTERN_IFw720q010_AEw1080q975,Point,0,0,145
Calm_2020_2020-04-19_2020-04-25,Calm_2020,DWELL_PATTERN_IFw720q010_AEw1080q990,Compound,0,0,145
Calm_2020_2020-04-19_2020-04-25,Calm_2020,DWELL_PATTERN_IFw720q010_AEw1080q990,Pattern,0,0,145
Calm_2020_2020-04-19_2020-04-25,Calm_2020,DWELL_PATTERN_IFw720q010_AEw1080q990,Point,0,0,145
Calm_2020_2020-04-19_2020-04-25,Calm_2020,DWELL_PATTERN_IFw720q010_AEw336q950,Compound,0,0,145
Calm_2020_2020-04-19_2020-04-25,Calm_2020,DWELL_PATTERN_IFw720q010_AEw336q950,Pattern,0,0,145
Calm_2020_2020-04-19_2020-04-25,Calm_2020,DWELL_PATTERN_IFw720q010_AEw336q950,Point,0,0,145
Calm_2020_2020-04-19_2020-04-25,Calm_2020,DWELL_PATTERN_IFw720q010_AEw336q975,Compound,0,0,145
Calm_2020_2020-04-19_2020-04-25,Calm_2020,DWELL_PATTERN_IFw720q010_AEw336q975,Pattern,0,0,145
Calm_2020_2020-04-19_2020-04-25,Calm_2020,DWELL_PATTERN_IFw720q010_AEw336q975,Point,0,0,145
Calm_2020_2020-04-19_2020-04-25,Calm_2020,DWELL_PATTERN_IFw720q010_AEw336q990,Compound,0,0,145
Calm_2020_2020-04-19_2020-04-25,Calm_2020,DWELL_PATTERN_IFw720q010_AEw336q990,Pattern,0,0,145
Calm_2020_2020-04-19_2020-04-25,Calm_2020,DWELL_PATTERN_IFw720q010_AEw336q990,Point,0,0,145
Calm_2020_2020-04-19_2020-04-25,Calm_2020,DWELL_PATTERN_IFw720q010_AEw720q950,Compound,0,0,145
Calm_2020_2020-04-19_2020-04-25,Calm_2020,DWELL_PATTERN_IFw720q010_AEw720q950,Pattern,0,0,145
Calm_2020_2020-04-19_2020-04-25,Calm_2020,DWELL_PATTERN_IFw720q010_AEw720q950,Point,0,0,145
Calm_2020_2020-04-19_2020-04-25,Calm_2020,DWELL_PATTERN_IFw720q010_AEw720q975,Compound,0,0,145
Calm_2020_2020-04-19_2020-04-25,Calm_2020,DWELL_PATTERN_IFw720q010_AEw720q975,Pattern,0,0,145
Calm_2020_2020-04-19_2020-04-25,Calm_2020,DWELL_PATTERN_IFw720q010_AEw720q975,Point,0,0,145
Calm_2020_2020-04-19_2020-04-25,Calm_2020,DWELL_PATTERN_IFw720q010_AEw720q990,Compound,0,0,145
Calm_2020_2020-04-19_2020-04-25,Calm_2020,DWELL_PATTERN_IFw720q010_AEw720q990,Pattern,0,0,145
Calm_2020_2020-04-19_2020-04-25,Calm_2020,DWELL_PATTERN_IFw720q010_AEw720q990,Point,0,0,145
Calm_2020_2020-04-19_2020-04-25,Calm_2020,DWELL_PATTERN_IFw720q030_AEw1080q950,Compound,0,0,145
Calm_2020_2020-04-19_2020-04-25,Calm_2020,DWELL_PATTERN_IFw720q030_AEw1080q950,Pattern,0,0,145
Calm_2020_2020-04-19_2020-04-25,Calm_2020,DWELL_PATTERN_IFw720q030_AEw1080q950,Point,0,0,145
Calm_2020_2020-04-19_2020-04-25,Calm_2020,DWELL_PATTERN_IFw720q030_AEw1080q975,Compound,0,0,145
Calm_2020_2020-04-19_2020-04-25,Calm_2020,DWELL_PATTERN_IFw720q030_AEw1080q975,Pattern,0,0,145
Calm_2020_2020-04-19_2020-04-25,Calm_2020,DWELL_PATTERN_IFw720q030_AEw1080q975,Point,0,0,145
Calm_2020_2020-04-19_2020-04-25,Calm_2020,DWELL_PATTERN_IFw720q030_AEw1080q990,Compound,0,0,145
Calm_2020_2020-04-19_2020-04-25,Calm_2020,DWELL_PATTERN_IFw720q030_AEw1080q990,Pattern,0,0,145
Calm_2020_2020-04-19_2020-04-25,Calm_2020,DWELL_PATTERN_IFw720q030_AEw1080q990,Point,0,0,145
Calm_2020_2020-04-19_2020-04-25,Calm_2020,DWELL_PATTERN_IFw720q030_AEw336q950,Compound,0,0,145
Calm_2020_2020-04-19_2020-04-25,Calm_2020,DWELL_PATTERN_IFw720q030_AEw336q950,Pattern,0,0,145
Calm_2020_2020-04-19_2020-04-25,Calm_2020,DWELL_PATTERN_IFw720q030_AEw336q950,Point,0,0,145
Calm_2020_2020-04-19_2020-04-25,Calm_2020,DWELL_PATTERN_IFw720q030_AEw336q975,Compound,0,0,145
Calm_2020_2020-04-19_2020-04-25,Calm_2020,DWELL_PATTERN_IFw720q030_AEw336q975,Pattern,0,0,145
Calm_2020_2020-04-19_2020-04-25,Calm_2020,DWELL_PATTERN_IFw720q030_AEw336q975,Point,0,0,145
Calm_2020_2020-04-19_2020-04-25,Calm_2020,DWELL_PATTERN_IFw720q030_AEw336q990,Compound,0,0,145
Calm_2020_2020-04-19_2020-04-25,Calm_2020,DWELL_PATTERN_IFw720q030_AEw336q990,Pattern,0,0,145
Calm_2020_2020-04-19_2020-04-25,Calm_2020,DWELL_PATTERN_IFw720q030_AEw336q990,Point,0,0,145
Calm_2020_2020-04-19_2020-04-25,Calm_2020,DWELL_PATTERN_IFw720q030_AEw720q950,Compound,0,0,145
Calm_2020_2020-04-19_2020-04-25,Calm_2020,DWELL_PATTERN_IFw720q030_AEw720q950,Pattern,0,0,145
Calm_2020_2020-04-19_2020-04-25,Calm_2020,DWELL_PATTERN_IFw720q030_AEw720q950,Point,0,0,145
Calm_2020_2020-04-19_2020-04-25,Calm_2020,DWELL_PATTERN_IFw720q030_AEw720q975,Compound,0,0,145
Calm_2020_2020-04-19_2020-04-25,Calm_2020,DWELL_PATTERN_IFw720q030_AEw720q975,Pattern,0,0,145
Calm_2020_2020-04-19_2020-04-25,Calm_2020,DWELL_PATTERN_IFw720q030_AEw720q975,Point,0,0,145
Calm_2020_2020-04-19_2020-04-25,Calm_2020,DWELL_PATTERN_IFw720q030_AEw720q990,Compound,0,0,145
Calm_2020_2020-04-19_2020-04-25,Calm_2020,DWELL_PATTERN_IFw720q030_AEw720q990,Pattern,0,0,145
Calm_2020_2020-04-19_2020-04-25,Calm_2020,DWELL_PATTERN_IFw720q030_AEw720q990,Point,0,0,145
Calm_2020_2020-04-19_2020-04-25,Calm_2020,adaptive_IFw1080q010_AEw1080q950,Compound,0,0,145
Calm_2020_2020-04-19_2020-04-25,Calm_2020,adaptive_IFw1080q010_AEw1080q950,Pattern,2,0,145
Calm_2020_2020-04-19_2020-04-25,Calm_2020,adaptive_IFw1080q010_AEw1080q950,Point,0,0,145
Calm_2020_2020-04-19_2020-04-25,Calm_2020,adaptive_IFw1080q010_AEw1080q975,Compound,0,0,145
Calm_2020_2020-04-19_2020-04-25,Calm_2020,adaptive_IFw1080q010_AEw1080q975,Pattern,0,0,145
Calm_2020_2020-04-19_2020-04-25,Calm_2020,adaptive_IFw1080q010_AEw1080q975,Point,0,0,145
Calm_2020_2020-04-19_2020-04-25,Calm_2020,adaptive_IFw1080q010_AEw1080q990,Compound,0,0,145
Calm_2020_2020-04-19_2020-04-25,Calm_2020,adaptive_IFw1080q010_AEw1080q990,Pattern,0,0,145
Calm_2020_2020-04-19_2020-04-25,Calm_2020,adaptive_IFw1080q010_AEw1080q990,Point,0,0,145
Calm_2020_2020-04-19_2020-04-25,Calm_2020,adaptive_IFw1080q010_AEw336q950,Compound,0,0,145
Calm_2020_2020-04-19_2020-04-25,Calm_2020,adaptive_IFw1080q010_AEw336q950,Pattern,7,0,145
Calm_2020_2020-04-19_2020-04-25,Calm_2020,adaptive_IFw1080q010_AEw336q950,Point,0,0,145
Calm_2020_2020-04-19_2020-04-25,Calm_2020,adaptive_IFw1080q010_AEw336q975,Compound,0,0,145
Calm_2020_2020-04-19_2020-04-25,Calm_2020,adaptive_IFw1080q010_AEw336q975,Pattern,4,0,145
Calm_2020_2020-04-19_2020-04-25,Calm_2020,adaptive_IFw1080q010_AEw336q975,Point,0,0,145
Calm_2020_2020-04-19_2020-04-25,Calm_2020,adaptive_IFw1080q010_AEw336q990,Compound,0,0,145
Calm_2020_2020-04-19_2020-04-25,Calm_2020,adaptive_IFw1080q010_AEw336q990,Pattern,0,0,145
Calm_2020_2020-04-19_2020-04-25,Calm_2020,adaptive_IFw1080q010_AEw336q990,Point,0,0,145
Calm_2020_2020-04-19_2020-04-25,Calm_2020,adaptive_IFw1080q010_AEw720q950,Compound,0,0,145
Calm_2020_2020-04-19_2020-04-25,Calm_2020,adaptive_IFw1080q010_AEw720q950,Pattern,0,0,145
Calm_2020_2020-04-19_2020-04-25,Calm_2020,adaptive_IFw1080q010_AEw720q950,Point,0,0,145
Calm_2020_2020-04-19_2020-04-25,Calm_2020,adaptive_IFw1080q010_AEw720q975,Compound,0,0,145
Calm_2020_2020-04-19_2020-04-25,Calm_2020,adaptive_IFw1080q010_AEw720q975,Pattern,0,0,145
Calm_2020_2020-04-19_2020-04-25,Calm_2020,adaptive_IFw1080q010_AEw720q975,Point,0,0,145
Calm_2020_2020-04-19_2020-04-25,Calm_2020,adaptive_IFw1080q010_AEw720q990,Compound,0,0,145
Calm_2020_2020-04-19_2020-04-25,Calm_2020,adaptive_IFw1080q010_AEw720q990,Pattern,0,0,145
Calm_2020_2020-04-19_2020-04-25,Calm_2020,adaptive_IFw1080q010_AEw720q990,Point,0,0,145
Calm_2020_2020-04-19_2020-04-25,Calm_2020,adaptive_IFw1080q030_AEw1080q950,Compound,0,0,145
Calm_2020_2020-04-19_2020-04-25,Calm_2020,adaptive_IFw1080q030_AEw1080q950,Pattern,2,0,145
Calm_2020_2020-04-19_2020-04-25,Calm_2020,adaptive_IFw1080q030_AEw1080q950,Point,0,0,145
Calm_2020_2020-04-19_2020-04-25,Calm_2020,adaptive_IFw1080q030_AEw1080q975,Compound,0,0,145
Calm_2020_2020-04-19_2020-04-25,Calm_2020,adaptive_IFw1080q030_AEw1080q975,Pattern,0,0,145
Calm_2020_2020-04-19_2020-04-25,Calm_2020,adaptive_IFw1080q030_AEw1080q975,Point,0,0,145
Calm_2020_2020-04-19_2020-04-25,Calm_2020,adaptive_IFw1080q030_AEw1080q990,Compound,0,0,145
Calm_2020_2020-04-19_2020-04-25,Calm_2020,adaptive_IFw1080q030_AEw1080q990,Pattern,0,0,145
Calm_2020_2020-04-19_2020-04-25,Calm_2020,adaptive_IFw1080q030_AEw1080q990,Point,0,0,145
Calm_2020_2020-04-19_2020-04-25,Calm_2020,adaptive_IFw1080q030_AEw336q950,Compound,0,0,145
Calm_2020_2020-04-19_2020-04-25,Calm_2020,adaptive_IFw1080q030_AEw336q950,Pattern,7,0,145
Calm_2020_2020-04-19_2020-04-25,Calm_2020,adaptive_IFw1080q030_AEw336q950,Point,0,0,145
Calm_2020_2020-04-19_2020-04-25,Calm_2020,adaptive_IFw1080q030_AEw336q975,Compound,0,0,145
Calm_2020_2020-04-19_2020-04-25,Calm_2020,adaptive_IFw1080q030_AEw336q975,Pattern,4,0,145
Calm_2020_2020-04-19_2020-04-25,Calm_2020,adaptive_IFw1080q030_AEw336q975,Point,0,0,145
Calm_2020_2020-04-19_2020-04-25,Calm_2020,adaptive_IFw1080q030_AEw336q990,Compound,0,0,145
Calm_2020_2020-04-19_2020-04-25,Calm_2020,adaptive_IFw1080q030_AEw336q990,Pattern,0,0,145
Calm_2020_2020-04-19_2020-04-25,Calm_2020,adaptive_IFw1080q030_AEw336q990,Point,0,0,145
Calm_2020_2020-04-19_2020-04-25,Calm_2020,adaptive_IFw1080q030_AEw720q950,Compound,0,0,145
Calm_2020_2020-04-19_2020-04-25,Calm_2020,adaptive_IFw1080q030_AEw720q950,Pattern,0,0,145
Calm_2020_2020-04-19_2020-04-25,Calm_2020,adaptive_IFw1080q030_AEw720q950,Point,0,0,145
Calm_2020_2020-04-19_2020-04-25,Calm_2020,adaptive_IFw1080q030_AEw720q975,Compound,0,0,145
Calm_2020_2020-04-19_2020-04-25,Calm_2020,adaptive_IFw1080q030_AEw720q975,Pattern,0,0,145
Calm_2020_2020-04-19_2020-04-25,Calm_2020,adaptive_IFw1080q030_AEw720q975,Point,0,0,145
Calm_2020_2020-04-19_2020-04-25,Calm_2020,adaptive_IFw1080q030_AEw720q990,Compound,0,0,145
Calm_2020_2020-04-19_2020-04-25,Calm_2020,adaptive_IFw1080q030_AEw720q990,Pattern,0,0,145
Calm_2020_2020-04-19_2020-04-25,Calm_2020,adaptive_IFw1080q030_AEw720q990,Point,0,0,145
Calm_2020_2020-04-19_2020-04-25,Calm_2020,adaptive_IFw1440q010_AEw1080q950,Compound,0,0,145
Calm_2020_2020-04-19_2020-04-25,Calm_2020,adaptive_IFw1440q010_AEw1080q950,Pattern,2,0,145
Calm_2020_2020-04-19_2020-04-25,Calm_2020,adaptive_IFw1440q010_AEw1080q950,Point,0,0,145
Calm_2020_2020-04-19_2020-04-25,Calm_2020,adaptive_IFw1440q010_AEw1080q975,Compound,0,0,145
Calm_2020_2020-04-19_2020-04-25,Calm_2020,adaptive_IFw1440q010_AEw1080q975,Pattern,0,0,145
Calm_2020_2020-04-19_2020-04-25,Calm_2020,adaptive_IFw1440q010_AEw1080q975,Point,0,0,145
Calm_2020_2020-04-19_2020-04-25,Calm_2020,adaptive_IFw1440q010_AEw1080q990,Compound,0,0,145
Calm_2020_2020-04-19_2020-04-25,Calm_2020,adaptive_IFw1440q010_AEw1080q990,Pattern,0,0,145
Calm_2020_2020-04-19_2020-04-25,Calm_2020,adaptive_IFw1440q010_AEw1080q990,Point,0,0,145
Calm_2020_2020-04-19_2020-04-25,Calm_2020,adaptive_IFw1440q010_AEw336q950,Compound,0,0,145
Calm_2020_2020-04-19_2020-04-25,Calm_2020,adaptive_IFw1440q010_AEw336q950,Pattern,7,0,145
Calm_2020_2020-04-19_2020-04-25,Calm_2020,adaptive_IFw1440q010_AEw336q950,Point,0,0,145
Calm_2020_2020-04-19_2020-04-25,Calm_2020,adaptive_IFw1440q010_AEw336q975,Compound,0,0,145
Calm_2020_2020-04-19_2020-04-25,Calm_2020,adaptive_IFw1440q010_AEw336q975,Pattern,4,0,145
Calm_2020_2020-04-19_2020-04-25,Calm_2020,adaptive_IFw1440q010_AEw336q975,Point,0,0,145
Calm_2020_2020-04-19_2020-04-25,Calm_2020,adaptive_IFw1440q010_AEw336q990,Compound,0,0,145
Calm_2020_2020-04-19_2020-04-25,Calm_2020,adaptive_IFw1440q010_AEw336q990,Pattern,0,0,145
Calm_2020_2020-04-19_2020-04-25,Calm_2020,adaptive_IFw1440q010_AEw336q990,Point,0,0,145
Calm_2020_2020-04-19_2020-04-25,Calm_2020,adaptive_IFw1440q010_AEw720q950,Compound,0,0,145
Calm_2020_2020-04-19_2020-04-25,Calm_2020,adaptive_IFw1440q010_AEw720q950,Pattern,0,0,145
Calm_2020_2020-04-19_2020-04-25,Calm_2020,adaptive_IFw1440q010_AEw720q950,Point,0,0,145
Calm_2020_2020-04-19_2020-04-25,Calm_2020,adaptive_IFw1440q010_AEw720q975,Compound,0,0,145
Calm_2020_2020-04-19_2020-04-25,Calm_2020,adaptive_IFw1440q010_AEw720q975,Pattern,0,0,145
Calm_2020_2020-04-19_2020-04-25,Calm_2020,adaptive_IFw1440q010_AEw720q975,Point,0,0,145
Calm_2020_2020-04-19_2020-04-25,Calm_2020,adaptive_IFw1440q010_AEw720q990,Compound,0,0,145
Calm_2020_2020-04-19_2020-04-25,Calm_2020,adaptive_IFw1440q010_AEw720q990,Pattern,0,0,145
Calm_2020_2020-04-19_2020-04-25,Calm_2020,adaptive_IFw1440q010_AEw720q990,Point,0,0,145
Calm_2020_2020-04-19_2020-04-25,Calm_2020,adaptive_IFw1440q030_AEw1080q950,Compound,0,0,145
Calm_2020_2020-04-19_2020-04-25,Calm_2020,adaptive_IFw1440q030_AEw1080q950,Pattern,2,0,145
Calm_2020_2020-04-19_2020-04-25,Calm_2020,adaptive_IFw1440q030_AEw1080q950,Point,0,0,145
Calm_2020_2020-04-19_2020-04-25,Calm_2020,adaptive_IFw1440q030_AEw1080q975,Compound,0,0,145
Calm_2020_2020-04-19_2020-04-25,Calm_2020,adaptive_IFw1440q030_AEw1080q975,Pattern,0,0,145
Calm_2020_2020-04-19_2020-04-25,Calm_2020,adaptive_IFw1440q030_AEw1080q975,Point,0,0,145
Calm_2020_2020-04-19_2020-04-25,Calm_2020,adaptive_IFw1440q030_AEw1080q990,Compound,0,0,145
Calm_2020_2020-04-19_2020-04-25,Calm_2020,adaptive_IFw1440q030_AEw1080q990,Pattern,0,0,145
Calm_2020_2020-04-19_2020-04-25,Calm_2020,adaptive_IFw1440q030_AEw1080q990,Point,0,0,145
Calm_2020_2020-04-19_2020-04-25,Calm_2020,adaptive_IFw1440q030_AEw336q950,Compound,0,0,145
Calm_2020_2020-04-19_2020-04-25,Calm_2020,adaptive_IFw1440q030_AEw336q950,Pattern,7,0,145
Calm_2020_2020-04-19_2020-04-25,Calm_2020,adaptive_IFw1440q030_AEw336q950,Point,0,0,145
Calm_2020_2020-04-19_2020-04-25,Calm_2020,adaptive_IFw1440q030_AEw336q975,Compound,0,0,145
Calm_2020_2020-04-19_2020-04-25,Calm_2020,adaptive_IFw1440q030_AEw336q975,Pattern,4,0,145
Calm_2020_2020-04-19_2020-04-25,Calm_2020,adaptive_IFw1440q030_AEw336q975,Point,0,0,145
Calm_2020_2020-04-19_2020-04-25,Calm_2020,adaptive_IFw1440q030_AEw336q990,Compound,0,0,145
Calm_2020_2020-04-19_2020-04-25,Calm_2020,adaptive_IFw1440q030_AEw336q990,Pattern,0,0,145
Calm_2020_2020-04-19_2020-04-25,Calm_2020,adaptive_IFw1440q030_AEw336q990,Point,0,0,145
Calm_2020_2020-04-19_2020-04-25,Calm_2020,adaptive_IFw1440q030_AEw720q950,Compound,0,0,145
Calm_2020_2020-04-19_2020-04-25,Calm_2020,adaptive_IFw1440q030_AEw720q950,Pattern,0,0,145
Calm_2020_2020-04-19_2020-04-25,Calm_2020,adaptive_IFw1440q030_AEw720q950,Point,0,0,145
Calm_2020_2020-04-19_2020-04-25,Calm_2020,adaptive_IFw1440q030_AEw720q975,Compound,0,0,145
Calm_2020_2020-04-19_2020-04-25,Calm_2020,adaptive_IFw1440q030_AEw720q975,Pattern,0,0,145
Calm_2020_2020-04-19_2020-04-25,Calm_2020,adaptive_IFw1440q030_AEw720q975,Point,0,0,145
Calm_2020_2020-04-19_2020-04-25,Calm_2020,adaptive_IFw1440q030_AEw720q990,Compound,0,0,145
Calm_2020_2020-04-19_2020-04-25,Calm_2020,adaptive_IFw1440q030_AEw720q990,Pattern,0,0,145
Calm_2020_2020-04-19_2020-04-25,Calm_2020,adaptive_IFw1440q030_AEw720q990,Point,0,0,145
Calm_2020_2020-04-19_2020-04-25,Calm_2020,adaptive_IFw336q010_AEw1080q950,Compound,0,0,145
Calm_2020_2020-04-19_2020-04-25,Calm_2020,adaptive_IFw336q010_AEw1080q950,Pattern,2,0,145
Calm_2020_2020-04-19_2020-04-25,Calm_2020,adaptive_IFw336q010_AEw1080q950,Point,0,0,145
Calm_2020_2020-04-19_2020-04-25,Calm_2020,adaptive_IFw336q010_AEw1080q975,Compound,0,0,145
Calm_2020_2020-04-19_2020-04-25,Calm_2020,adaptive_IFw336q010_AEw1080q975,Pattern,0,0,145
Calm_2020_2020-04-19_2020-04-25,Calm_2020,adaptive_IFw336q010_AEw1080q975,Point,0,0,145
Calm_2020_2020-04-19_2020-04-25,Calm_2020,adaptive_IFw336q010_AEw1080q990,Compound,0,0,145
Calm_2020_2020-04-19_2020-04-25,Calm_2020,adaptive_IFw336q010_AEw1080q990,Pattern,0,0,145
Calm_2020_2020-04-19_2020-04-25,Calm_2020,adaptive_IFw336q010_AEw1080q990,Point,0,0,145
Calm_2020_2020-04-19_2020-04-25,Calm_2020,adaptive_IFw336q010_AEw336q950,Compound,0,0,145
Calm_2020_2020-04-19_2020-04-25,Calm_2020,adaptive_IFw336q010_AEw336q950,Pattern,7,0,145
Calm_2020_2020-04-19_2020-04-25,Calm_2020,adaptive_IFw336q010_AEw336q950,Point,0,0,145
Calm_2020_2020-04-19_2020-04-25,Calm_2020,adaptive_IFw336q010_AEw336q975,Compound,0,0,145
Calm_2020_2020-04-19_2020-04-25,Calm_2020,adaptive_IFw336q010_AEw336q975,Pattern,4,0,145
Calm_2020_2020-04-19_2020-04-25,Calm_2020,adaptive_IFw336q010_AEw336q975,Point,0,0,145
Calm_2020_2020-04-19_2020-04-25,Calm_2020,adaptive_IFw336q010_AEw336q990,Compound,0,0,145
Calm_2020_2020-04-19_2020-04-25,Calm_2020,adaptive_IFw336q010_AEw336q990,Pattern,0,0,145
Calm_2020_2020-04-19_2020-04-25,Calm_2020,adaptive_IFw336q010_AEw336q990,Point,0,0,145
Calm_2020_2020-04-19_2020-04-25,Calm_2020,adaptive_IFw336q010_AEw720q950,Compound,0,0,145
Calm_2020_2020-04-19_2020-04-25,Calm_2020,adaptive_IFw336q010_AEw720q950,Pattern,0,0,145
Calm_2020_2020-04-19_2020-04-25,Calm_2020,adaptive_IFw336q010_AEw720q950,Point,0,0,145
Calm_2020_2020-04-19_2020-04-25,Calm_2020,adaptive_IFw336q010_AEw720q975,Compound,0,0,145
Calm_2020_2020-04-19_2020-04-25,Calm_2020,adaptive_IFw336q010_AEw720q975,Pattern,0,0,145
Calm_2020_2020-04-19_2020-04-25,Calm_2020,adaptive_IFw336q010_AEw720q975,Point,0,0,145
Calm_2020_2020-04-19_2020-04-25,Calm_2020,adaptive_IFw336q010_AEw720q990,Compound,0,0,145
Calm_2020_2020-04-19_2020-04-25,Calm_2020,adaptive_IFw336q010_AEw720q990,Pattern,0,0,145
Calm_2020_2020-04-19_2020-04-25,Calm_2020,adaptive_IFw336q010_AEw720q990,Point,0,0,145
Calm_2020_2020-04-19_2020-04-25,Calm_2020,adaptive_IFw336q030_AEw1080q950,Compound,0,0,145
Calm_2020_2020-04-19_2020-04-25,Calm_2020,adaptive_IFw336q030_AEw1080q950,Pattern,2,0,145
Calm_2020_2020-04-19_2020-04-25,Calm_2020,adaptive_IFw336q030_AEw1080q950,Point,0,0,145
Calm_2020_2020-04-19_2020-04-25,Calm_2020,adaptive_IFw336q030_AEw1080q975,Compound,0,0,145
Calm_2020_2020-04-19_2020-04-25,Calm_2020,adaptive_IFw336q030_AEw1080q975,Pattern,0,0,145
Calm_2020_2020-04-19_2020-04-25,Calm_2020,adaptive_IFw336q030_AEw1080q975,Point,0,0,145
Calm_2020_2020-04-19_2020-04-25,Calm_2020,adaptive_IFw336q030_AEw1080q990,Compound,0,0,145
Calm_2020_2020-04-19_2020-04-25,Calm_2020,adaptive_IFw336q030_AEw1080q990,Pattern,0,0,145
Calm_2020_2020-04-19_2020-04-25,Calm_2020,adaptive_IFw336q030_AEw1080q990,Point,0,0,145
Calm_2020_2020-04-19_2020-04-25,Calm_2020,adaptive_IFw336q030_AEw336q950,Compound,0,0,145
Calm_2020_2020-04-19_2020-04-25,Calm_2020,adaptive_IFw336q030_AEw336q950,Pattern,7,0,145
Calm_2020_2020-04-19_2020-04-25,Calm_2020,adaptive_IFw336q030_AEw336q950,Point,0,0,145
Calm_2020_2020-04-19_2020-04-25,Calm_2020,adaptive_IFw336q030_AEw336q975,Compound,0,0,145
Calm_2020_2020-04-19_2020-04-25,Calm_2020,adaptive_IFw336q030_AEw336q975,Pattern,4,0,145
Calm_2020_2020-04-19_2020-04-25,Calm_2020,adaptive_IFw336q030_AEw336q975,Point,0,0,145
Calm_2020_2020-04-19_2020-04-25,Calm_2020,adaptive_IFw336q030_AEw336q990,Compound,0,0,145
Calm_2020_2020-04-19_2020-04-25,Calm_2020,adaptive_IFw336q030_AEw336q990,Pattern,0,0,145
Calm_2020_2020-04-19_2020-04-25,Calm_2020,adaptive_IFw336q030_AEw336q990,Point,0,0,145
Calm_2020_2020-04-19_2020-04-25,Calm_2020,adaptive_IFw336q030_AEw720q950,Compound,0,0,145
Calm_2020_2020-04-19_2020-04-25,Calm_2020,adaptive_IFw336q030_AEw720q950,Pattern,0,0,145
Calm_2020_2020-04-19_2020-04-25,Calm_2020,adaptive_IFw336q030_AEw720q950,Point,0,0,145
Calm_2020_2020-04-19_2020-04-25,Calm_2020,adaptive_IFw336q030_AEw720q975,Compound,0,0,145
Calm_2020_2020-04-19_2020-04-25,Calm_2020,adaptive_IFw336q030_AEw720q975,Pattern,0,0,145
Calm_2020_2020-04-19_2020-04-25,Calm_2020,adaptive_IFw336q030_AEw720q975,Point,0,0,145
Calm_2020_2020-04-19_2020-04-25,Calm_2020,adaptive_IFw336q030_AEw720q990,Compound,0,0,145
Calm_2020_2020-04-19_2020-04-25,Calm_2020,adaptive_IFw336q030_AEw720q990,Pattern,0,0,145
Calm_2020_2020-04-19_2020-04-25,Calm_2020,adaptive_IFw336q030_AEw720q990,Point,0,0,145
Calm_2020_2020-04-19_2020-04-25,Calm_2020,adaptive_IFw720q010_AEw1080q950,Compound,0,0,145
Calm_2020_2020-04-19_2020-04-25,Calm_2020,adaptive_IFw720q010_AEw1080q950,Pattern,2,0,145
Calm_2020_2020-04-19_2020-04-25,Calm_2020,adaptive_IFw720q010_AEw1080q950,Point,0,0,145
Calm_2020_2020-04-19_2020-04-25,Calm_2020,adaptive_IFw720q010_AEw1080q975,Compound,0,0,145
Calm_2020_2020-04-19_2020-04-25,Calm_2020,adaptive_IFw720q010_AEw1080q975,Pattern,0,0,145
Calm_2020_2020-04-19_2020-04-25,Calm_2020,adaptive_IFw720q010_AEw1080q975,Point,0,0,145
Calm_2020_2020-04-19_2020-04-25,Calm_2020,adaptive_IFw720q010_AEw1080q990,Compound,0,0,145
Calm_2020_2020-04-19_2020-04-25,Calm_2020,adaptive_IFw720q010_AEw1080q990,Pattern,0,0,145
Calm_2020_2020-04-19_2020-04-25,Calm_2020,adaptive_IFw720q010_AEw1080q990,Point,0,0,145
Calm_2020_2020-04-19_2020-04-25,Calm_2020,adaptive_IFw720q010_AEw336q950,Compound,0,0,145
Calm_2020_2020-04-19_2020-04-25,Calm_2020,adaptive_IFw720q010_AEw336q950,Pattern,7,0,145
Calm_2020_2020-04-19_2020-04-25,Calm_2020,adaptive_IFw720q010_AEw336q950,Point,0,0,145
Calm_2020_2020-04-19_2020-04-25,Calm_2020,adaptive_IFw720q010_AEw336q975,Compound,0,0,145
Calm_2020_2020-04-19_2020-04-25,Calm_2020,adaptive_IFw720q010_AEw336q975,Pattern,4,0,145
Calm_2020_2020-04-19_2020-04-25,Calm_2020,adaptive_IFw720q010_AEw336q975,Point,0,0,145
Calm_2020_2020-04-19_2020-04-25,Calm_2020,adaptive_IFw720q010_AEw336q990,Compound,0,0,145
Calm_2020_2020-04-19_2020-04-25,Calm_2020,adaptive_IFw720q010_AEw336q990,Pattern,0,0,145
Calm_2020_2020-04-19_2020-04-25,Calm_2020,adaptive_IFw720q010_AEw336q990,Point,0,0,145
Calm_2020_2020-04-19_2020-04-25,Calm_2020,adaptive_IFw720q010_AEw720q950,Compound,0,0,145
Calm_2020_2020-04-19_2020-04-25,Calm_2020,adaptive_IFw720q010_AEw720q950,Pattern,0,0,145
Calm_2020_2020-04-19_2020-04-25,Calm_2020,adaptive_IFw720q010_AEw720q950,Point,0,0,145
Calm_2020_2020-04-19_2020-04-25,Calm_2020,adaptive_IFw720q010_AEw720q975,Compound,0,0,145
Calm_2020_2020-04-19_2020-04-25,Calm_2020,adaptive_IFw720q010_AEw720q975,Pattern,0,0,145
Calm_2020_2020-04-19_2020-04-25,Calm_2020,adaptive_IFw720q010_AEw720q975,Point,0,0,145
Calm_2020_2020-04-19_2020-04-25,Calm_2020,adaptive_IFw720q010_AEw720q990,Compound,0,0,145
Calm_2020_2020-04-19_2020-04-25,Calm_2020,adaptive_IFw720q010_AEw720q990,Pattern,0,0,145
Calm_2020_2020-04-19_2020-04-25,Calm_2020,adaptive_IFw720q010_AEw720q990,Point,0,0,145
Calm_2020_2020-04-19_2020-04-25,Calm_2020,adaptive_IFw720q030_AEw1080q950,Compound,0,0,145
Calm_2020_2020-04-19_2020-04-25,Calm_2020,adaptive_IFw720q030_AEw1080q950,Pattern,2,0,145
Calm_2020_2020-04-19_2020-04-25,Calm_2020,adaptive_IFw720q030_AEw1080q950,Point,0,0,145
Calm_2020_2020-04-19_2020-04-25,Calm_2020,adaptive_IFw720q030_AEw1080q975,Compound,0,0,145
Calm_2020_2020-04-19_2020-04-25,Calm_2020,adaptive_IFw720q030_AEw1080q975,Pattern,0,0,145
Calm_2020_2020-04-19_2020-04-25,Calm_2020,adaptive_IFw720q030_AEw1080q975,Point,0,0,145
Calm_2020_2020-04-19_2020-04-25,Calm_2020,adaptive_IFw720q030_AEw1080q990,Compound,0,0,145
Calm_2020_2020-04-19_2020-04-25,Calm_2020,adaptive_IFw720q030_AEw1080q990,Pattern,0,0,145
Calm_2020_2020-04-19_2020-04-25,Calm_2020,adaptive_IFw720q030_AEw1080q990,Point,0,0,145
Calm_2020_2020-04-19_2020-04-25,Calm_2020,adaptive_IFw720q030_AEw336q950,Compound,0,0,145
Calm_2020_2020-04-19_2020-04-25,Calm_2020,adaptive_IFw720q030_AEw336q950,Pattern,7,0,145
Calm_2020_2020-04-19_2020-04-25,Calm_2020,adaptive_IFw720q030_AEw336q950,Point,0,0,145
Calm_2020_2020-04-19_2020-04-25,Calm_2020,adaptive_IFw720q030_AEw336q975,Compound,0,0,145
Calm_2020_2020-04-19_2020-04-25,Calm_2020,adaptive_IFw720q030_AEw336q975,Pattern,4,0,145
Calm_2020_2020-04-19_2020-04-25,Calm_2020,adaptive_IFw720q030_AEw336q975,Point,0,0,145
Calm_2020_2020-04-19_2020-04-25,Calm_2020,adaptive_IFw720q030_AEw336q990,Compound,0,0,145
Calm_2020_2020-04-19_2020-04-25,Calm_2020,adaptive_IFw720q030_AEw336q990,Pattern,0,0,145
Calm_2020_2020-04-19_2020-04-25,Calm_2020,adaptive_IFw720q030_AEw336q990,Point,0,0,145
Calm_2020_2020-04-19_2020-04-25,Calm_2020,adaptive_IFw720q030_AEw720q950,Compound,0,0,145
Calm_2020_2020-04-19_2020-04-25,Calm_2020,adaptive_IFw720q030_AEw720q950,Pattern,0,0,145
Calm_2020_2020-04-19_2020-04-25,Calm_2020,adaptive_IFw720q030_AEw720q950,Point,0,0,145
Calm_2020_2020-04-19_2020-04-25,Calm_2020,adaptive_IFw720q030_AEw720q975,Compound,0,0,145
Calm_2020_2020-04-19_2020-04-25,Calm_2020,adaptive_IFw720q030_AEw720q975,Pattern,0,0,145
Calm_2020_2020-04-19_2020-04-25,Calm_2020,adaptive_IFw720q030_AEw720q975,Point,0,0,145
Calm_2020_2020-04-19_2020-04-25,Calm_2020,adaptive_IFw720q030_AEw720q990,Compound,0,0,145
Calm_2020_2020-04-19_2020-04-25,Calm_2020,adaptive_IFw720q030_AEw720q990,Pattern,0,0,145
Calm_2020_2020-04-19_2020-04-25,Calm_2020,adaptive_IFw720q030_AEw720q990,Point,0,0,145
Event_CiaraDennis_2020-02-05_2020-02-20,Event_CiaraDennis,CAPPED_minmax_IFw1080q010_AEw1080q950,Compound,5,14,361
Event_CiaraDennis_2020-02-05_2020-02-20,Event_CiaraDennis,CAPPED_minmax_IFw1080q010_AEw1080q950,Pattern,10,14,361
Event_CiaraDennis_2020-02-05_2020-02-20,Event_CiaraDennis,CAPPED_minmax_IFw1080q010_AEw1080q950,Point,0,8,361
Event_CiaraDennis_2020-02-05_2020-02-20,Event_CiaraDennis,CAPPED_minmax_IFw1080q010_AEw1080q975,Compound,4,14,361
Event_CiaraDennis_2020-02-05_2020-02-20,Event_CiaraDennis,CAPPED_minmax_IFw1080q010_AEw1080q975,Pattern,6,14,361
Event_CiaraDennis_2020-02-05_2020-02-20,Event_CiaraDennis,CAPPED_minmax_IFw1080q010_AEw1080q975,Point,1,8,361
Event_CiaraDennis_2020-02-05_2020-02-20,Event_CiaraDennis,CAPPED_minmax_IFw1080q010_AEw1080q990,Compound,0,14,361
Event_CiaraDennis_2020-02-05_2020-02-20,Event_CiaraDennis,CAPPED_minmax_IFw1080q010_AEw1080q990,Pattern,1,14,361
Event_CiaraDennis_2020-02-05_2020-02-20,Event_CiaraDennis,CAPPED_minmax_IFw1080q010_AEw1080q990,Point,5,8,361
Event_CiaraDennis_2020-02-05_2020-02-20,Event_CiaraDennis,CAPPED_minmax_IFw1080q010_AEw336q950,Compound,5,14,361
Event_CiaraDennis_2020-02-05_2020-02-20,Event_CiaraDennis,CAPPED_minmax_IFw1080q010_AEw336q950,Pattern,37,14,361
Event_CiaraDennis_2020-02-05_2020-02-20,Event_CiaraDennis,CAPPED_minmax_IFw1080q010_AEw336q950,Point,0,8,361
Event_CiaraDennis_2020-02-05_2020-02-20,Event_CiaraDennis,CAPPED_minmax_IFw1080q010_AEw336q975,Compound,5,14,361
Event_CiaraDennis_2020-02-05_2020-02-20,Event_CiaraDennis,CAPPED_minmax_IFw1080q010_AEw336q975,Pattern,23,14,361
Event_CiaraDennis_2020-02-05_2020-02-20,Event_CiaraDennis,CAPPED_minmax_IFw1080q010_AEw336q975,Point,0,8,361
Event_CiaraDennis_2020-02-05_2020-02-20,Event_CiaraDennis,CAPPED_minmax_IFw1080q010_AEw336q990,Compound,3,14,361
Event_CiaraDennis_2020-02-05_2020-02-20,Event_CiaraDennis,CAPPED_minmax_IFw1080q010_AEw336q990,Pattern,14,14,361
Event_CiaraDennis_2020-02-05_2020-02-20,Event_CiaraDennis,CAPPED_minmax_IFw1080q010_AEw336q990,Point,2,8,361
Event_CiaraDennis_2020-02-05_2020-02-20,Event_CiaraDennis,CAPPED_minmax_IFw1080q010_AEw720q950,Compound,5,14,361
Event_CiaraDennis_2020-02-05_2020-02-20,Event_CiaraDennis,CAPPED_minmax_IFw1080q010_AEw720q950,Pattern,10,14,361
Event_CiaraDennis_2020-02-05_2020-02-20,Event_CiaraDennis,CAPPED_minmax_IFw1080q010_AEw720q950,Point,0,8,361
Event_CiaraDennis_2020-02-05_2020-02-20,Event_CiaraDennis,CAPPED_minmax_IFw1080q010_AEw720q975,Compound,5,14,361
Event_CiaraDennis_2020-02-05_2020-02-20,Event_CiaraDennis,CAPPED_minmax_IFw1080q010_AEw720q975,Pattern,3,14,361
Event_CiaraDennis_2020-02-05_2020-02-20,Event_CiaraDennis,CAPPED_minmax_IFw1080q010_AEw720q975,Point,0,8,361
Event_CiaraDennis_2020-02-05_2020-02-20,Event_CiaraDennis,CAPPED_minmax_IFw1080q010_AEw720q990,Compound,1,14,361
Event_CiaraDennis_2020-02-05_2020-02-20,Event_CiaraDennis,CAPPED_minmax_IFw1080q010_AEw720q990,Pattern,1,14,361
Event_CiaraDennis_2020-02-05_2020-02-20,Event_CiaraDennis,CAPPED_minmax_IFw1080q010_AEw720q990,Point,4,8,361
Event_CiaraDennis_2020-02-05_2020-02-20,Event_CiaraDennis,CAPPED_minmax_IFw1080q030_AEw1080q950,Compound,9,14,361
Event_CiaraDennis_2020-02-05_2020-02-20,Event_CiaraDennis,CAPPED_minmax_IFw1080q030_AEw1080q950,Pattern,6,14,361
Event_CiaraDennis_2020-02-05_2020-02-20,Event_CiaraDennis,CAPPED_minmax_IFw1080q030_AEw1080q950,Point,4,8,361
Event_CiaraDennis_2020-02-05_2020-02-20,Event_CiaraDennis,CAPPED_minmax_IFw1080q030_AEw1080q975,Compound,8,14,361
Event_CiaraDennis_2020-02-05_2020-02-20,Event_CiaraDennis,CAPPED_minmax_IFw1080q030_AEw1080q975,Pattern,2,14,361
Event_CiaraDennis_2020-02-05_2020-02-20,Event_CiaraDennis,CAPPED_minmax_IFw1080q030_AEw1080q975,Point,5,8,361
Event_CiaraDennis_2020-02-05_2020-02-20,Event_CiaraDennis,CAPPED_minmax_IFw1080q030_AEw1080q990,Compound,1,14,361
Event_CiaraDennis_2020-02-05_2020-02-20,Event_CiaraDennis,CAPPED_minmax_IFw1080q030_AEw1080q990,Pattern,0,14,361
Event_CiaraDennis_2020-02-05_2020-02-20,Event_CiaraDennis,CAPPED_minmax_IFw1080q030_AEw1080q990,Point,12,8,361
Event_CiaraDennis_2020-02-05_2020-02-20,Event_CiaraDennis,CAPPED_minmax_IFw1080q030_AEw336q950,Compound,9,14,361
Event_CiaraDennis_2020-02-05_2020-02-20,Event_CiaraDennis,CAPPED_minmax_IFw1080q030_AEw336q950,Pattern,33,14,361
Event_CiaraDennis_2020-02-05_2020-02-20,Event_CiaraDennis,CAPPED_minmax_IFw1080q030_AEw336q950,Point,4,8,361
Event_CiaraDennis_2020-02-05_2020-02-20,Event_CiaraDennis,CAPPED_minmax_IFw1080q030_AEw336q975,Compound,9,14,361
Event_CiaraDennis_2020-02-05_2020-02-20,Event_CiaraDennis,CAPPED_minmax_IFw1080q030_AEw336q975,Pattern,19,14,361
Event_CiaraDennis_2020-02-05_2020-02-20,Event_CiaraDennis,CAPPED_minmax_IFw1080q030_AEw336q975,Point,4,8,361
Event_CiaraDennis_2020-02-05_2020-02-20,Event_CiaraDennis,CAPPED_minmax_IFw1080q030_AEw336q990,Compound,5,14,361
Event_CiaraDennis_2020-02-05_2020-02-20,Event_CiaraDennis,CAPPED_minmax_IFw1080q030_AEw336q990,Pattern,12,14,361
Event_CiaraDennis_2020-02-05_2020-02-20,Event_CiaraDennis,CAPPED_minmax_IFw1080q030_AEw336q990,Point,8,8,361
Event_CiaraDennis_2020-02-05_2020-02-20,Event_CiaraDennis,CAPPED_minmax_IFw1080q030_AEw720q950,Compound,9,14,361
Event_CiaraDennis_2020-02-05_2020-02-20,Event_CiaraDennis,CAPPED_minmax_IFw1080q030_AEw720q950,Pattern,6,14,361
Event_CiaraDennis_2020-02-05_2020-02-20,Event_CiaraDennis,CAPPED_minmax_IFw1080q030_AEw720q950,Point,4,8,361
Event_CiaraDennis_2020-02-05_2020-02-20,Event_CiaraDennis,CAPPED_minmax_IFw1080q030_AEw720q975,Compound,7,14,361
Event_CiaraDennis_2020-02-05_2020-02-20,Event_CiaraDennis,CAPPED_minmax_IFw1080q030_AEw720q975,Pattern,1,14,361
Event_CiaraDennis_2020-02-05_2020-02-20,Event_CiaraDennis,CAPPED_minmax_IFw1080q030_AEw720q975,Point,6,8,361
Event_CiaraDennis_2020-02-05_2020-02-20,Event_CiaraDennis,CAPPED_minmax_IFw1080q030_AEw720q990,Compound,2,14,361
Event_CiaraDennis_2020-02-05_2020-02-20,Event_CiaraDennis,CAPPED_minmax_IFw1080q030_AEw720q990,Pattern,0,14,361
Event_CiaraDennis_2020-02-05_2020-02-20,Event_CiaraDennis,CAPPED_minmax_IFw1080q030_AEw720q990,Point,11,8,361
Event_CiaraDennis_2020-02-05_2020-02-20,Event_CiaraDennis,CAPPED_minmax_IFw1440q010_AEw1080q950,Compound,6,14,361
Event_CiaraDennis_2020-02-05_2020-02-20,Event_CiaraDennis,CAPPED_minmax_IFw1440q010_AEw1080q950,Pattern,9,14,361
Event_CiaraDennis_2020-02-05_2020-02-20,Event_CiaraDennis,CAPPED_minmax_IFw1440q010_AEw1080q950,Point,0,8,361
Event_CiaraDennis_2020-02-05_2020-02-20,Event_CiaraDennis,CAPPED_minmax_IFw1440q010_AEw1080q975,Compound,5,14,361
Event_CiaraDennis_2020-02-05_2020-02-20,Event_CiaraDennis,CAPPED_minmax_IFw1440q010_AEw1080q975,Pattern,5,14,361
Event_CiaraDennis_2020-02-05_2020-02-20,Event_CiaraDennis,CAPPED_minmax_IFw1440q010_AEw1080q975,Point,1,8,361
Event_CiaraDennis_2020-02-05_2020-02-20,Event_CiaraDennis,CAPPED_minmax_IFw1440q010_AEw1080q990,Compound,1,14,361
Event_CiaraDennis_2020-02-05_2020-02-20,Event_CiaraDennis,CAPPED_minmax_IFw1440q010_AEw1080q990,Pattern,0,14,361
Event_CiaraDennis_2020-02-05_2020-02-20,Event_CiaraDennis,CAPPED_minmax_IFw1440q010_AEw1080q990,Point,5,8,361
Event_CiaraDennis_2020-02-05_2020-02-20,Event_CiaraDennis,CAPPED_minmax_IFw1440q010_AEw336q950,Compound,6,14,361
Event_CiaraDennis_2020-02-05_2020-02-20,Event_CiaraDennis,CAPPED_minmax_IFw1440q010_AEw336q950,Pattern,36,14,361
Event_CiaraDennis_2020-02-05_2020-02-20,Event_CiaraDennis,CAPPED_minmax_IFw1440q010_AEw336q950,Point,0,8,361
Event_CiaraDennis_2020-02-05_2020-02-20,Event_CiaraDennis,CAPPED_minmax_IFw1440q010_AEw336q975,Compound,6,14,361
Event_CiaraDennis_2020-02-05_2020-02-20,Event_CiaraDennis,CAPPED_minmax_IFw1440q010_AEw336q975,Pattern,22,14,361
Event_CiaraDennis_2020-02-05_2020-02-20,Event_CiaraDennis,CAPPED_minmax_IFw1440q010_AEw336q975,Point,0,8,361
Event_CiaraDennis_2020-02-05_2020-02-20,Event_CiaraDennis,CAPPED_minmax_IFw1440q010_AEw336q990,Compound,4,14,361
Event_CiaraDennis_2020-02-05_2020-02-20,Event_CiaraDennis,CAPPED_minmax_IFw1440q010_AEw336q990,Pattern,13,14,361
Event_CiaraDennis_2020-02-05_2020-02-20,Event_CiaraDennis,CAPPED_minmax_IFw1440q010_AEw336q990,Point,2,8,361
Event_CiaraDennis_2020-02-05_2020-02-20,Event_CiaraDennis,CAPPED_minmax_IFw1440q010_AEw720q950,Compound,6,14,361
Event_CiaraDennis_2020-02-05_2020-02-20,Event_CiaraDennis,CAPPED_minmax_IFw1440q010_AEw720q950,Pattern,9,14,361
Event_CiaraDennis_2020-02-05_2020-02-20,Event_CiaraDennis,CAPPED_minmax_IFw1440q010_AEw720q950,Point,0,8,361
Event_CiaraDennis_2020-02-05_2020-02-20,Event_CiaraDennis,CAPPED_minmax_IFw1440q010_AEw720q975,Compound,6,14,361
Event_CiaraDennis_2020-02-05_2020-02-20,Event_CiaraDennis,CAPPED_minmax_IFw1440q010_AEw720q975,Pattern,2,14,361
Event_CiaraDennis_2020-02-05_2020-02-20,Event_CiaraDennis,CAPPED_minmax_IFw1440q010_AEw720q975,Point,0,8,361
Event_CiaraDennis_2020-02-05_2020-02-20,Event_CiaraDennis,CAPPED_minmax_IFw1440q010_AEw720q990,Compound,1,14,361
Event_CiaraDennis_2020-02-05_2020-02-20,Event_CiaraDennis,CAPPED_minmax_IFw1440q010_AEw720q990,Pattern,1,14,361
Event_CiaraDennis_2020-02-05_2020-02-20,Event_CiaraDennis,CAPPED_minmax_IFw1440q010_AEw720q990,Point,5,8,361
Event_CiaraDennis_2020-02-05_2020-02-20,Event_CiaraDennis,CAPPED_minmax_IFw1440q030_AEw1080q950,Compound,9,14,361
Event_CiaraDennis_2020-02-05_2020-02-20,Event_CiaraDennis,CAPPED_minmax_IFw1440q030_AEw1080q950,Pattern,6,14,361
Event_CiaraDennis_2020-02-05_2020-02-20,Event_CiaraDennis,CAPPED_minmax_IFw1440q030_AEw1080q950,Point,7,8,361
Event_CiaraDennis_2020-02-05_2020-02-20,Event_CiaraDennis,CAPPED_minmax_IFw1440q030_AEw1080q975,Compound,8,14,361
Event_CiaraDennis_2020-02-05_2020-02-20,Event_CiaraDennis,CAPPED_minmax_IFw1440q030_AEw1080q975,Pattern,2,14,361
Event_CiaraDennis_2020-02-05_2020-02-20,Event_CiaraDennis,CAPPED_minmax_IFw1440q030_AEw1080q975,Point,8,8,361
Event_CiaraDennis_2020-02-05_2020-02-20,Event_CiaraDennis,CAPPED_minmax_IFw1440q030_AEw1080q990,Compound,1,14,361
Event_CiaraDennis_2020-02-05_2020-02-20,Event_CiaraDennis,CAPPED_minmax_IFw1440q030_AEw1080q990,Pattern,0,14,361
Event_CiaraDennis_2020-02-05_2020-02-20,Event_CiaraDennis,CAPPED_minmax_IFw1440q030_AEw1080q990,Point,15,8,361
Event_CiaraDennis_2020-02-05_2020-02-20,Event_CiaraDennis,CAPPED_minmax_IFw1440q030_AEw336q950,Compound,10,14,361
Event_CiaraDennis_2020-02-05_2020-02-20,Event_CiaraDennis,CAPPED_minmax_IFw1440q030_AEw336q950,Pattern,32,14,361
Event_CiaraDennis_2020-02-05_2020-02-20,Event_CiaraDennis,CAPPED_minmax_IFw1440q030_AEw336q950,Point,6,8,361
Event_CiaraDennis_2020-02-05_2020-02-20,Event_CiaraDennis,CAPPED_minmax_IFw1440q030_AEw336q975,Compound,9,14,361
Event_CiaraDennis_2020-02-05_2020-02-20,Event_CiaraDennis,CAPPED_minmax_IFw1440q030_AEw336q975,Pattern,19,14,361
Event_CiaraDennis_2020-02-05_2020-02-20,Event_CiaraDennis,CAPPED_minmax_IFw1440q030_AEw336q975,Point,7,8,361
Event_CiaraDennis_2020-02-05_2020-02-20,Event_CiaraDennis,CAPPED_minmax_IFw1440q030_AEw336q990,Compound,5,14,361
Event_CiaraDennis_2020-02-05_2020-02-20,Event_CiaraDennis,CAPPED_minmax_IFw1440q030_AEw336q990,Pattern,12,14,361
Event_CiaraDennis_2020-02-05_2020-02-20,Event_CiaraDennis,CAPPED_minmax_IFw1440q030_AEw336q990,Point,11,8,361
Event_CiaraDennis_2020-02-05_2020-02-20,Event_CiaraDennis,CAPPED_minmax_IFw1440q030_AEw720q950,Compound,9,14,361
Event_CiaraDennis_2020-02-05_2020-02-20,Event_CiaraDennis,CAPPED_minmax_IFw1440q030_AEw720q950,Pattern,6,14,361
Event_CiaraDennis_2020-02-05_2020-02-20,Event_CiaraDennis,CAPPED_minmax_IFw1440q030_AEw720q950,Point,7,8,361
Event_CiaraDennis_2020-02-05_2020-02-20,Event_CiaraDennis,CAPPED_minmax_IFw1440q030_AEw720q975,Compound,7,14,361
Event_CiaraDennis_2020-02-05_2020-02-20,Event_CiaraDennis,CAPPED_minmax_IFw1440q030_AEw720q975,Pattern,1,14,361
Event_CiaraDennis_2020-02-05_2020-02-20,Event_CiaraDennis,CAPPED_minmax_IFw1440q030_AEw720q975,Point,9,8,361
Event_CiaraDennis_2020-02-05_2020-02-20,Event_CiaraDennis,CAPPED_minmax_IFw1440q030_AEw720q990,Compound,2,14,361
Event_CiaraDennis_2020-02-05_2020-02-20,Event_CiaraDennis,CAPPED_minmax_IFw1440q030_AEw720q990,Pattern,0,14,361
Event_CiaraDennis_2020-02-05_2020-02-20,Event_CiaraDennis,CAPPED_minmax_IFw1440q030_AEw720q990,Point,14,8,361
Event_CiaraDennis_2020-02-05_2020-02-20,Event_CiaraDennis,CAPPED_minmax_IFw336q010_AEw1080q950,Compound,5,14,361
Event_CiaraDennis_2020-02-05_2020-02-20,Event_CiaraDennis,CAPPED_minmax_IFw336q010_AEw1080q950,Pattern,10,14,361
Event_CiaraDennis_2020-02-05_2020-02-20,Event_CiaraDennis,CAPPED_minmax_IFw336q010_AEw1080q950,Point,1,8,361
Event_CiaraDennis_2020-02-05_2020-02-20,Event_CiaraDennis,CAPPED_minmax_IFw336q010_AEw1080q975,Compound,4,14,361
Event_CiaraDennis_2020-02-05_2020-02-20,Event_CiaraDennis,CAPPED_minmax_IFw336q010_AEw1080q975,Pattern,6,14,361
Event_CiaraDennis_2020-02-05_2020-02-20,Event_CiaraDennis,CAPPED_minmax_IFw336q010_AEw1080q975,Point,2,8,361
Event_CiaraDennis_2020-02-05_2020-02-20,Event_CiaraDennis,CAPPED_minmax_IFw336q010_AEw1080q990,Compound,0,14,361
Event_CiaraDennis_2020-02-05_2020-02-20,Event_CiaraDennis,CAPPED_minmax_IFw336q010_AEw1080q990,Pattern,1,14,361
Event_CiaraDennis_2020-02-05_2020-02-20,Event_CiaraDennis,CAPPED_minmax_IFw336q010_AEw1080q990,Point,6,8,361
Event_CiaraDennis_2020-02-05_2020-02-20,Event_CiaraDennis,CAPPED_minmax_IFw336q010_AEw336q950,Compound,5,14,361
Event_CiaraDennis_2020-02-05_2020-02-20,Event_CiaraDennis,CAPPED_minmax_IFw336q010_AEw336q950,Pattern,37,14,361
Event_CiaraDennis_2020-02-05_2020-02-20,Event_CiaraDennis,CAPPED_minmax_IFw336q010_AEw336q950,Point,1,8,361
Event_CiaraDennis_2020-02-05_2020-02-20,Event_CiaraDennis,CAPPED_minmax_IFw336q010_AEw336q975,Compound,5,14,361
Event_CiaraDennis_2020-02-05_2020-02-20,Event_CiaraDennis,CAPPED_minmax_IFw336q010_AEw336q975,Pattern,23,14,361
Event_CiaraDennis_2020-02-05_2020-02-20,Event_CiaraDennis,CAPPED_minmax_IFw336q010_AEw336q975,Point,1,8,361
Event_CiaraDennis_2020-02-05_2020-02-20,Event_CiaraDennis,CAPPED_minmax_IFw336q010_AEw336q990,Compound,3,14,361
Event_CiaraDennis_2020-02-05_2020-02-20,Event_CiaraDennis,CAPPED_minmax_IFw336q010_AEw336q990,Pattern,14,14,361
Event_CiaraDennis_2020-02-05_2020-02-20,Event_CiaraDennis,CAPPED_minmax_IFw336q010_AEw336q990,Point,3,8,361
Event_CiaraDennis_2020-02-05_2020-02-20,Event_CiaraDennis,CAPPED_minmax_IFw336q010_AEw720q950,Compound,5,14,361
Event_CiaraDennis_2020-02-05_2020-02-20,Event_CiaraDennis,CAPPED_minmax_IFw336q010_AEw720q950,Pattern,10,14,361
Event_CiaraDennis_2020-02-05_2020-02-20,Event_CiaraDennis,CAPPED_minmax_IFw336q010_AEw720q950,Point,1,8,361
Event_CiaraDennis_2020-02-05_2020-02-20,Event_CiaraDennis,CAPPED_minmax_IFw336q010_AEw720q975,Compound,5,14,361
Event_CiaraDennis_2020-02-05_2020-02-20,Event_CiaraDennis,CAPPED_minmax_IFw336q010_AEw720q975,Pattern,3,14,361
Event_CiaraDennis_2020-02-05_2020-02-20,Event_CiaraDennis,CAPPED_minmax_IFw336q010_AEw720q975,Point,1,8,361
Event_CiaraDennis_2020-02-05_2020-02-20,Event_CiaraDennis,CAPPED_minmax_IFw336q010_AEw720q990,Compound,1,14,361
Event_CiaraDennis_2020-02-05_2020-02-20,Event_CiaraDennis,CAPPED_minmax_IFw336q010_AEw720q990,Pattern,1,14,361
Event_CiaraDennis_2020-02-05_2020-02-20,Event_CiaraDennis,CAPPED_minmax_IFw336q010_AEw720q990,Point,5,8,361
Event_CiaraDennis_2020-02-05_2020-02-20,Event_CiaraDennis,CAPPED_minmax_IFw336q030_AEw1080q950,Compound,9,14,361
Event_CiaraDennis_2020-02-05_2020-02-20,Event_CiaraDennis,CAPPED_minmax_IFw336q030_AEw1080q950,Pattern,6,14,361
Event_CiaraDennis_2020-02-05_2020-02-20,Event_CiaraDennis,CAPPED_minmax_IFw336q030_AEw1080q950,Point,7,8,361
Event_CiaraDennis_2020-02-05_2020-02-20,Event_CiaraDennis,CAPPED_minmax_IFw336q030_AEw1080q975,Compound,8,14,361
Event_CiaraDennis_2020-02-05_2020-02-20,Event_CiaraDennis,CAPPED_minmax_IFw336q030_AEw1080q975,Pattern,2,14,361
Event_CiaraDennis_2020-02-05_2020-02-20,Event_CiaraDennis,CAPPED_minmax_IFw336q030_AEw1080q975,Point,8,8,361
Event_CiaraDennis_2020-02-05_2020-02-20,Event_CiaraDennis,CAPPED_minmax_IFw336q030_AEw1080q990,Compound,1,14,361
Event_CiaraDennis_2020-02-05_2020-02-20,Event_CiaraDennis,CAPPED_minmax_IFw336q030_AEw1080q990,Pattern,0,14,361
Event_CiaraDennis_2020-02-05_2020-02-20,Event_CiaraDennis,CAPPED_minmax_IFw336q030_AEw1080q990,Point,15,8,361
Event_CiaraDennis_2020-02-05_2020-02-20,Event_CiaraDennis,CAPPED_minmax_IFw336q030_AEw336q950,Compound,10,14,361
Event_CiaraDennis_2020-02-05_2020-02-20,Event_CiaraDennis,CAPPED_minmax_IFw336q030_AEw336q950,Pattern,32,14,361
Event_CiaraDennis_2020-02-05_2020-02-20,Event_CiaraDennis,CAPPED_minmax_IFw336q030_AEw336q950,Point,6,8,361
Event_CiaraDennis_2020-02-05_2020-02-20,Event_CiaraDennis,CAPPED_minmax_IFw336q030_AEw336q975,Compound,9,14,361
Event_CiaraDennis_2020-02-05_2020-02-20,Event_CiaraDennis,CAPPED_minmax_IFw336q030_AEw336q975,Pattern,19,14,361
Event_CiaraDennis_2020-02-05_2020-02-20,Event_CiaraDennis,CAPPED_minmax_IFw336q030_AEw336q975,Point,7,8,361
Event_CiaraDennis_2020-02-05_2020-02-20,Event_CiaraDennis,CAPPED_minmax_IFw336q030_AEw336q990,Compound,5,14,361
Event_CiaraDennis_2020-02-05_2020-02-20,Event_CiaraDennis,CAPPED_minmax_IFw336q030_AEw336q990,Pattern,12,14,361
Event_CiaraDennis_2020-02-05_2020-02-20,Event_CiaraDennis,CAPPED_minmax_IFw336q030_AEw336q990,Point,11,8,361
Event_CiaraDennis_2020-02-05_2020-02-20,Event_CiaraDennis,CAPPED_minmax_IFw336q030_AEw720q950,Compound,9,14,361
Event_CiaraDennis_2020-02-05_2020-02-20,Event_CiaraDennis,CAPPED_minmax_IFw336q030_AEw720q950,Pattern,6,14,361
Event_CiaraDennis_2020-02-05_2020-02-20,Event_CiaraDennis,CAPPED_minmax_IFw336q030_AEw720q950,Point,7,8,361
Event_CiaraDennis_2020-02-05_2020-02-20,Event_CiaraDennis,CAPPED_minmax_IFw336q030_AEw720q975,Compound,7,14,361
Event_CiaraDennis_2020-02-05_2020-02-20,Event_CiaraDennis,CAPPED_minmax_IFw336q030_AEw720q975,Pattern,1,14,361
Event_CiaraDennis_2020-02-05_2020-02-20,Event_CiaraDennis,CAPPED_minmax_IFw336q030_AEw720q975,Point,9,8,361
Event_CiaraDennis_2020-02-05_2020-02-20,Event_CiaraDennis,CAPPED_minmax_IFw336q030_AEw720q990,Compound,2,14,361
Event_CiaraDennis_2020-02-05_2020-02-20,Event_CiaraDennis,CAPPED_minmax_IFw336q030_AEw720q990,Pattern,0,14,361
Event_CiaraDennis_2020-02-05_2020-02-20,Event_CiaraDennis,CAPPED_minmax_IFw336q030_AEw720q990,Point,14,8,361
Event_CiaraDennis_2020-02-05_2020-02-20,Event_CiaraDennis,CAPPED_minmax_IFw720q010_AEw1080q950,Compound,6,14,361
Event_CiaraDennis_2020-02-05_2020-02-20,Event_CiaraDennis,CAPPED_minmax_IFw720q010_AEw1080q950,Pattern,9,14,361
Event_CiaraDennis_2020-02-05_2020-02-20,Event_CiaraDennis,CAPPED_minmax_IFw720q010_AEw1080q950,Point,0,8,361
Event_CiaraDennis_2020-02-05_2020-02-20,Event_CiaraDennis,CAPPED_minmax_IFw720q010_AEw1080q975,Compound,5,14,361
Event_CiaraDennis_2020-02-05_2020-02-20,Event_CiaraDennis,CAPPED_minmax_IFw720q010_AEw1080q975,Pattern,5,14,361
Event_CiaraDennis_2020-02-05_2020-02-20,Event_CiaraDennis,CAPPED_minmax_IFw720q010_AEw1080q975,Point,1,8,361
Event_CiaraDennis_2020-02-05_2020-02-20,Event_CiaraDennis,CAPPED_minmax_IFw720q010_AEw1080q990,Compound,0,14,361
Event_CiaraDennis_2020-02-05_2020-02-20,Event_CiaraDennis,CAPPED_minmax_IFw720q010_AEw1080q990,Pattern,1,14,361
Event_CiaraDennis_2020-02-05_2020-02-20,Event_CiaraDennis,CAPPED_minmax_IFw720q010_AEw1080q990,Point,6,8,361
Event_CiaraDennis_2020-02-05_2020-02-20,Event_CiaraDennis,CAPPED_minmax_IFw720q010_AEw336q950,Compound,6,14,361
Event_CiaraDennis_2020-02-05_2020-02-20,Event_CiaraDennis,CAPPED_minmax_IFw720q010_AEw336q950,Pattern,36,14,361
Event_CiaraDennis_2020-02-05_2020-02-20,Event_CiaraDennis,CAPPED_minmax_IFw720q010_AEw336q950,Point,0,8,361
Event_CiaraDennis_2020-02-05_2020-02-20,Event_CiaraDennis,CAPPED_minmax_IFw720q010_AEw336q975,Compound,6,14,361
Event_CiaraDennis_2020-02-05_2020-02-20,Event_CiaraDennis,CAPPED_minmax_IFw720q010_AEw336q975,Pattern,22,14,361
Event_CiaraDennis_2020-02-05_2020-02-20,Event_CiaraDennis,CAPPED_minmax_IFw720q010_AEw336q975,Point,0,8,361
Event_CiaraDennis_2020-02-05_2020-02-20,Event_CiaraDennis,CAPPED_minmax_IFw720q010_AEw336q990,Compound,3,14,361
Event_CiaraDennis_2020-02-05_2020-02-20,Event_CiaraDennis,CAPPED_minmax_IFw720q010_AEw336q990,Pattern,14,14,361
Event_CiaraDennis_2020-02-05_2020-02-20,Event_CiaraDennis,CAPPED_minmax_IFw720q010_AEw336q990,Point,3,8,361
Event_CiaraDennis_2020-02-05_2020-02-20,Event_CiaraDennis,CAPPED_minmax_IFw720q010_AEw720q950,Compound,6,14,361
Event_CiaraDennis_2020-02-05_2020-02-20,Event_CiaraDennis,CAPPED_minmax_IFw720q010_AEw720q950,Pattern,9,14,361
Event_CiaraDennis_2020-02-05_2020-02-20,Event_CiaraDennis,CAPPED_minmax_IFw720q010_AEw720q950,Point,0,8,361
Event_CiaraDennis_2020-02-05_2020-02-20,Event_CiaraDennis,CAPPED_minmax_IFw720q010_AEw720q975,Compound,6,14,361
Event_CiaraDennis_2020-02-05_2020-02-20,Event_CiaraDennis,CAPPED_minmax_IFw720q010_AEw720q975,Pattern,2,14,361
Event_CiaraDennis_2020-02-05_2020-02-20,Event_CiaraDennis,CAPPED_minmax_IFw720q010_AEw720q975,Point,0,8,361
Event_CiaraDennis_2020-02-05_2020-02-20,Event_CiaraDennis,CAPPED_minmax_IFw720q010_AEw720q990,Compound,2,14,361
Event_CiaraDennis_2020-02-05_2020-02-20,Event_CiaraDennis,CAPPED_minmax_IFw720q010_AEw720q990,Pattern,0,14,361
Event_CiaraDennis_2020-02-05_2020-02-20,Event_CiaraDennis,CAPPED_minmax_IFw720q010_AEw720q990,Point,4,8,361
Event_CiaraDennis_2020-02-05_2020-02-20,Event_CiaraDennis,CAPPED_minmax_IFw720q030_AEw1080q950,Compound,9,14,361
Event_CiaraDennis_2020-02-05_2020-02-20,Event_CiaraDennis,CAPPED_minmax_IFw720q030_AEw1080q950,Pattern,6,14,361
Event_CiaraDennis_2020-02-05_2020-02-20,Event_CiaraDennis,CAPPED_minmax_IFw720q030_AEw1080q950,Point,8,8,361
Event_CiaraDennis_2020-02-05_2020-02-20,Event_CiaraDennis,CAPPED_minmax_IFw720q030_AEw1080q975,Compound,7,14,361
Event_CiaraDennis_2020-02-05_2020-02-20,Event_CiaraDennis,CAPPED_minmax_IFw720q030_AEw1080q975,Pattern,3,14,361
Event_CiaraDennis_2020-02-05_2020-02-20,Event_CiaraDennis,CAPPED_minmax_IFw720q030_AEw1080q975,Point,10,8,361
Event_CiaraDennis_2020-02-05_2020-02-20,Event_CiaraDennis,CAPPED_minmax_IFw720q030_AEw1080q990,Compound,1,14,361
Event_CiaraDennis_2020-02-05_2020-02-20,Event_CiaraDennis,CAPPED_minmax_IFw720q030_AEw1080q990,Pattern,0,14,361
Event_CiaraDennis_2020-02-05_2020-02-20,Event_CiaraDennis,CAPPED_minmax_IFw720q030_AEw1080q990,Point,16,8,361
Event_CiaraDennis_2020-02-05_2020-02-20,Event_CiaraDennis,CAPPED_minmax_IFw720q030_AEw336q950,Compound,10,14,361
Event_CiaraDennis_2020-02-05_2020-02-20,Event_CiaraDennis,CAPPED_minmax_IFw720q030_AEw336q950,Pattern,32,14,361
Event_CiaraDennis_2020-02-05_2020-02-20,Event_CiaraDennis,CAPPED_minmax_IFw720q030_AEw336q950,Point,7,8,361
Event_CiaraDennis_2020-02-05_2020-02-20,Event_CiaraDennis,CAPPED_minmax_IFw720q030_AEw336q975,Compound,9,14,361
Event_CiaraDennis_2020-02-05_2020-02-20,Event_CiaraDennis,CAPPED_minmax_IFw720q030_AEw336q975,Pattern,19,14,361
Event_CiaraDennis_2020-02-05_2020-02-20,Event_CiaraDennis,CAPPED_minmax_IFw720q030_AEw336q975,Point,8,8,361
Event_CiaraDennis_2020-02-05_2020-02-20,Event_CiaraDennis,CAPPED_minmax_IFw720q030_AEw336q990,Compound,5,14,361
Event_CiaraDennis_2020-02-05_2020-02-20,Event_CiaraDennis,CAPPED_minmax_IFw720q030_AEw336q990,Pattern,12,14,361
Event_CiaraDennis_2020-02-05_2020-02-20,Event_CiaraDennis,CAPPED_minmax_IFw720q030_AEw336q990,Point,12,8,361
Event_CiaraDennis_2020-02-05_2020-02-20,Event_CiaraDennis,CAPPED_minmax_IFw720q030_AEw720q950,Compound,9,14,361
Event_CiaraDennis_2020-02-05_2020-02-20,Event_CiaraDennis,CAPPED_minmax_IFw720q030_AEw720q950,Pattern,6,14,361
Event_CiaraDennis_2020-02-05_2020-02-20,Event_CiaraDennis,CAPPED_minmax_IFw720q030_AEw720q950,Point,8,8,361
Event_CiaraDennis_2020-02-05_2020-02-20,Event_CiaraDennis,CAPPED_minmax_IFw720q030_AEw720q975,Compound,7,14,361
Event_CiaraDennis_2020-02-05_2020-02-20,Event_CiaraDennis,CAPPED_minmax_IFw720q030_AEw720q975,Pattern,1,14,361
Event_CiaraDennis_2020-02-05_2020-02-20,Event_CiaraDennis,CAPPED_minmax_IFw720q030_AEw720q975,Point,10,8,361
Event_CiaraDennis_2020-02-05_2020-02-20,Event_CiaraDennis,CAPPED_minmax_IFw720q030_AEw720q990,Compound,2,14,361
Event_CiaraDennis_2020-02-05_2020-02-20,Event_CiaraDennis,CAPPED_minmax_IFw720q030_AEw720q990,Pattern,0,14,361
Event_CiaraDennis_2020-02-05_2020-02-20,Event_CiaraDennis,CAPPED_minmax_IFw720q030_AEw720q990,Point,15,8,361
Event_CiaraDennis_2020-02-05_2020-02-20,Event_CiaraDennis,DWELL_PATTERN_IFw1080q010_AEw1080q950,Compound,4,14,361
Event_CiaraDennis_2020-02-05_2020-02-20,Event_CiaraDennis,DWELL_PATTERN_IFw1080q010_AEw1080q950,Pattern,6,14,361
Event_CiaraDennis_2020-02-05_2020-02-20,Event_CiaraDennis,DWELL_PATTERN_IFw1080q010_AEw1080q950,Point,1,8,361
Event_CiaraDennis_2020-02-05_2020-02-20,Event_CiaraDennis,DWELL_PATTERN_IFw1080q010_AEw1080q975,Compound,1,14,361
Event_CiaraDennis_2020-02-05_2020-02-20,Event_CiaraDennis,DWELL_PATTERN_IFw1080q010_AEw1080q975,Pattern,4,14,361
Event_CiaraDennis_2020-02-05_2020-02-20,Event_CiaraDennis,DWELL_PATTERN_IFw1080q010_AEw1080q975,Point,4,8,361
Event_CiaraDennis_2020-02-05_2020-02-20,Event_CiaraDennis,DWELL_PATTERN_IFw1080q010_AEw1080q990,Compound,0,14,361
Event_CiaraDennis_2020-02-05_2020-02-20,Event_CiaraDennis,DWELL_PATTERN_IFw1080q010_AEw1080q990,Pattern,0,14,361
Event_CiaraDennis_2020-02-05_2020-02-20,Event_CiaraDennis,DWELL_PATTERN_IFw1080q010_AEw1080q990,Point,5,8,361
Event_CiaraDennis_2020-02-05_2020-02-20,Event_CiaraDennis,DWELL_PATTERN_IFw1080q010_AEw336q950,Compound,5,14,361
Event_CiaraDennis_2020-02-05_2020-02-20,Event_CiaraDennis,DWELL_PATTERN_IFw1080q010_AEw336q950,Pattern,22,14,361
Event_CiaraDennis_2020-02-05_2020-02-20,Event_CiaraDennis,DWELL_PATTERN_IFw1080q010_AEw336q950,Point,0,8,361
Event_CiaraDennis_2020-02-05_2020-02-20,Event_CiaraDennis,DWELL_PATTERN_IFw1080q010_AEw336q975,Compound,5,14,361
Event_CiaraDennis_2020-02-05_2020-02-20,Event_CiaraDennis,DWELL_PATTERN_IFw1080q010_AEw336q975,Pattern,10,14,361
Event_CiaraDennis_2020-02-05_2020-02-20,Event_CiaraDennis,DWELL_PATTERN_IFw1080q010_AEw336q975,Point,0,8,361
Event_CiaraDennis_2020-02-05_2020-02-20,Event_CiaraDennis,DWELL_PATTERN_IFw1080q010_AEw336q990,Compound,3,14,361
Event_CiaraDennis_2020-02-05_2020-02-20,Event_CiaraDennis,DWELL_PATTERN_IFw1080q010_AEw336q990,Pattern,5,14,361
Event_CiaraDennis_2020-02-05_2020-02-20,Event_CiaraDennis,DWELL_PATTERN_IFw1080q010_AEw336q990,Point,2,8,361
Event_CiaraDennis_2020-02-05_2020-02-20,Event_CiaraDennis,DWELL_PATTERN_IFw1080q010_AEw720q950,Compound,3,14,361
Event_CiaraDennis_2020-02-05_2020-02-20,Event_CiaraDennis,DWELL_PATTERN_IFw1080q010_AEw720q950,Pattern,7,14,361
Event_CiaraDennis_2020-02-05_2020-02-20,Event_CiaraDennis,DWELL_PATTERN_IFw1080q010_AEw720q950,Point,2,8,361
Event_CiaraDennis_2020-02-05_2020-02-20,Event_CiaraDennis,DWELL_PATTERN_IFw1080q010_AEw720q975,Compound,1,14,361
Event_CiaraDennis_2020-02-05_2020-02-20,Event_CiaraDennis,DWELL_PATTERN_IFw1080q010_AEw720q975,Pattern,2,14,361
Event_CiaraDennis_2020-02-05_2020-02-20,Event_CiaraDennis,DWELL_PATTERN_IFw1080q010_AEw720q975,Point,4,8,361
Event_CiaraDennis_2020-02-05_2020-02-20,Event_CiaraDennis,DWELL_PATTERN_IFw1080q010_AEw720q990,Compound,0,14,361
Event_CiaraDennis_2020-02-05_2020-02-20,Event_CiaraDennis,DWELL_PATTERN_IFw1080q010_AEw720q990,Pattern,0,14,361
Event_CiaraDennis_2020-02-05_2020-02-20,Event_CiaraDennis,DWELL_PATTERN_IFw1080q010_AEw720q990,Point,5,8,361
Event_CiaraDennis_2020-02-05_2020-02-20,Event_CiaraDennis,DWELL_PATTERN_IFw1080q030_AEw1080q950,Compound,8,14,361
Event_CiaraDennis_2020-02-05_2020-02-20,Event_CiaraDennis,DWELL_PATTERN_IFw1080q030_AEw1080q950,Pattern,2,14,361
Event_CiaraDennis_2020-02-05_2020-02-20,Event_CiaraDennis,DWELL_PATTERN_IFw1080q030_AEw1080q950,Point,5,8,361
Event_CiaraDennis_2020-02-05_2020-02-20,Event_CiaraDennis,DWELL_PATTERN_IFw1080q030_AEw1080q975,Compound,4,14,361
Event_CiaraDennis_2020-02-05_2020-02-20,Event_CiaraDennis,DWELL_PATTERN_IFw1080q030_AEw1080q975,Pattern,1,14,361
Event_CiaraDennis_2020-02-05_2020-02-20,Event_CiaraDennis,DWELL_PATTERN_IFw1080q030_AEw1080q975,Point,9,8,361
Event_CiaraDennis_2020-02-05_2020-02-20,Event_CiaraDennis,DWELL_PATTERN_IFw1080q030_AEw1080q990,Compound,0,14,361
Event_CiaraDennis_2020-02-05_2020-02-20,Event_CiaraDennis,DWELL_PATTERN_IFw1080q030_AEw1080q990,Pattern,0,14,361
Event_CiaraDennis_2020-02-05_2020-02-20,Event_CiaraDennis,DWELL_PATTERN_IFw1080q030_AEw1080q990,Point,13,8,361
Event_CiaraDennis_2020-02-05_2020-02-20,Event_CiaraDennis,DWELL_PATTERN_IFw1080q030_AEw336q950,Compound,9,14,361
Event_CiaraDennis_2020-02-05_2020-02-20,Event_CiaraDennis,DWELL_PATTERN_IFw1080q030_AEw336q950,Pattern,18,14,361
Event_CiaraDennis_2020-02-05_2020-02-20,Event_CiaraDennis,DWELL_PATTERN_IFw1080q030_AEw336q950,Point,4,8,361
Event_CiaraDennis_2020-02-05_2020-02-20,Event_CiaraDennis,DWELL_PATTERN_IFw1080q030_AEw336q975,Compound,9,14,361
Event_CiaraDennis_2020-02-05_2020-02-20,Event_CiaraDennis,DWELL_PATTERN_IFw1080q030_AEw336q975,Pattern,6,14,361
Event_CiaraDennis_2020-02-05_2020-02-20,Event_CiaraDennis,DWELL_PATTERN_IFw1080q030_AEw336q975,Point,4,8,361
Event_CiaraDennis_2020-02-05_2020-02-20,Event_CiaraDennis,DWELL_PATTERN_IFw1080q030_AEw336q990,Compound,5,14,361
Event_CiaraDennis_2020-02-05_2020-02-20,Event_CiaraDennis,DWELL_PATTERN_IFw1080q030_AEw336q990,Pattern,3,14,361
Event_CiaraDennis_2020-02-05_2020-02-20,Event_CiaraDennis,DWELL_PATTERN_IFw1080q030_AEw336q990,Point,8,8,361
Event_CiaraDennis_2020-02-05_2020-02-20,Event_CiaraDennis,DWELL_PATTERN_IFw1080q030_AEw720q950,Compound,7,14,361
Event_CiaraDennis_2020-02-05_2020-02-20,Event_CiaraDennis,DWELL_PATTERN_IFw1080q030_AEw720q950,Pattern,3,14,361
Event_CiaraDennis_2020-02-05_2020-02-20,Event_CiaraDennis,DWELL_PATTERN_IFw1080q030_AEw720q950,Point,6,8,361
Event_CiaraDennis_2020-02-05_2020-02-20,Event_CiaraDennis,DWELL_PATTERN_IFw1080q030_AEw720q975,Compound,3,14,361
Event_CiaraDennis_2020-02-05_2020-02-20,Event_CiaraDennis,DWELL_PATTERN_IFw1080q030_AEw720q975,Pattern,0,14,361
Event_CiaraDennis_2020-02-05_2020-02-20,Event_CiaraDennis,DWELL_PATTERN_IFw1080q030_AEw720q975,Point,10,8,361
Event_CiaraDennis_2020-02-05_2020-02-20,Event_CiaraDennis,DWELL_PATTERN_IFw1080q030_AEw720q990,Compound,0,14,361
Event_CiaraDennis_2020-02-05_2020-02-20,Event_CiaraDennis,DWELL_PATTERN_IFw1080q030_AEw720q990,Pattern,0,14,361
Event_CiaraDennis_2020-02-05_2020-02-20,Event_CiaraDennis,DWELL_PATTERN_IFw1080q030_AEw720q990,Point,13,8,361
Event_CiaraDennis_2020-02-05_2020-02-20,Event_CiaraDennis,DWELL_PATTERN_IFw1440q010_AEw1080q950,Compound,5,14,361
Event_CiaraDennis_2020-02-05_2020-02-20,Event_CiaraDennis,DWELL_PATTERN_IFw1440q010_AEw1080q950,Pattern,5,14,361
Event_CiaraDennis_2020-02-05_2020-02-20,Event_CiaraDennis,DWELL_PATTERN_IFw1440q010_AEw1080q950,Point,1,8,361
Event_CiaraDennis_2020-02-05_2020-02-20,Event_CiaraDennis,DWELL_PATTERN_IFw1440q010_AEw1080q975,Compound,2,14,361
Event_CiaraDennis_2020-02-05_2020-02-20,Event_CiaraDennis,DWELL_PATTERN_IFw1440q010_AEw1080q975,Pattern,3,14,361
Event_CiaraDennis_2020-02-05_2020-02-20,Event_CiaraDennis,DWELL_PATTERN_IFw1440q010_AEw1080q975,Point,4,8,361
Event_CiaraDennis_2020-02-05_2020-02-20,Event_CiaraDennis,DWELL_PATTERN_IFw1440q010_AEw1080q990,Compound,0,14,361
Event_CiaraDennis_2020-02-05_2020-02-20,Event_CiaraDennis,DWELL_PATTERN_IFw1440q010_AEw1080q990,Pattern,0,14,361
Event_CiaraDennis_2020-02-05_2020-02-20,Event_CiaraDennis,DWELL_PATTERN_IFw1440q010_AEw1080q990,Point,6,8,361
Event_CiaraDennis_2020-02-05_2020-02-20,Event_CiaraDennis,DWELL_PATTERN_IFw1440q010_AEw336q950,Compound,6,14,361
Event_CiaraDennis_2020-02-05_2020-02-20,Event_CiaraDennis,DWELL_PATTERN_IFw1440q010_AEw336q950,Pattern,21,14,361
Event_CiaraDennis_2020-02-05_2020-02-20,Event_CiaraDennis,DWELL_PATTERN_IFw1440q010_AEw336q950,Point,0,8,361
Event_CiaraDennis_2020-02-05_2020-02-20,Event_CiaraDennis,DWELL_PATTERN_IFw1440q010_AEw336q975,Compound,6,14,361
Event_CiaraDennis_2020-02-05_2020-02-20,Event_CiaraDennis,DWELL_PATTERN_IFw1440q010_AEw336q975,Pattern,9,14,361
Event_CiaraDennis_2020-02-05_2020-02-20,Event_CiaraDennis,DWELL_PATTERN_IFw1440q010_AEw336q975,Point,0,8,361
Event_CiaraDennis_2020-02-05_2020-02-20,Event_CiaraDennis,DWELL_PATTERN_IFw1440q010_AEw336q990,Compound,4,14,361
Event_CiaraDennis_2020-02-05_2020-02-20,Event_CiaraDennis,DWELL_PATTERN_IFw1440q010_AEw336q990,Pattern,4,14,361
Event_CiaraDennis_2020-02-05_2020-02-20,Event_CiaraDennis,DWELL_PATTERN_IFw1440q010_AEw336q990,Point,2,8,361
Event_CiaraDennis_2020-02-05_2020-02-20,Event_CiaraDennis,DWELL_PATTERN_IFw1440q010_AEw720q950,Compound,4,14,361
Event_CiaraDennis_2020-02-05_2020-02-20,Event_CiaraDennis,DWELL_PATTERN_IFw1440q010_AEw720q950,Pattern,6,14,361
Event_CiaraDennis_2020-02-05_2020-02-20,Event_CiaraDennis,DWELL_PATTERN_IFw1440q010_AEw720q950,Point,2,8,361
Event_CiaraDennis_2020-02-05_2020-02-20,Event_CiaraDennis,DWELL_PATTERN_IFw1440q010_AEw720q975,Compound,2,14,361
Event_CiaraDennis_2020-02-05_2020-02-20,Event_CiaraDennis,DWELL_PATTERN_IFw1440q010_AEw720q975,Pattern,1,14,361
Event_CiaraDennis_2020-02-05_2020-02-20,Event_CiaraDennis,DWELL_PATTERN_IFw1440q010_AEw720q975,Point,4,8,361
Event_CiaraDennis_2020-02-05_2020-02-20,Event_CiaraDennis,DWELL_PATTERN_IFw1440q010_AEw720q990,Compound,0,14,361
Event_CiaraDennis_2020-02-05_2020-02-20,Event_CiaraDennis,DWELL_PATTERN_IFw1440q010_AEw720q990,Pattern,0,14,361
Event_CiaraDennis_2020-02-05_2020-02-20,Event_CiaraDennis,DWELL_PATTERN_IFw1440q010_AEw720q990,Point,6,8,361
Event_CiaraDennis_2020-02-05_2020-02-20,Event_CiaraDennis,DWELL_PATTERN_IFw1440q030_AEw1080q950,Compound,8,14,361
Event_CiaraDennis_2020-02-05_2020-02-20,Event_CiaraDennis,DWELL_PATTERN_IFw1440q030_AEw1080q950,Pattern,2,14,361
Event_CiaraDennis_2020-02-05_2020-02-20,Event_CiaraDennis,DWELL_PATTERN_IFw1440q030_AEw1080q950,Point,8,8,361
Event_CiaraDennis_2020-02-05_2020-02-20,Event_CiaraDennis,DWELL_PATTERN_IFw1440q030_AEw1080q975,Compound,4,14,361
Event_CiaraDennis_2020-02-05_2020-02-20,Event_CiaraDennis,DWELL_PATTERN_IFw1440q030_AEw1080q975,Pattern,1,14,361
Event_CiaraDennis_2020-02-05_2020-02-20,Event_CiaraDennis,DWELL_PATTERN_IFw1440q030_AEw1080q975,Point,12,8,361
Event_CiaraDennis_2020-02-05_2020-02-20,Event_CiaraDennis,DWELL_PATTERN_IFw1440q030_AEw1080q990,Compound,0,14,361
Event_CiaraDennis_2020-02-05_2020-02-20,Event_CiaraDennis,DWELL_PATTERN_IFw1440q030_AEw1080q990,Pattern,0,14,361
Event_CiaraDennis_2020-02-05_2020-02-20,Event_CiaraDennis,DWELL_PATTERN_IFw1440q030_AEw1080q990,Point,16,8,361
Event_CiaraDennis_2020-02-05_2020-02-20,Event_CiaraDennis,DWELL_PATTERN_IFw1440q030_AEw336q950,Compound,9,14,361
Event_CiaraDennis_2020-02-05_2020-02-20,Event_CiaraDennis,DWELL_PATTERN_IFw1440q030_AEw336q950,Pattern,18,14,361
Event_CiaraDennis_2020-02-05_2020-02-20,Event_CiaraDennis,DWELL_PATTERN_IFw1440q030_AEw336q950,Point,7,8,361
Event_CiaraDennis_2020-02-05_2020-02-20,Event_CiaraDennis,DWELL_PATTERN_IFw1440q030_AEw336q975,Compound,9,14,361
Event_CiaraDennis_2020-02-05_2020-02-20,Event_CiaraDennis,DWELL_PATTERN_IFw1440q030_AEw336q975,Pattern,6,14,361
Event_CiaraDennis_2020-02-05_2020-02-20,Event_CiaraDennis,DWELL_PATTERN_IFw1440q030_AEw336q975,Point,7,8,361
Event_CiaraDennis_2020-02-05_2020-02-20,Event_CiaraDennis,DWELL_PATTERN_IFw1440q030_AEw336q990,Compound,5,14,361
Event_CiaraDennis_2020-02-05_2020-02-20,Event_CiaraDennis,DWELL_PATTERN_IFw1440q030_AEw336q990,Pattern,3,14,361
Event_CiaraDennis_2020-02-05_2020-02-20,Event_CiaraDennis,DWELL_PATTERN_IFw1440q030_AEw336q990,Point,11,8,361
Event_CiaraDennis_2020-02-05_2020-02-20,Event_CiaraDennis,DWELL_PATTERN_IFw1440q030_AEw720q950,Compound,7,14,361
Event_CiaraDennis_2020-02-05_2020-02-20,Event_CiaraDennis,DWELL_PATTERN_IFw1440q030_AEw720q950,Pattern,3,14,361
Event_CiaraDennis_2020-02-05_2020-02-20,Event_CiaraDennis,DWELL_PATTERN_IFw1440q030_AEw720q950,Point,9,8,361
Event_CiaraDennis_2020-02-05_2020-02-20,Event_CiaraDennis,DWELL_PATTERN_IFw1440q030_AEw720q975,Compound,3,14,361
Event_CiaraDennis_2020-02-05_2020-02-20,Event_CiaraDennis,DWELL_PATTERN_IFw1440q030_AEw720q975,Pattern,0,14,361
Event_CiaraDennis_2020-02-05_2020-02-20,Event_CiaraDennis,DWELL_PATTERN_IFw1440q030_AEw720q975,Point,13,8,361
Event_CiaraDennis_2020-02-05_2020-02-20,Event_CiaraDennis,DWELL_PATTERN_IFw1440q030_AEw720q990,Compound,0,14,361
Event_CiaraDennis_2020-02-05_2020-02-20,Event_CiaraDennis,DWELL_PATTERN_IFw1440q030_AEw720q990,Pattern,0,14,361
Event_CiaraDennis_2020-02-05_2020-02-20,Event_CiaraDennis,DWELL_PATTERN_IFw1440q030_AEw720q990,Point,16,8,361
Event_CiaraDennis_2020-02-05_2020-02-20,Event_CiaraDennis,DWELL_PATTERN_IFw336q010_AEw1080q950,Compound,4,14,361
Event_CiaraDennis_2020-02-05_2020-02-20,Event_CiaraDennis,DWELL_PATTERN_IFw336q010_AEw1080q950,Pattern,6,14,361
Event_CiaraDennis_2020-02-05_2020-02-20,Event_CiaraDennis,DWELL_PATTERN_IFw336q010_AEw1080q950,Point,2,8,361
Event_CiaraDennis_2020-02-05_2020-02-20,Event_CiaraDennis,DWELL_PATTERN_IFw336q010_AEw1080q975,Compound,1,14,361
Event_CiaraDennis_2020-02-05_2020-02-20,Event_CiaraDennis,DWELL_PATTERN_IFw336q010_AEw1080q975,Pattern,4,14,361
Event_CiaraDennis_2020-02-05_2020-02-20,Event_CiaraDennis,DWELL_PATTERN_IFw336q010_AEw1080q975,Point,5,8,361
Event_CiaraDennis_2020-02-05_2020-02-20,Event_CiaraDennis,DWELL_PATTERN_IFw336q010_AEw1080q990,Compound,0,14,361
Event_CiaraDennis_2020-02-05_2020-02-20,Event_CiaraDennis,DWELL_PATTERN_IFw336q010_AEw1080q990,Pattern,0,14,361
Event_CiaraDennis_2020-02-05_2020-02-20,Event_CiaraDennis,DWELL_PATTERN_IFw336q010_AEw1080q990,Point,6,8,361
Event_CiaraDennis_2020-02-05_2020-02-20,Event_CiaraDennis,DWELL_PATTERN_IFw336q010_AEw336q950,Compound,5,14,361
Event_CiaraDennis_2020-02-05_2020-02-20,Event_CiaraDennis,DWELL_PATTERN_IFw336q010_AEw336q950,Pattern,22,14,361
Event_CiaraDennis_2020-02-05_2020-02-20,Event_CiaraDennis,DWELL_PATTERN_IFw336q010_AEw336q950,Point,1,8,361
Event_CiaraDennis_2020-02-05_2020-02-20,Event_CiaraDennis,DWELL_PATTERN_IFw336q010_AEw336q975,Compound,5,14,361
Event_CiaraDennis_2020-02-05_2020-02-20,Event_CiaraDennis,DWELL_PATTERN_IFw336q010_AEw336q975,Pattern,10,14,361
Event_CiaraDennis_2020-02-05_2020-02-20,Event_CiaraDennis,DWELL_PATTERN_IFw336q010_AEw336q975,Point,1,8,361
Event_CiaraDennis_2020-02-05_2020-02-20,Event_CiaraDennis,DWELL_PATTERN_IFw336q010_AEw336q990,Compound,3,14,361
Event_CiaraDennis_2020-02-05_2020-02-20,Event_CiaraDennis,DWELL_PATTERN_IFw336q010_AEw336q990,Pattern,5,14,361
Event_CiaraDennis_2020-02-05_2020-02-20,Event_CiaraDennis,DWELL_PATTERN_IFw336q010_AEw336q990,Point,3,8,361
Event_CiaraDennis_2020-02-05_2020-02-20,Event_CiaraDennis,DWELL_PATTERN_IFw336q010_AEw720q950,Compound,3,14,361
Event_CiaraDennis_2020-02-05_2020-02-20,Event_CiaraDennis,DWELL_PATTERN_IFw336q010_AEw720q950,Pattern,7,14,361
Event_CiaraDennis_2020-02-05_2020-02-20,Event_CiaraDennis,DWELL_PATTERN_IFw336q010_AEw720q950,Point,3,8,361
Event_CiaraDennis_2020-02-05_2020-02-20,Event_CiaraDennis,DWELL_PATTERN_IFw336q010_AEw720q975,Compound,1,14,361
Event_CiaraDennis_2020-02-05_2020-02-20,Event_CiaraDennis,DWELL_PATTERN_IFw336q010_AEw720q975,Pattern,2,14,361
Event_CiaraDennis_2020-02-05_2020-02-20,Event_CiaraDennis,DWELL_PATTERN_IFw336q010_AEw720q975,Point,5,8,361
Event_CiaraDennis_2020-02-05_2020-02-20,Event_CiaraDennis,DWELL_PATTERN_IFw336q010_AEw720q990,Compound,0,14,361
Event_CiaraDennis_2020-02-05_2020-02-20,Event_CiaraDennis,DWELL_PATTERN_IFw336q010_AEw720q990,Pattern,0,14,361
Event_CiaraDennis_2020-02-05_2020-02-20,Event_CiaraDennis,DWELL_PATTERN_IFw336q010_AEw720q990,Point,6,8,361
Event_CiaraDennis_2020-02-05_2020-02-20,Event_CiaraDennis,DWELL_PATTERN_IFw336q030_AEw1080q950,Compound,8,14,361
Event_CiaraDennis_2020-02-05_2020-02-20,Event_CiaraDennis,DWELL_PATTERN_IFw336q030_AEw1080q950,Pattern,2,14,361
Event_CiaraDennis_2020-02-05_2020-02-20,Event_CiaraDennis,DWELL_PATTERN_IFw336q030_AEw1080q950,Point,8,8,361
Event_CiaraDennis_2020-02-05_2020-02-20,Event_CiaraDennis,DWELL_PATTERN_IFw336q030_AEw1080q975,Compound,4,14,361
Event_CiaraDennis_2020-02-05_2020-02-20,Event_CiaraDennis,DWELL_PATTERN_IFw336q030_AEw1080q975,Pattern,1,14,361
Event_CiaraDennis_2020-02-05_2020-02-20,Event_CiaraDennis,DWELL_PATTERN_IFw336q030_AEw1080q975,Point,12,8,361
Event_CiaraDennis_2020-02-05_2020-02-20,Event_CiaraDennis,DWELL_PATTERN_IFw336q030_AEw1080q990,Compound,0,14,361
Event_CiaraDennis_2020-02-05_2020-02-20,Event_CiaraDennis,DWELL_PATTERN_IFw336q030_AEw1080q990,Pattern,0,14,361
Event_CiaraDennis_2020-02-05_2020-02-20,Event_CiaraDennis,DWELL_PATTERN_IFw336q030_AEw1080q990,Point,16,8,361
Event_CiaraDennis_2020-02-05_2020-02-20,Event_CiaraDennis,DWELL_PATTERN_IFw336q030_AEw336q950,Compound,9,14,361
Event_CiaraDennis_2020-02-05_2020-02-20,Event_CiaraDennis,DWELL_PATTERN_IFw336q030_AEw336q950,Pattern,18,14,361
Event_CiaraDennis_2020-02-05_2020-02-20,Event_CiaraDennis,DWELL_PATTERN_IFw336q030_AEw336q950,Point,7,8,361
Event_CiaraDennis_2020-02-05_2020-02-20,Event_CiaraDennis,DWELL_PATTERN_IFw336q030_AEw336q975,Compound,9,14,361
Event_CiaraDennis_2020-02-05_2020-02-20,Event_CiaraDennis,DWELL_PATTERN_IFw336q030_AEw336q975,Pattern,6,14,361
Event_CiaraDennis_2020-02-05_2020-02-20,Event_CiaraDennis,DWELL_PATTERN_IFw336q030_AEw336q975,Point,7,8,361
Event_CiaraDennis_2020-02-05_2020-02-20,Event_CiaraDennis,DWELL_PATTERN_IFw336q030_AEw336q990,Compound,5,14,361
Event_CiaraDennis_2020-02-05_2020-02-20,Event_CiaraDennis,DWELL_PATTERN_IFw336q030_AEw336q990,Pattern,3,14,361
Event_CiaraDennis_2020-02-05_2020-02-20,Event_CiaraDennis,DWELL_PATTERN_IFw336q030_AEw336q990,Point,11,8,361
Event_CiaraDennis_2020-02-05_2020-02-20,Event_CiaraDennis,DWELL_PATTERN_IFw336q030_AEw720q950,Compound,7,14,361
Event_CiaraDennis_2020-02-05_2020-02-20,Event_CiaraDennis,DWELL_PATTERN_IFw336q030_AEw720q950,Pattern,3,14,361
Event_CiaraDennis_2020-02-05_2020-02-20,Event_CiaraDennis,DWELL_PATTERN_IFw336q030_AEw720q950,Point,9,8,361
Event_CiaraDennis_2020-02-05_2020-02-20,Event_CiaraDennis,DWELL_PATTERN_IFw336q030_AEw720q975,Compound,3,14,361
Event_CiaraDennis_2020-02-05_2020-02-20,Event_CiaraDennis,DWELL_PATTERN_IFw336q030_AEw720q975,Pattern,0,14,361
Event_CiaraDennis_2020-02-05_2020-02-20,Event_CiaraDennis,DWELL_PATTERN_IFw336q030_AEw720q975,Point,13,8,361
Event_CiaraDennis_2020-02-05_2020-02-20,Event_CiaraDennis,DWELL_PATTERN_IFw336q030_AEw720q990,Compound,0,14,361
Event_CiaraDennis_2020-02-05_2020-02-20,Event_CiaraDennis,DWELL_PATTERN_IFw336q030_AEw720q990,Pattern,0,14,361
Event_CiaraDennis_2020-02-05_2020-02-20,Event_CiaraDennis,DWELL_PATTERN_IFw336q030_AEw720q990,Point,16,8,361
Event_CiaraDennis_2020-02-05_2020-02-20,Event_CiaraDennis,DWELL_PATTERN_IFw720q010_AEw1080q950,Compound,5,14,361
Event_CiaraDennis_2020-02-05_2020-02-20,Event_CiaraDennis,DWELL_PATTERN_IFw720q010_AEw1080q950,Pattern,5,14,361
Event_CiaraDennis_2020-02-05_2020-02-20,Event_CiaraDennis,DWELL_PATTERN_IFw720q010_AEw1080q950,Point,1,8,361
Event_CiaraDennis_2020-02-05_2020-02-20,Event_CiaraDennis,DWELL_PATTERN_IFw720q010_AEw1080q975,Compound,1,14,361
Event_CiaraDennis_2020-02-05_2020-02-20,Event_CiaraDennis,DWELL_PATTERN_IFw720q010_AEw1080q975,Pattern,4,14,361
Event_CiaraDennis_2020-02-05_2020-02-20,Event_CiaraDennis,DWELL_PATTERN_IFw720q010_AEw1080q975,Point,5,8,361
Event_CiaraDennis_2020-02-05_2020-02-20,Event_CiaraDennis,DWELL_PATTERN_IFw720q010_AEw1080q990,Compound,0,14,361
Event_CiaraDennis_2020-02-05_2020-02-20,Event_CiaraDennis,DWELL_PATTERN_IFw720q010_AEw1080q990,Pattern,0,14,361
Event_CiaraDennis_2020-02-05_2020-02-20,Event_CiaraDennis,DWELL_PATTERN_IFw720q010_AEw1080q990,Point,6,8,361
Event_CiaraDennis_2020-02-05_2020-02-20,Event_CiaraDennis,DWELL_PATTERN_IFw720q010_AEw336q950,Compound,6,14,361
Event_CiaraDennis_2020-02-05_2020-02-20,Event_CiaraDennis,DWELL_PATTERN_IFw720q010_AEw336q950,Pattern,21,14,361
Event_CiaraDennis_2020-02-05_2020-02-20,Event_CiaraDennis,DWELL_PATTERN_IFw720q010_AEw336q950,Point,0,8,361
Event_CiaraDennis_2020-02-05_2020-02-20,Event_CiaraDennis,DWELL_PATTERN_IFw720q010_AEw336q975,Compound,6,14,361
Event_CiaraDennis_2020-02-05_2020-02-20,Event_CiaraDennis,DWELL_PATTERN_IFw720q010_AEw336q975,Pattern,9,14,361
Event_CiaraDennis_2020-02-05_2020-02-20,Event_CiaraDennis,DWELL_PATTERN_IFw720q010_AEw336q975,Point,0,8,361
Event_CiaraDennis_2020-02-05_2020-02-20,Event_CiaraDennis,DWELL_PATTERN_IFw720q010_AEw336q990,Compound,3,14,361
Event_CiaraDennis_2020-02-05_2020-02-20,Event_CiaraDennis,DWELL_PATTERN_IFw720q010_AEw336q990,Pattern,5,14,361
Event_CiaraDennis_2020-02-05_2020-02-20,Event_CiaraDennis,DWELL_PATTERN_IFw720q010_AEw336q990,Point,3,8,361
Event_CiaraDennis_2020-02-05_2020-02-20,Event_CiaraDennis,DWELL_PATTERN_IFw720q010_AEw720q950,Compound,4,14,361
Event_CiaraDennis_2020-02-05_2020-02-20,Event_CiaraDennis,DWELL_PATTERN_IFw720q010_AEw720q950,Pattern,6,14,361
Event_CiaraDennis_2020-02-05_2020-02-20,Event_CiaraDennis,DWELL_PATTERN_IFw720q010_AEw720q950,Point,2,8,361
Event_CiaraDennis_2020-02-05_2020-02-20,Event_CiaraDennis,DWELL_PATTERN_IFw720q010_AEw720q975,Compound,2,14,361
Event_CiaraDennis_2020-02-05_2020-02-20,Event_CiaraDennis,DWELL_PATTERN_IFw720q010_AEw720q975,Pattern,1,14,361
Event_CiaraDennis_2020-02-05_2020-02-20,Event_CiaraDennis,DWELL_PATTERN_IFw720q010_AEw720q975,Point,4,8,361
Event_CiaraDennis_2020-02-05_2020-02-20,Event_CiaraDennis,DWELL_PATTERN_IFw720q010_AEw720q990,Compound,0,14,361
Event_CiaraDennis_2020-02-05_2020-02-20,Event_CiaraDennis,DWELL_PATTERN_IFw720q010_AEw720q990,Pattern,0,14,361
Event_CiaraDennis_2020-02-05_2020-02-20,Event_CiaraDennis,DWELL_PATTERN_IFw720q010_AEw720q990,Point,6,8,361
Event_CiaraDennis_2020-02-05_2020-02-20,Event_CiaraDennis,DWELL_PATTERN_IFw720q030_AEw1080q950,Compound,8,14,361
Event_CiaraDennis_2020-02-05_2020-02-20,Event_CiaraDennis,DWELL_PATTERN_IFw720q030_AEw1080q950,Pattern,2,14,361
Event_CiaraDennis_2020-02-05_2020-02-20,Event_CiaraDennis,DWELL_PATTERN_IFw720q030_AEw1080q950,Point,9,8,361
Event_CiaraDennis_2020-02-05_2020-02-20,Event_CiaraDennis,DWELL_PATTERN_IFw720q030_AEw1080q975,Compound,3,14,361
Event_CiaraDennis_2020-02-05_2020-02-20,Event_CiaraDennis,DWELL_PATTERN_IFw720q030_AEw1080q975,Pattern,2,14,361
Event_CiaraDennis_2020-02-05_2020-02-20,Event_CiaraDennis,DWELL_PATTERN_IFw720q030_AEw1080q975,Point,14,8,361
Event_CiaraDennis_2020-02-05_2020-02-20,Event_CiaraDennis,DWELL_PATTERN_IFw720q030_AEw1080q990,Compound,0,14,361
Event_CiaraDennis_2020-02-05_2020-02-20,Event_CiaraDennis,DWELL_PATTERN_IFw720q030_AEw1080q990,Pattern,0,14,361
Event_CiaraDennis_2020-02-05_2020-02-20,Event_CiaraDennis,DWELL_PATTERN_IFw720q030_AEw1080q990,Point,17,8,361
Event_CiaraDennis_2020-02-05_2020-02-20,Event_CiaraDennis,DWELL_PATTERN_IFw720q030_AEw336q950,Compound,9,14,361
Event_CiaraDennis_2020-02-05_2020-02-20,Event_CiaraDennis,DWELL_PATTERN_IFw720q030_AEw336q950,Pattern,18,14,361
Event_CiaraDennis_2020-02-05_2020-02-20,Event_CiaraDennis,DWELL_PATTERN_IFw720q030_AEw336q950,Point,8,8,361
Event_CiaraDennis_2020-02-05_2020-02-20,Event_CiaraDennis,DWELL_PATTERN_IFw720q030_AEw336q975,Compound,9,14,361
Event_CiaraDennis_2020-02-05_2020-02-20,Event_CiaraDennis,DWELL_PATTERN_IFw720q030_AEw336q975,Pattern,6,14,361
Event_CiaraDennis_2020-02-05_2020-02-20,Event_CiaraDennis,DWELL_PATTERN_IFw720q030_AEw336q975,Point,8,8,361
Event_CiaraDennis_2020-02-05_2020-02-20,Event_CiaraDennis,DWELL_PATTERN_IFw720q030_AEw336q990,Compound,5,14,361
Event_CiaraDennis_2020-02-05_2020-02-20,Event_CiaraDennis,DWELL_PATTERN_IFw720q030_AEw336q990,Pattern,3,14,361
Event_CiaraDennis_2020-02-05_2020-02-20,Event_CiaraDennis,DWELL_PATTERN_IFw720q030_AEw336q990,Point,12,8,361
Event_CiaraDennis_2020-02-05_2020-02-20,Event_CiaraDennis,DWELL_PATTERN_IFw720q030_AEw720q950,Compound,7,14,361
Event_CiaraDennis_2020-02-05_2020-02-20,Event_CiaraDennis,DWELL_PATTERN_IFw720q030_AEw720q950,Pattern,3,14,361
Event_CiaraDennis_2020-02-05_2020-02-20,Event_CiaraDennis,DWELL_PATTERN_IFw720q030_AEw720q950,Point,10,8,361
Event_CiaraDennis_2020-02-05_2020-02-20,Event_CiaraDennis,DWELL_PATTERN_IFw720q030_AEw720q975,Compound,3,14,361
Event_CiaraDennis_2020-02-05_2020-02-20,Event_CiaraDennis,DWELL_PATTERN_IFw720q030_AEw720q975,Pattern,0,14,361
Event_CiaraDennis_2020-02-05_2020-02-20,Event_CiaraDennis,DWELL_PATTERN_IFw720q030_AEw720q975,Point,14,8,361
Event_CiaraDennis_2020-02-05_2020-02-20,Event_CiaraDennis,DWELL_PATTERN_IFw720q030_AEw720q990,Compound,0,14,361
Event_CiaraDennis_2020-02-05_2020-02-20,Event_CiaraDennis,DWELL_PATTERN_IFw720q030_AEw720q990,Pattern,0,14,361
Event_CiaraDennis_2020-02-05_2020-02-20,Event_CiaraDennis,DWELL_PATTERN_IFw720q030_AEw720q990,Point,17,8,361
Event_CiaraDennis_2020-02-05_2020-02-20,Event_CiaraDennis,adaptive_IFw1080q010_AEw1080q950,Compound,5,14,361
Event_CiaraDennis_2020-02-05_2020-02-20,Event_CiaraDennis,adaptive_IFw1080q010_AEw1080q950,Pattern,10,14,361
Event_CiaraDennis_2020-02-05_2020-02-20,Event_CiaraDennis,adaptive_IFw1080q010_AEw1080q950,Point,0,8,361
Event_CiaraDennis_2020-02-05_2020-02-20,Event_CiaraDennis,adaptive_IFw1080q010_AEw1080q975,Compound,4,14,361
Event_CiaraDennis_2020-02-05_2020-02-20,Event_CiaraDennis,adaptive_IFw1080q010_AEw1080q975,Pattern,6,14,361
Event_CiaraDennis_2020-02-05_2020-02-20,Event_CiaraDennis,adaptive_IFw1080q010_AEw1080q975,Point,1,8,361
Event_CiaraDennis_2020-02-05_2020-02-20,Event_CiaraDennis,adaptive_IFw1080q010_AEw1080q990,Compound,0,14,361
Event_CiaraDennis_2020-02-05_2020-02-20,Event_CiaraDennis,adaptive_IFw1080q010_AEw1080q990,Pattern,1,14,361
Event_CiaraDennis_2020-02-05_2020-02-20,Event_CiaraDennis,adaptive_IFw1080q010_AEw1080q990,Point,5,8,361
Event_CiaraDennis_2020-02-05_2020-02-20,Event_CiaraDennis,adaptive_IFw1080q010_AEw336q950,Compound,5,14,361
Event_CiaraDennis_2020-02-05_2020-02-20,Event_CiaraDennis,adaptive_IFw1080q010_AEw336q950,Pattern,48,14,361
Event_CiaraDennis_2020-02-05_2020-02-20,Event_CiaraDennis,adaptive_IFw1080q010_AEw336q950,Point,0,8,361
Event_CiaraDennis_2020-02-05_2020-02-20,Event_CiaraDennis,adaptive_IFw1080q010_AEw336q975,Compound,5,14,361
Event_CiaraDennis_2020-02-05_2020-02-20,Event_CiaraDennis,adaptive_IFw1080q010_AEw336q975,Pattern,29,14,361
Event_CiaraDennis_2020-02-05_2020-02-20,Event_CiaraDennis,adaptive_IFw1080q010_AEw336q975,Point,0,8,361
Event_CiaraDennis_2020-02-05_2020-02-20,Event_CiaraDennis,adaptive_IFw1080q010_AEw336q990,Compound,3,14,361
Event_CiaraDennis_2020-02-05_2020-02-20,Event_CiaraDennis,adaptive_IFw1080q010_AEw336q990,Pattern,17,14,361
Event_CiaraDennis_2020-02-05_2020-02-20,Event_CiaraDennis,adaptive_IFw1080q010_AEw336q990,Point,2,8,361
Event_CiaraDennis_2020-02-05_2020-02-20,Event_CiaraDennis,adaptive_IFw1080q010_AEw720q950,Compound,5,14,361
Event_CiaraDennis_2020-02-05_2020-02-20,Event_CiaraDennis,adaptive_IFw1080q010_AEw720q950,Pattern,10,14,361
Event_CiaraDennis_2020-02-05_2020-02-20,Event_CiaraDennis,adaptive_IFw1080q010_AEw720q950,Point,0,8,361
Event_CiaraDennis_2020-02-05_2020-02-20,Event_CiaraDennis,adaptive_IFw1080q010_AEw720q975,Compound,5,14,361
Event_CiaraDennis_2020-02-05_2020-02-20,Event_CiaraDennis,adaptive_IFw1080q010_AEw720q975,Pattern,3,14,361
Event_CiaraDennis_2020-02-05_2020-02-20,Event_CiaraDennis,adaptive_IFw1080q010_AEw720q975,Point,0,8,361
Event_CiaraDennis_2020-02-05_2020-02-20,Event_CiaraDennis,adaptive_IFw1080q010_AEw720q990,Compound,1,14,361
Event_CiaraDennis_2020-02-05_2020-02-20,Event_CiaraDennis,adaptive_IFw1080q010_AEw720q990,Pattern,1,14,361
Event_CiaraDennis_2020-02-05_2020-02-20,Event_CiaraDennis,adaptive_IFw1080q010_AEw720q990,Point,4,8,361
Event_CiaraDennis_2020-02-05_2020-02-20,Event_CiaraDennis,adaptive_IFw1080q030_AEw1080q950,Compound,9,14,361
Event_CiaraDennis_2020-02-05_2020-02-20,Event_CiaraDennis,adaptive_IFw1080q030_AEw1080q950,Pattern,6,14,361
Event_CiaraDennis_2020-02-05_2020-02-20,Event_CiaraDennis,adaptive_IFw1080q030_AEw1080q950,Point,4,8,361
Event_CiaraDennis_2020-02-05_2020-02-20,Event_CiaraDennis,adaptive_IFw1080q030_AEw1080q975,Compound,8,14,361
Event_CiaraDennis_2020-02-05_2020-02-20,Event_CiaraDennis,adaptive_IFw1080q030_AEw1080q975,Pattern,2,14,361
Event_CiaraDennis_2020-02-05_2020-02-20,Event_CiaraDennis,adaptive_IFw1080q030_AEw1080q975,Point,5,8,361
Event_CiaraDennis_2020-02-05_2020-02-20,Event_CiaraDennis,adaptive_IFw1080q030_AEw1080q990,Compound,1,14,361
Event_CiaraDennis_2020-02-05_2020-02-20,Event_CiaraDennis,adaptive_IFw1080q030_AEw1080q990,Pattern,0,14,361
Event_CiaraDennis_2020-02-05_2020-02-20,Event_CiaraDennis,adaptive_IFw1080q030_AEw1080q990,Point,12,8,361
Event_CiaraDennis_2020-02-05_2020-02-20,Event_CiaraDennis,adaptive_IFw1080q030_AEw336q950,Compound,9,14,361
Event_CiaraDennis_2020-02-05_2020-02-20,Event_CiaraDennis,adaptive_IFw1080q030_AEw336q950,Pattern,44,14,361
Event_CiaraDennis_2020-02-05_2020-02-20,Event_CiaraDennis,adaptive_IFw1080q030_AEw336q950,Point,4,8,361
Event_CiaraDennis_2020-02-05_2020-02-20,Event_CiaraDennis,adaptive_IFw1080q030_AEw336q975,Compound,9,14,361
Event_CiaraDennis_2020-02-05_2020-02-20,Event_CiaraDennis,adaptive_IFw1080q030_AEw336q975,Pattern,25,14,361
Event_CiaraDennis_2020-02-05_2020-02-20,Event_CiaraDennis,adaptive_IFw1080q030_AEw336q975,Point,4,8,361
Event_CiaraDennis_2020-02-05_2020-02-20,Event_CiaraDennis,adaptive_IFw1080q030_AEw336q990,Compound,5,14,361
Event_CiaraDennis_2020-02-05_2020-02-20,Event_CiaraDennis,adaptive_IFw1080q030_AEw336q990,Pattern,15,14,361
Event_CiaraDennis_2020-02-05_2020-02-20,Event_CiaraDennis,adaptive_IFw1080q030_AEw336q990,Point,8,8,361
Event_CiaraDennis_2020-02-05_2020-02-20,Event_CiaraDennis,adaptive_IFw1080q030_AEw720q950,Compound,9,14,361
Event_CiaraDennis_2020-02-05_2020-02-20,Event_CiaraDennis,adaptive_IFw1080q030_AEw720q950,Pattern,6,14,361
Event_CiaraDennis_2020-02-05_2020-02-20,Event_CiaraDennis,adaptive_IFw1080q030_AEw720q950,Point,4,8,361
Event_CiaraDennis_2020-02-05_2020-02-20,Event_CiaraDennis,adaptive_IFw1080q030_AEw720q975,Compound,7,14,361
Event_CiaraDennis_2020-02-05_2020-02-20,Event_CiaraDennis,adaptive_IFw1080q030_AEw720q975,Pattern,1,14,361
Event_CiaraDennis_2020-02-05_2020-02-20,Event_CiaraDennis,adaptive_IFw1080q030_AEw720q975,Point,6,8,361
Event_CiaraDennis_2020-02-05_2020-02-20,Event_CiaraDennis,adaptive_IFw1080q030_AEw720q990,Compound,2,14,361
Event_CiaraDennis_2020-02-05_2020-02-20,Event_CiaraDennis,adaptive_IFw1080q030_AEw720q990,Pattern,0,14,361
Event_CiaraDennis_2020-02-05_2020-02-20,Event_CiaraDennis,adaptive_IFw1080q030_AEw720q990,Point,11,8,361
Event_CiaraDennis_2020-02-05_2020-02-20,Event_CiaraDennis,adaptive_IFw1440q010_AEw1080q950,Compound,6,14,361
Event_CiaraDennis_2020-02-05_2020-02-20,Event_CiaraDennis,adaptive_IFw1440q010_AEw1080q950,Pattern,9,14,361
Event_CiaraDennis_2020-02-05_2020-02-20,Event_CiaraDennis,adaptive_IFw1440q010_AEw1080q950,Point,0,8,361
Event_CiaraDennis_2020-02-05_2020-02-20,Event_CiaraDennis,adaptive_IFw1440q010_AEw1080q975,Compound,5,14,361
Event_CiaraDennis_2020-02-05_2020-02-20,Event_CiaraDennis,adaptive_IFw1440q010_AEw1080q975,Pattern,5,14,361
Event_CiaraDennis_2020-02-05_2020-02-20,Event_CiaraDennis,adaptive_IFw1440q010_AEw1080q975,Point,1,8,361
Event_CiaraDennis_2020-02-05_2020-02-20,Event_CiaraDennis,adaptive_IFw1440q010_AEw1080q990,Compound,1,14,361
Event_CiaraDennis_2020-02-05_2020-02-20,Event_CiaraDennis,adaptive_IFw1440q010_AEw1080q990,Pattern,0,14,361
Event_CiaraDennis_2020-02-05_2020-02-20,Event_CiaraDennis,adaptive_IFw1440q010_AEw1080q990,Point,5,8,361
Event_CiaraDennis_2020-02-05_2020-02-20,Event_CiaraDennis,adaptive_IFw1440q010_AEw336q950,Compound,6,14,361
Event_CiaraDennis_2020-02-05_2020-02-20,Event_CiaraDennis,adaptive_IFw1440q010_AEw336q950,Pattern,47,14,361
Event_CiaraDennis_2020-02-05_2020-02-20,Event_CiaraDennis,adaptive_IFw1440q010_AEw336q950,Point,0,8,361
Event_CiaraDennis_2020-02-05_2020-02-20,Event_CiaraDennis,adaptive_IFw1440q010_AEw336q975,Compound,6,14,361
Event_CiaraDennis_2020-02-05_2020-02-20,Event_CiaraDennis,adaptive_IFw1440q010_AEw336q975,Pattern,28,14,361
Event_CiaraDennis_2020-02-05_2020-02-20,Event_CiaraDennis,adaptive_IFw1440q010_AEw336q975,Point,0,8,361
Event_CiaraDennis_2020-02-05_2020-02-20,Event_CiaraDennis,adaptive_IFw1440q010_AEw336q990,Compound,4,14,361
Event_CiaraDennis_2020-02-05_2020-02-20,Event_CiaraDennis,adaptive_IFw1440q010_AEw336q990,Pattern,16,14,361
Event_CiaraDennis_2020-02-05_2020-02-20,Event_CiaraDennis,adaptive_IFw1440q010_AEw336q990,Point,2,8,361
Event_CiaraDennis_2020-02-05_2020-02-20,Event_CiaraDennis,adaptive_IFw1440q010_AEw720q950,Compound,6,14,361
Event_CiaraDennis_2020-02-05_2020-02-20,Event_CiaraDennis,adaptive_IFw1440q010_AEw720q950,Pattern,9,14,361
Event_CiaraDennis_2020-02-05_2020-02-20,Event_CiaraDennis,adaptive_IFw1440q010_AEw720q950,Point,0,8,361
Event_CiaraDennis_2020-02-05_2020-02-20,Event_CiaraDennis,adaptive_IFw1440q010_AEw720q975,Compound,6,14,361
Event_CiaraDennis_2020-02-05_2020-02-20,Event_CiaraDennis,adaptive_IFw1440q010_AEw720q975,Pattern,2,14,361
Event_CiaraDennis_2020-02-05_2020-02-20,Event_CiaraDennis,adaptive_IFw1440q010_AEw720q975,Point,0,8,361
Event_CiaraDennis_2020-02-05_2020-02-20,Event_CiaraDennis,adaptive_IFw1440q010_AEw720q990,Compound,1,14,361
Event_CiaraDennis_2020-02-05_2020-02-20,Event_CiaraDennis,adaptive_IFw1440q010_AEw720q990,Pattern,1,14,361
Event_CiaraDennis_2020-02-05_2020-02-20,Event_CiaraDennis,adaptive_IFw1440q010_AEw720q990,Point,5,8,361
Event_CiaraDennis_2020-02-05_2020-02-20,Event_CiaraDennis,adaptive_IFw1440q030_AEw1080q950,Compound,9,14,361
Event_CiaraDennis_2020-02-05_2020-02-20,Event_CiaraDennis,adaptive_IFw1440q030_AEw1080q950,Pattern,6,14,361
Event_CiaraDennis_2020-02-05_2020-02-20,Event_CiaraDennis,adaptive_IFw1440q030_AEw1080q950,Point,7,8,361
Event_CiaraDennis_2020-02-05_2020-02-20,Event_CiaraDennis,adaptive_IFw1440q030_AEw1080q975,Compound,8,14,361
Event_CiaraDennis_2020-02-05_2020-02-20,Event_CiaraDennis,adaptive_IFw1440q030_AEw1080q975,Pattern,2,14,361
Event_CiaraDennis_2020-02-05_2020-02-20,Event_CiaraDennis,adaptive_IFw1440q030_AEw1080q975,Point,8,8,361
Event_CiaraDennis_2020-02-05_2020-02-20,Event_CiaraDennis,adaptive_IFw1440q030_AEw1080q990,Compound,1,14,361
Event_CiaraDennis_2020-02-05_2020-02-20,Event_CiaraDennis,adaptive_IFw1440q030_AEw1080q990,Pattern,0,14,361
Event_CiaraDennis_2020-02-05_2020-02-20,Event_CiaraDennis,adaptive_IFw1440q030_AEw1080q990,Point,15,8,361
Event_CiaraDennis_2020-02-05_2020-02-20,Event_CiaraDennis,adaptive_IFw1440q030_AEw336q950,Compound,10,14,361
Event_CiaraDennis_2020-02-05_2020-02-20,Event_CiaraDennis,adaptive_IFw1440q030_AEw336q950,Pattern,43,14,361
Event_CiaraDennis_2020-02-05_2020-02-20,Event_CiaraDennis,adaptive_IFw1440q030_AEw336q950,Point,6,8,361
Event_CiaraDennis_2020-02-05_2020-02-20,Event_CiaraDennis,adaptive_IFw1440q030_AEw336q975,Compound,9,14,361
Event_CiaraDennis_2020-02-05_2020-02-20,Event_CiaraDennis,adaptive_IFw1440q030_AEw336q975,Pattern,25,14,361
Event_CiaraDennis_2020-02-05_2020-02-20,Event_CiaraDennis,adaptive_IFw1440q030_AEw336q975,Point,7,8,361
Event_CiaraDennis_2020-02-05_2020-02-20,Event_CiaraDennis,adaptive_IFw1440q030_AEw336q990,Compound,5,14,361
Event_CiaraDennis_2020-02-05_2020-02-20,Event_CiaraDennis,adaptive_IFw1440q030_AEw336q990,Pattern,15,14,361
Event_CiaraDennis_2020-02-05_2020-02-20,Event_CiaraDennis,adaptive_IFw1440q030_AEw336q990,Point,11,8,361
Event_CiaraDennis_2020-02-05_2020-02-20,Event_CiaraDennis,adaptive_IFw1440q030_AEw720q950,Compound,9,14,361
Event_CiaraDennis_2020-02-05_2020-02-20,Event_CiaraDennis,adaptive_IFw1440q030_AEw720q950,Pattern,6,14,361
Event_CiaraDennis_2020-02-05_2020-02-20,Event_CiaraDennis,adaptive_IFw1440q030_AEw720q950,Point,7,8,361
Event_CiaraDennis_2020-02-05_2020-02-20,Event_CiaraDennis,adaptive_IFw1440q030_AEw720q975,Compound,7,14,361
Event_CiaraDennis_2020-02-05_2020-02-20,Event_CiaraDennis,adaptive_IFw1440q030_AEw720q975,Pattern,1,14,361
Event_CiaraDennis_2020-02-05_2020-02-20,Event_CiaraDennis,adaptive_IFw1440q030_AEw720q975,Point,9,8,361
Event_CiaraDennis_2020-02-05_2020-02-20,Event_CiaraDennis,adaptive_IFw1440q030_AEw720q990,Compound,2,14,361
Event_CiaraDennis_2020-02-05_2020-02-20,Event_CiaraDennis,adaptive_IFw1440q030_AEw720q990,Pattern,0,14,361
Event_CiaraDennis_2020-02-05_2020-02-20,Event_CiaraDennis,adaptive_IFw1440q030_AEw720q990,Point,14,8,361
Event_CiaraDennis_2020-02-05_2020-02-20,Event_CiaraDennis,adaptive_IFw336q010_AEw1080q950,Compound,5,14,361
Event_CiaraDennis_2020-02-05_2020-02-20,Event_CiaraDennis,adaptive_IFw336q010_AEw1080q950,Pattern,10,14,361
Event_CiaraDennis_2020-02-05_2020-02-20,Event_CiaraDennis,adaptive_IFw336q010_AEw1080q950,Point,1,8,361
Event_CiaraDennis_2020-02-05_2020-02-20,Event_CiaraDennis,adaptive_IFw336q010_AEw1080q975,Compound,4,14,361
Event_CiaraDennis_2020-02-05_2020-02-20,Event_CiaraDennis,adaptive_IFw336q010_AEw1080q975,Pattern,6,14,361
Event_CiaraDennis_2020-02-05_2020-02-20,Event_CiaraDennis,adaptive_IFw336q010_AEw1080q975,Point,2,8,361
Event_CiaraDennis_2020-02-05_2020-02-20,Event_CiaraDennis,adaptive_IFw336q010_AEw1080q990,Compound,0,14,361
Event_CiaraDennis_2020-02-05_2020-02-20,Event_CiaraDennis,adaptive_IFw336q010_AEw1080q990,Pattern,1,14,361
Event_CiaraDennis_2020-02-05_2020-02-20,Event_CiaraDennis,adaptive_IFw336q010_AEw1080q990,Point,6,8,361
Event_CiaraDennis_2020-02-05_2020-02-20,Event_CiaraDennis,adaptive_IFw336q010_AEw336q950,Compound,5,14,361
Event_CiaraDennis_2020-02-05_2020-02-20,Event_CiaraDennis,adaptive_IFw336q010_AEw336q950,Pattern,48,14,361
Event_CiaraDennis_2020-02-05_2020-02-20,Event_CiaraDennis,adaptive_IFw336q010_AEw336q950,Point,1,8,361
Event_CiaraDennis_2020-02-05_2020-02-20,Event_CiaraDennis,adaptive_IFw336q010_AEw336q975,Compound,5,14,361
Event_CiaraDennis_2020-02-05_2020-02-20,Event_CiaraDennis,adaptive_IFw336q010_AEw336q975,Pattern,29,14,361
Event_CiaraDennis_2020-02-05_2020-02-20,Event_CiaraDennis,adaptive_IFw336q010_AEw336q975,Point,1,8,361
Event_CiaraDennis_2020-02-05_2020-02-20,Event_CiaraDennis,adaptive_IFw336q010_AEw336q990,Compound,3,14,361
Event_CiaraDennis_2020-02-05_2020-02-20,Event_CiaraDennis,adaptive_IFw336q010_AEw336q990,Pattern,17,14,361
Event_CiaraDennis_2020-02-05_2020-02-20,Event_CiaraDennis,adaptive_IFw336q010_AEw336q990,Point,3,8,361
Event_CiaraDennis_2020-02-05_2020-02-20,Event_CiaraDennis,adaptive_IFw336q010_AEw720q950,Compound,5,14,361
Event_CiaraDennis_2020-02-05_2020-02-20,Event_CiaraDennis,adaptive_IFw336q010_AEw720q950,Pattern,10,14,361
Event_CiaraDennis_2020-02-05_2020-02-20,Event_CiaraDennis,adaptive_IFw336q010_AEw720q950,Point,1,8,361
Event_CiaraDennis_2020-02-05_2020-02-20,Event_CiaraDennis,adaptive_IFw336q010_AEw720q975,Compound,5,14,361
Event_CiaraDennis_2020-02-05_2020-02-20,Event_CiaraDennis,adaptive_IFw336q010_AEw720q975,Pattern,3,14,361
Event_CiaraDennis_2020-02-05_2020-02-20,Event_CiaraDennis,adaptive_IFw336q010_AEw720q975,Point,1,8,361
Event_CiaraDennis_2020-02-05_2020-02-20,Event_CiaraDennis,adaptive_IFw336q010_AEw720q990,Compound,1,14,361
Event_CiaraDennis_2020-02-05_2020-02-20,Event_CiaraDennis,adaptive_IFw336q010_AEw720q990,Pattern,1,14,361
Event_CiaraDennis_2020-02-05_2020-02-20,Event_CiaraDennis,adaptive_IFw336q010_AEw720q990,Point,5,8,361
Event_CiaraDennis_2020-02-05_2020-02-20,Event_CiaraDennis,adaptive_IFw336q030_AEw1080q950,Compound,9,14,361
Event_CiaraDennis_2020-02-05_2020-02-20,Event_CiaraDennis,adaptive_IFw336q030_AEw1080q950,Pattern,6,14,361
Event_CiaraDennis_2020-02-05_2020-02-20,Event_CiaraDennis,adaptive_IFw336q030_AEw1080q950,Point,7,8,361
Event_CiaraDennis_2020-02-05_2020-02-20,Event_CiaraDennis,adaptive_IFw336q030_AEw1080q975,Compound,8,14,361
Event_CiaraDennis_2020-02-05_2020-02-20,Event_CiaraDennis,adaptive_IFw336q030_AEw1080q975,Pattern,2,14,361
Event_CiaraDennis_2020-02-05_2020-02-20,Event_CiaraDennis,adaptive_IFw336q030_AEw1080q975,Point,8,8,361
Event_CiaraDennis_2020-02-05_2020-02-20,Event_CiaraDennis,adaptive_IFw336q030_AEw1080q990,Compound,1,14,361
Event_CiaraDennis_2020-02-05_2020-02-20,Event_CiaraDennis,adaptive_IFw336q030_AEw1080q990,Pattern,0,14,361
Event_CiaraDennis_2020-02-05_2020-02-20,Event_CiaraDennis,adaptive_IFw336q030_AEw1080q990,Point,15,8,361
Event_CiaraDennis_2020-02-05_2020-02-20,Event_CiaraDennis,adaptive_IFw336q030_AEw336q950,Compound,10,14,361
Event_CiaraDennis_2020-02-05_2020-02-20,Event_CiaraDennis,adaptive_IFw336q030_AEw336q950,Pattern,43,14,361
Event_CiaraDennis_2020-02-05_2020-02-20,Event_CiaraDennis,adaptive_IFw336q030_AEw336q950,Point,6,8,361
Event_CiaraDennis_2020-02-05_2020-02-20,Event_CiaraDennis,adaptive_IFw336q030_AEw336q975,Compound,9,14,361
Event_CiaraDennis_2020-02-05_2020-02-20,Event_CiaraDennis,adaptive_IFw336q030_AEw336q975,Pattern,25,14,361
Event_CiaraDennis_2020-02-05_2020-02-20,Event_CiaraDennis,adaptive_IFw336q030_AEw336q975,Point,7,8,361
Event_CiaraDennis_2020-02-05_2020-02-20,Event_CiaraDennis,adaptive_IFw336q030_AEw336q990,Compound,5,14,361
Event_CiaraDennis_2020-02-05_2020-02-20,Event_CiaraDennis,adaptive_IFw336q030_AEw336q990,Pattern,15,14,361
Event_CiaraDennis_2020-02-05_2020-02-20,Event_CiaraDennis,adaptive_IFw336q030_AEw336q990,Point,11,8,361
Event_CiaraDennis_2020-02-05_2020-02-20,Event_CiaraDennis,adaptive_IFw336q030_AEw720q950,Compound,9,14,361
Event_CiaraDennis_2020-02-05_2020-02-20,Event_CiaraDennis,adaptive_IFw336q030_AEw720q950,Pattern,6,14,361
Event_CiaraDennis_2020-02-05_2020-02-20,Event_CiaraDennis,adaptive_IFw336q030_AEw720q950,Point,7,8,361
Event_CiaraDennis_2020-02-05_2020-02-20,Event_CiaraDennis,adaptive_IFw336q030_AEw720q975,Compound,7,14,361
Event_CiaraDennis_2020-02-05_2020-02-20,Event_CiaraDennis,adaptive_IFw336q030_AEw720q975,Pattern,1,14,361
Event_CiaraDennis_2020-02-05_2020-02-20,Event_CiaraDennis,adaptive_IFw336q030_AEw720q975,Point,9,8,361
Event_CiaraDennis_2020-02-05_2020-02-20,Event_CiaraDennis,adaptive_IFw336q030_AEw720q990,Compound,2,14,361
Event_CiaraDennis_2020-02-05_2020-02-20,Event_CiaraDennis,adaptive_IFw336q030_AEw720q990,Pattern,0,14,361
Event_CiaraDennis_2020-02-05_2020-02-20,Event_CiaraDennis,adaptive_IFw336q030_AEw720q990,Point,14,8,361
Event_CiaraDennis_2020-02-05_2020-02-20,Event_CiaraDennis,adaptive_IFw720q010_AEw1080q950,Compound,6,14,361
Event_CiaraDennis_2020-02-05_2020-02-20,Event_CiaraDennis,adaptive_IFw720q010_AEw1080q950,Pattern,9,14,361
Event_CiaraDennis_2020-02-05_2020-02-20,Event_CiaraDennis,adaptive_IFw720q010_AEw1080q950,Point,0,8,361
Event_CiaraDennis_2020-02-05_2020-02-20,Event_CiaraDennis,adaptive_IFw720q010_AEw1080q975,Compound,5,14,361
Event_CiaraDennis_2020-02-05_2020-02-20,Event_CiaraDennis,adaptive_IFw720q010_AEw1080q975,Pattern,5,14,361
Event_CiaraDennis_2020-02-05_2020-02-20,Event_CiaraDennis,adaptive_IFw720q010_AEw1080q975,Point,1,8,361
Event_CiaraDennis_2020-02-05_2020-02-20,Event_CiaraDennis,adaptive_IFw720q010_AEw1080q990,Compound,0,14,361
Event_CiaraDennis_2020-02-05_2020-02-20,Event_CiaraDennis,adaptive_IFw720q010_AEw1080q990,Pattern,1,14,361
Event_CiaraDennis_2020-02-05_2020-02-20,Event_CiaraDennis,adaptive_IFw720q010_AEw1080q990,Point,6,8,361
Event_CiaraDennis_2020-02-05_2020-02-20,Event_CiaraDennis,adaptive_IFw720q010_AEw336q950,Compound,6,14,361
Event_CiaraDennis_2020-02-05_2020-02-20,Event_CiaraDennis,adaptive_IFw720q010_AEw336q950,Pattern,47,14,361
Event_CiaraDennis_2020-02-05_2020-02-20,Event_CiaraDennis,adaptive_IFw720q010_AEw336q950,Point,0,8,361
Event_CiaraDennis_2020-02-05_2020-02-20,Event_CiaraDennis,adaptive_IFw720q010_AEw336q975,Compound,6,14,361
Event_CiaraDennis_2020-02-05_2020-02-20,Event_CiaraDennis,adaptive_IFw720q010_AEw336q975,Pattern,28,14,361
Event_CiaraDennis_2020-02-05_2020-02-20,Event_CiaraDennis,adaptive_IFw720q010_AEw336q975,Point,0,8,361
Event_CiaraDennis_2020-02-05_2020-02-20,Event_CiaraDennis,adaptive_IFw720q010_AEw336q990,Compound,3,14,361
Event_CiaraDennis_2020-02-05_2020-02-20,Event_CiaraDennis,adaptive_IFw720q010_AEw336q990,Pattern,17,14,361
Event_CiaraDennis_2020-02-05_2020-02-20,Event_CiaraDennis,adaptive_IFw720q010_AEw336q990,Point,3,8,361
Event_CiaraDennis_2020-02-05_2020-02-20,Event_CiaraDennis,adaptive_IFw720q010_AEw720q950,Compound,6,14,361
Event_CiaraDennis_2020-02-05_2020-02-20,Event_CiaraDennis,adaptive_IFw720q010_AEw720q950,Pattern,9,14,361
Event_CiaraDennis_2020-02-05_2020-02-20,Event_CiaraDennis,adaptive_IFw720q010_AEw720q950,Point,0,8,361
Event_CiaraDennis_2020-02-05_2020-02-20,Event_CiaraDennis,adaptive_IFw720q010_AEw720q975,Compound,6,14,361
Event_CiaraDennis_2020-02-05_2020-02-20,Event_CiaraDennis,adaptive_IFw720q010_AEw720q975,Pattern,2,14,361
Event_CiaraDennis_2020-02-05_2020-02-20,Event_CiaraDennis,adaptive_IFw720q010_AEw720q975,Point,0,8,361
Event_CiaraDennis_2020-02-05_2020-02-20,Event_CiaraDennis,adaptive_IFw720q010_AEw720q990,Compound,2,14,361
Event_CiaraDennis_2020-02-05_2020-02-20,Event_CiaraDennis,adaptive_IFw720q010_AEw720q990,Pattern,0,14,361
Event_CiaraDennis_2020-02-05_2020-02-20,Event_CiaraDennis,adaptive_IFw720q010_AEw720q990,Point,4,8,361
Event_CiaraDennis_2020-02-05_2020-02-20,Event_CiaraDennis,adaptive_IFw720q030_AEw1080q950,Compound,9,14,361
Event_CiaraDennis_2020-02-05_2020-02-20,Event_CiaraDennis,adaptive_IFw720q030_AEw1080q950,Pattern,6,14,361
Event_CiaraDennis_2020-02-05_2020-02-20,Event_CiaraDennis,adaptive_IFw720q030_AEw1080q950,Point,8,8,361
Event_CiaraDennis_2020-02-05_2020-02-20,Event_CiaraDennis,adaptive_IFw720q030_AEw1080q975,Compound,7,14,361
Event_CiaraDennis_2020-02-05_2020-02-20,Event_CiaraDennis,adaptive_IFw720q030_AEw1080q975,Pattern,3,14,361
Event_CiaraDennis_2020-02-05_2020-02-20,Event_CiaraDennis,adaptive_IFw720q030_AEw1080q975,Point,10,8,361
Event_CiaraDennis_2020-02-05_2020-02-20,Event_CiaraDennis,adaptive_IFw720q030_AEw1080q990,Compound,1,14,361
Event_CiaraDennis_2020-02-05_2020-02-20,Event_CiaraDennis,adaptive_IFw720q030_AEw1080q990,Pattern,0,14,361
Event_CiaraDennis_2020-02-05_2020-02-20,Event_CiaraDennis,adaptive_IFw720q030_AEw1080q990,Point,16,8,361
Event_CiaraDennis_2020-02-05_2020-02-20,Event_CiaraDennis,adaptive_IFw720q030_AEw336q950,Compound,10,14,361
Event_CiaraDennis_2020-02-05_2020-02-20,Event_CiaraDennis,adaptive_IFw720q030_AEw336q950,Pattern,43,14,361
Event_CiaraDennis_2020-02-05_2020-02-20,Event_CiaraDennis,adaptive_IFw720q030_AEw336q950,Point,7,8,361
Event_CiaraDennis_2020-02-05_2020-02-20,Event_CiaraDennis,adaptive_IFw720q030_AEw336q975,Compound,9,14,361
Event_CiaraDennis_2020-02-05_2020-02-20,Event_CiaraDennis,adaptive_IFw720q030_AEw336q975,Pattern,25,14,361
Event_CiaraDennis_2020-02-05_2020-02-20,Event_CiaraDennis,adaptive_IFw720q030_AEw336q975,Point,8,8,361
Event_CiaraDennis_2020-02-05_2020-02-20,Event_CiaraDennis,adaptive_IFw720q030_AEw336q990,Compound,5,14,361
Event_CiaraDennis_2020-02-05_2020-02-20,Event_CiaraDennis,adaptive_IFw720q030_AEw336q990,Pattern,15,14,361
Event_CiaraDennis_2020-02-05_2020-02-20,Event_CiaraDennis,adaptive_IFw720q030_AEw336q990,Point,12,8,361
Event_CiaraDennis_2020-02-05_2020-02-20,Event_CiaraDennis,adaptive_IFw720q030_AEw720q950,Compound,9,14,361
Event_CiaraDennis_2020-02-05_2020-02-20,Event_CiaraDennis,adaptive_IFw720q030_AEw720q950,Pattern,6,14,361
Event_CiaraDennis_2020-02-05_2020-02-20,Event_CiaraDennis,adaptive_IFw720q030_AEw720q950,Point,8,8,361
Event_CiaraDennis_2020-02-05_2020-02-20,Event_CiaraDennis,adaptive_IFw720q030_AEw720q975,Compound,7,14,361
Event_CiaraDennis_2020-02-05_2020-02-20,Event_CiaraDennis,adaptive_IFw720q030_AEw720q975,Pattern,1,14,361
Event_CiaraDennis_2020-02-05_2020-02-20,Event_CiaraDennis,adaptive_IFw720q030_AEw720q975,Point,10,8,361
Event_CiaraDennis_2020-02-05_2020-02-20,Event_CiaraDennis,adaptive_IFw720q030_AEw720q990,Compound,2,14,361
Event_CiaraDennis_2020-02-05_2020-02-20,Event_CiaraDennis,adaptive_IFw720q030_AEw720q990,Pattern,0,14,361
Event_CiaraDennis_2020-02-05_2020-02-20,Event_CiaraDennis,adaptive_IFw720q030_AEw720q990,Point,15,8,361
Event_Eunice_2022-02-12_2022-02-25,Event_Eunice,CAPPED_minmax_IFw1080q010_AEw1080q950,Compound,5,11,313
Event_Eunice_2022-02-12_2022-02-25,Event_Eunice,CAPPED_minmax_IFw1080q010_AEw1080q950,Pattern,43,26,313
Event_Eunice_2022-02-12_2022-02-25,Event_Eunice,CAPPED_minmax_IFw1080q010_AEw1080q950,Point,2,11,313
Event_Eunice_2022-02-12_2022-02-25,Event_Eunice,CAPPED_minmax_IFw1080q010_AEw1080q975,Compound,5,11,313
Event_Eunice_2022-02-12_2022-02-25,Event_Eunice,CAPPED_minmax_IFw1080q010_AEw1080q975,Pattern,32,26,313
Event_Eunice_2022-02-12_2022-02-25,Event_Eunice,CAPPED_minmax_IFw1080q010_AEw1080q975,Point,2,11,313
Event_Eunice_2022-02-12_2022-02-25,Event_Eunice,CAPPED_minmax_IFw1080q010_AEw1080q990,Compound,4,11,313
Event_Eunice_2022-02-12_2022-02-25,Event_Eunice,CAPPED_minmax_IFw1080q010_AEw1080q990,Pattern,19,26,313
Event_Eunice_2022-02-12_2022-02-25,Event_Eunice,CAPPED_minmax_IFw1080q010_AEw1080q990,Point,3,11,313
Event_Eunice_2022-02-12_2022-02-25,Event_Eunice,CAPPED_minmax_IFw1080q010_AEw336q950,Compound,4,11,313
Event_Eunice_2022-02-12_2022-02-25,Event_Eunice,CAPPED_minmax_IFw1080q010_AEw336q950,Pattern,29,26,313
Event_Eunice_2022-02-12_2022-02-25,Event_Eunice,CAPPED_minmax_IFw1080q010_AEw336q950,Point,3,11,313
Event_Eunice_2022-02-12_2022-02-25,Event_Eunice,CAPPED_minmax_IFw1080q010_AEw336q975,Compound,4,11,313
Event_Eunice_2022-02-12_2022-02-25,Event_Eunice,CAPPED_minmax_IFw1080q010_AEw336q975,Pattern,22,26,313
Event_Eunice_2022-02-12_2022-02-25,Event_Eunice,CAPPED_minmax_IFw1080q010_AEw336q975,Point,3,11,313
Event_Eunice_2022-02-12_2022-02-25,Event_Eunice,CAPPED_minmax_IFw1080q010_AEw336q990,Compound,4,11,313
Event_Eunice_2022-02-12_2022-02-25,Event_Eunice,CAPPED_minmax_IFw1080q010_AEw336q990,Pattern,15,26,313
Event_Eunice_2022-02-12_2022-02-25,Event_Eunice,CAPPED_minmax_IFw1080q010_AEw336q990,Point,3,11,313
Event_Eunice_2022-02-12_2022-02-25,Event_Eunice,CAPPED_minmax_IFw1080q010_AEw720q950,Compound,5,11,313
Event_Eunice_2022-02-12_2022-02-25,Event_Eunice,CAPPED_minmax_IFw1080q010_AEw720q950,Pattern,40,26,313
Event_Eunice_2022-02-12_2022-02-25,Event_Eunice,CAPPED_minmax_IFw1080q010_AEw720q950,Point,2,11,313
Event_Eunice_2022-02-12_2022-02-25,Event_Eunice,CAPPED_minmax_IFw1080q010_AEw720q975,Compound,4,11,313
Event_Eunice_2022-02-12_2022-02-25,Event_Eunice,CAPPED_minmax_IFw1080q010_AEw720q975,Pattern,28,26,313
Event_Eunice_2022-02-12_2022-02-25,Event_Eunice,CAPPED_minmax_IFw1080q010_AEw720q975,Point,3,11,313
Event_Eunice_2022-02-12_2022-02-25,Event_Eunice,CAPPED_minmax_IFw1080q010_AEw720q990,Compound,4,11,313
Event_Eunice_2022-02-12_2022-02-25,Event_Eunice,CAPPED_minmax_IFw1080q010_AEw720q990,Pattern,18,26,313
Event_Eunice_2022-02-12_2022-02-25,Event_Eunice,CAPPED_minmax_IFw1080q010_AEw720q990,Point,3,11,313
Event_Eunice_2022-02-12_2022-02-25,Event_Eunice,CAPPED_minmax_IFw1080q030_AEw1080q950,Compound,11,11,313
Event_Eunice_2022-02-12_2022-02-25,Event_Eunice,CAPPED_minmax_IFw1080q030_AEw1080q950,Pattern,37,26,313
Event_Eunice_2022-02-12_2022-02-25,Event_Eunice,CAPPED_minmax_IFw1080q030_AEw1080q950,Point,9,11,313
Event_Eunice_2022-02-12_2022-02-25,Event_Eunice,CAPPED_minmax_IFw1080q030_AEw1080q975,Compound,11,11,313
Event_Eunice_2022-02-12_2022-02-25,Event_Eunice,CAPPED_minmax_IFw1080q030_AEw1080q975,Pattern,26,26,313
Event_Eunice_2022-02-12_2022-02-25,Event_Eunice,CAPPED_minmax_IFw1080q030_AEw1080q975,Point,9,11,313
Event_Eunice_2022-02-12_2022-02-25,Event_Eunice,CAPPED_minmax_IFw1080q030_AEw1080q990,Compound,7,11,313
Event_Eunice_2022-02-12_2022-02-25,Event_Eunice,CAPPED_minmax_IFw1080q030_AEw1080q990,Pattern,16,26,313
Event_Eunice_2022-02-12_2022-02-25,Event_Eunice,CAPPED_minmax_IFw1080q030_AEw1080q990,Point,13,11,313
Event_Eunice_2022-02-12_2022-02-25,Event_Eunice,CAPPED_minmax_IFw1080q030_AEw336q950,Compound,9,11,313
Event_Eunice_2022-02-12_2022-02-25,Event_Eunice,CAPPED_minmax_IFw1080q030_AEw336q950,Pattern,24,26,313
Event_Eunice_2022-02-12_2022-02-25,Event_Eunice,CAPPED_minmax_IFw1080q030_AEw336q950,Point,11,11,313
Event_Eunice_2022-02-12_2022-02-25,Event_Eunice,CAPPED_minmax_IFw1080q030_AEw336q975,Compound,8,11,313
Event_Eunice_2022-02-12_2022-02-25,Event_Eunice,CAPPED_minmax_IFw1080q030_AEw336q975,Pattern,18,26,313
Event_Eunice_2022-02-12_2022-02-25,Event_Eunice,CAPPED_minmax_IFw1080q030_AEw336q975,Point,12,11,313
Event_Eunice_2022-02-12_2022-02-25,Event_Eunice,CAPPED_minmax_IFw1080q030_AEw336q990,Compound,6,11,313
Event_Eunice_2022-02-12_2022-02-25,Event_Eunice,CAPPED_minmax_IFw1080q030_AEw336q990,Pattern,13,26,313
Event_Eunice_2022-02-12_2022-02-25,Event_Eunice,CAPPED_minmax_IFw1080q030_AEw336q990,Point,14,11,313
Event_Eunice_2022-02-12_2022-02-25,Event_Eunice,CAPPED_minmax_IFw1080q030_AEw720q950,Compound,11,11,313
Event_Eunice_2022-02-12_2022-02-25,Event_Eunice,CAPPED_minmax_IFw1080q030_AEw720q950,Pattern,34,26,313
Event_Eunice_2022-02-12_2022-02-25,Event_Eunice,CAPPED_minmax_IFw1080q030_AEw720q950,Point,9,11,313
Event_Eunice_2022-02-12_2022-02-25,Event_Eunice,CAPPED_minmax_IFw1080q030_AEw720q975,Compound,9,11,313
Event_Eunice_2022-02-12_2022-02-25,Event_Eunice,CAPPED_minmax_IFw1080q030_AEw720q975,Pattern,23,26,313
Event_Eunice_2022-02-12_2022-02-25,Event_Eunice,CAPPED_minmax_IFw1080q030_AEw720q975,Point,11,11,313
Event_Eunice_2022-02-12_2022-02-25,Event_Eunice,CAPPED_minmax_IFw1080q030_AEw720q990,Compound,6,11,313
Event_Eunice_2022-02-12_2022-02-25,Event_Eunice,CAPPED_minmax_IFw1080q030_AEw720q990,Pattern,16,26,313
Event_Eunice_2022-02-12_2022-02-25,Event_Eunice,CAPPED_minmax_IFw1080q030_AEw720q990,Point,14,11,313
Event_Eunice_2022-02-12_2022-02-25,Event_Eunice,CAPPED_minmax_IFw1440q010_AEw1080q950,Compound,6,11,313
Event_Eunice_2022-02-12_2022-02-25,Event_Eunice,CAPPED_minmax_IFw1440q010_AEw1080q950,Pattern,42,26,313
Event_Eunice_2022-02-12_2022-02-25,Event_Eunice,CAPPED_minmax_IFw1440q010_AEw1080q950,Point,2,11,313
Event_Eunice_2022-02-12_2022-02-25,Event_Eunice,CAPPED_minmax_IFw1440q010_AEw1080q975,Compound,6,11,313
Event_Eunice_2022-02-12_2022-02-25,Event_Eunice,CAPPED_minmax_IFw1440q010_AEw1080q975,Pattern,31,26,313
Event_Eunice_2022-02-12_2022-02-25,Event_Eunice,CAPPED_minmax_IFw1440q010_AEw1080q975,Point,2,11,313
Event_Eunice_2022-02-12_2022-02-25,Event_Eunice,CAPPED_minmax_IFw1440q010_AEw1080q990,Compound,4,11,313
Event_Eunice_2022-02-12_2022-02-25,Event_Eunice,CAPPED_minmax_IFw1440q010_AEw1080q990,Pattern,19,26,313
Event_Eunice_2022-02-12_2022-02-25,Event_Eunice,CAPPED_minmax_IFw1440q010_AEw1080q990,Point,4,11,313
Event_Eunice_2022-02-12_2022-02-25,Event_Eunice,CAPPED_minmax_IFw1440q010_AEw336q950,Compound,5,11,313
Event_Eunice_2022-02-12_2022-02-25,Event_Eunice,CAPPED_minmax_IFw1440q010_AEw336q950,Pattern,28,26,313
Event_Eunice_2022-02-12_2022-02-25,Event_Eunice,CAPPED_minmax_IFw1440q010_AEw336q950,Point,3,11,313
Event_Eunice_2022-02-12_2022-02-25,Event_Eunice,CAPPED_minmax_IFw1440q010_AEw336q975,Compound,5,11,313
Event_Eunice_2022-02-12_2022-02-25,Event_Eunice,CAPPED_minmax_IFw1440q010_AEw336q975,Pattern,21,26,313
Event_Eunice_2022-02-12_2022-02-25,Event_Eunice,CAPPED_minmax_IFw1440q010_AEw336q975,Point,3,11,313
Event_Eunice_2022-02-12_2022-02-25,Event_Eunice,CAPPED_minmax_IFw1440q010_AEw336q990,Compound,4,11,313
Event_Eunice_2022-02-12_2022-02-25,Event_Eunice,CAPPED_minmax_IFw1440q010_AEw336q990,Pattern,15,26,313
Event_Eunice_2022-02-12_2022-02-25,Event_Eunice,CAPPED_minmax_IFw1440q010_AEw336q990,Point,4,11,313
Event_Eunice_2022-02-12_2022-02-25,Event_Eunice,CAPPED_minmax_IFw1440q010_AEw720q950,Compound,6,11,313
Event_Eunice_2022-02-12_2022-02-25,Event_Eunice,CAPPED_minmax_IFw1440q010_AEw720q950,Pattern,39,26,313
Event_Eunice_2022-02-12_2022-02-25,Event_Eunice,CAPPED_minmax_IFw1440q010_AEw720q950,Point,2,11,313
Event_Eunice_2022-02-12_2022-02-25,Event_Eunice,CAPPED_minmax_IFw1440q010_AEw720q975,Compound,5,11,313
Event_Eunice_2022-02-12_2022-02-25,Event_Eunice,CAPPED_minmax_IFw1440q010_AEw720q975,Pattern,27,26,313
Event_Eunice_2022-02-12_2022-02-25,Event_Eunice,CAPPED_minmax_IFw1440q010_AEw720q975,Point,3,11,313
Event_Eunice_2022-02-12_2022-02-25,Event_Eunice,CAPPED_minmax_IFw1440q010_AEw720q990,Compound,4,11,313
Event_Eunice_2022-02-12_2022-02-25,Event_Eunice,CAPPED_minmax_IFw1440q010_AEw720q990,Pattern,18,26,313
Event_Eunice_2022-02-12_2022-02-25,Event_Eunice,CAPPED_minmax_IFw1440q010_AEw720q990,Point,4,11,313
Event_Eunice_2022-02-12_2022-02-25,Event_Eunice,CAPPED_minmax_IFw1440q030_AEw1080q950,Compound,11,11,313
Event_Eunice_2022-02-12_2022-02-25,Event_Eunice,CAPPED_minmax_IFw1440q030_AEw1080q950,Pattern,37,26,313
Event_Eunice_2022-02-12_2022-02-25,Event_Eunice,CAPPED_minmax_IFw1440q030_AEw1080q950,Point,8,11,313
Event_Eunice_2022-02-12_2022-02-25,Event_Eunice,CAPPED_minmax_IFw1440q030_AEw1080q975,Compound,11,11,313
Event_Eunice_2022-02-12_2022-02-25,Event_Eunice,CAPPED_minmax_IFw1440q030_AEw1080q975,Pattern,26,26,313
Event_Eunice_2022-02-12_2022-02-25,Event_Eunice,CAPPED_minmax_IFw1440q030_AEw1080q975,Point,8,11,313
Event_Eunice_2022-02-12_2022-02-25,Event_Eunice,CAPPED_minmax_IFw1440q030_AEw1080q990,Compound,7,11,313
Event_Eunice_2022-02-12_2022-02-25,Event_Eunice,CAPPED_minmax_IFw1440q030_AEw1080q990,Pattern,16,26,313
Event_Eunice_2022-02-12_2022-02-25,Event_Eunice,CAPPED_minmax_IFw1440q030_AEw1080q990,Point,12,11,313
Event_Eunice_2022-02-12_2022-02-25,Event_Eunice,CAPPED_minmax_IFw1440q030_AEw336q950,Compound,9,11,313
Event_Eunice_2022-02-12_2022-02-25,Event_Eunice,CAPPED_minmax_IFw1440q030_AEw336q950,Pattern,24,26,313
Event_Eunice_2022-02-12_2022-02-25,Event_Eunice,CAPPED_minmax_IFw1440q030_AEw336q950,Point,10,11,313
Event_Eunice_2022-02-12_2022-02-25,Event_Eunice,CAPPED_minmax_IFw1440q030_AEw336q975,Compound,8,11,313
Event_Eunice_2022-02-12_2022-02-25,Event_Eunice,CAPPED_minmax_IFw1440q030_AEw336q975,Pattern,18,26,313
Event_Eunice_2022-02-12_2022-02-25,Event_Eunice,CAPPED_minmax_IFw1440q030_AEw336q975,Point,11,11,313
Event_Eunice_2022-02-12_2022-02-25,Event_Eunice,CAPPED_minmax_IFw1440q030_AEw336q990,Compound,6,11,313
Event_Eunice_2022-02-12_2022-02-25,Event_Eunice,CAPPED_minmax_IFw1440q030_AEw336q990,Pattern,13,26,313
Event_Eunice_2022-02-12_2022-02-25,Event_Eunice,CAPPED_minmax_IFw1440q030_AEw336q990,Point,13,11,313
Event_Eunice_2022-02-12_2022-02-25,Event_Eunice,CAPPED_minmax_IFw1440q030_AEw720q950,Compound,11,11,313
Event_Eunice_2022-02-12_2022-02-25,Event_Eunice,CAPPED_minmax_IFw1440q030_AEw720q950,Pattern,34,26,313
Event_Eunice_2022-02-12_2022-02-25,Event_Eunice,CAPPED_minmax_IFw1440q030_AEw720q950,Point,8,11,313
Event_Eunice_2022-02-12_2022-02-25,Event_Eunice,CAPPED_minmax_IFw1440q030_AEw720q975,Compound,9,11,313
Event_Eunice_2022-02-12_2022-02-25,Event_Eunice,CAPPED_minmax_IFw1440q030_AEw720q975,Pattern,23,26,313
Event_Eunice_2022-02-12_2022-02-25,Event_Eunice,CAPPED_minmax_IFw1440q030_AEw720q975,Point,10,11,313
Event_Eunice_2022-02-12_2022-02-25,Event_Eunice,CAPPED_minmax_IFw1440q030_AEw720q990,Compound,6,11,313
Event_Eunice_2022-02-12_2022-02-25,Event_Eunice,CAPPED_minmax_IFw1440q030_AEw720q990,Pattern,16,26,313
Event_Eunice_2022-02-12_2022-02-25,Event_Eunice,CAPPED_minmax_IFw1440q030_AEw720q990,Point,13,11,313
Event_Eunice_2022-02-12_2022-02-25,Event_Eunice,CAPPED_minmax_IFw336q010_AEw1080q950,Compound,2,11,313
Event_Eunice_2022-02-12_2022-02-25,Event_Eunice,CAPPED_minmax_IFw336q010_AEw1080q950,Pattern,46,26,313
Event_Eunice_2022-02-12_2022-02-25,Event_Eunice,CAPPED_minmax_IFw336q010_AEw1080q950,Point,2,11,313
Event_Eunice_2022-02-12_2022-02-25,Event_Eunice,CAPPED_minmax_IFw336q010_AEw1080q975,Compound,2,11,313
Event_Eunice_2022-02-12_2022-02-25,Event_Eunice,CAPPED_minmax_IFw336q010_AEw1080q975,Pattern,35,26,313
Event_Eunice_2022-02-12_2022-02-25,Event_Eunice,CAPPED_minmax_IFw336q010_AEw1080q975,Point,2,11,313
Event_Eunice_2022-02-12_2022-02-25,Event_Eunice,CAPPED_minmax_IFw336q010_AEw1080q990,Compound,1,11,313
Event_Eunice_2022-02-12_2022-02-25,Event_Eunice,CAPPED_minmax_IFw336q010_AEw1080q990,Pattern,22,26,313
Event_Eunice_2022-02-12_2022-02-25,Event_Eunice,CAPPED_minmax_IFw336q010_AEw1080q990,Point,3,11,313
Event_Eunice_2022-02-12_2022-02-25,Event_Eunice,CAPPED_minmax_IFw336q010_AEw336q950,Compound,1,11,313
Event_Eunice_2022-02-12_2022-02-25,Event_Eunice,CAPPED_minmax_IFw336q010_AEw336q950,Pattern,32,26,313
Event_Eunice_2022-02-12_2022-02-25,Event_Eunice,CAPPED_minmax_IFw336q010_AEw336q950,Point,3,11,313
Event_Eunice_2022-02-12_2022-02-25,Event_Eunice,CAPPED_minmax_IFw336q010_AEw336q975,Compound,1,11,313
Event_Eunice_2022-02-12_2022-02-25,Event_Eunice,CAPPED_minmax_IFw336q010_AEw336q975,Pattern,25,26,313
Event_Eunice_2022-02-12_2022-02-25,Event_Eunice,CAPPED_minmax_IFw336q010_AEw336q975,Point,3,11,313
Event_Eunice_2022-02-12_2022-02-25,Event_Eunice,CAPPED_minmax_IFw336q010_AEw336q990,Compound,1,11,313
Event_Eunice_2022-02-12_2022-02-25,Event_Eunice,CAPPED_minmax_IFw336q010_AEw336q990,Pattern,18,26,313
Event_Eunice_2022-02-12_2022-02-25,Event_Eunice,CAPPED_minmax_IFw336q010_AEw336q990,Point,3,11,313
Event_Eunice_2022-02-12_2022-02-25,Event_Eunice,CAPPED_minmax_IFw336q010_AEw720q950,Compound,2,11,313
Event_Eunice_2022-02-12_2022-02-25,Event_Eunice,CAPPED_minmax_IFw336q010_AEw720q950,Pattern,43,26,313
Event_Eunice_2022-02-12_2022-02-25,Event_Eunice,CAPPED_minmax_IFw336q010_AEw720q950,Point,2,11,313
Event_Eunice_2022-02-12_2022-02-25,Event_Eunice,CAPPED_minmax_IFw336q010_AEw720q975,Compound,1,11,313
Event_Eunice_2022-02-12_2022-02-25,Event_Eunice,CAPPED_minmax_IFw336q010_AEw720q975,Pattern,31,26,313
Event_Eunice_2022-02-12_2022-02-25,Event_Eunice,CAPPED_minmax_IFw336q010_AEw720q975,Point,3,11,313
Event_Eunice_2022-02-12_2022-02-25,Event_Eunice,CAPPED_minmax_IFw336q010_AEw720q990,Compound,1,11,313
Event_Eunice_2022-02-12_2022-02-25,Event_Eunice,CAPPED_minmax_IFw336q010_AEw720q990,Pattern,21,26,313
Event_Eunice_2022-02-12_2022-02-25,Event_Eunice,CAPPED_minmax_IFw336q010_AEw720q990,Point,3,11,313
Event_Eunice_2022-02-12_2022-02-25,Event_Eunice,CAPPED_minmax_IFw336q030_AEw1080q950,Compound,8,11,313
Event_Eunice_2022-02-12_2022-02-25,Event_Eunice,CAPPED_minmax_IFw336q030_AEw1080q950,Pattern,40,26,313
Event_Eunice_2022-02-12_2022-02-25,Event_Eunice,CAPPED_minmax_IFw336q030_AEw1080q950,Point,3,11,313
Event_Eunice_2022-02-12_2022-02-25,Event_Eunice,CAPPED_minmax_IFw336q030_AEw1080q975,Compound,8,11,313
Event_Eunice_2022-02-12_2022-02-25,Event_Eunice,CAPPED_minmax_IFw336q030_AEw1080q975,Pattern,29,26,313
Event_Eunice_2022-02-12_2022-02-25,Event_Eunice,CAPPED_minmax_IFw336q030_AEw1080q975,Point,3,11,313
Event_Eunice_2022-02-12_2022-02-25,Event_Eunice,CAPPED_minmax_IFw336q030_AEw1080q990,Compound,5,11,313
Event_Eunice_2022-02-12_2022-02-25,Event_Eunice,CAPPED_minmax_IFw336q030_AEw1080q990,Pattern,18,26,313
Event_Eunice_2022-02-12_2022-02-25,Event_Eunice,CAPPED_minmax_IFw336q030_AEw1080q990,Point,6,11,313
Event_Eunice_2022-02-12_2022-02-25,Event_Eunice,CAPPED_minmax_IFw336q030_AEw336q950,Compound,6,11,313
Event_Eunice_2022-02-12_2022-02-25,Event_Eunice,CAPPED_minmax_IFw336q030_AEw336q950,Pattern,27,26,313
Event_Eunice_2022-02-12_2022-02-25,Event_Eunice,CAPPED_minmax_IFw336q030_AEw336q950,Point,5,11,313
Event_Eunice_2022-02-12_2022-02-25,Event_Eunice,CAPPED_minmax_IFw336q030_AEw336q975,Compound,6,11,313
Event_Eunice_2022-02-12_2022-02-25,Event_Eunice,CAPPED_minmax_IFw336q030_AEw336q975,Pattern,20,26,313
Event_Eunice_2022-02-12_2022-02-25,Event_Eunice,CAPPED_minmax_IFw336q030_AEw336q975,Point,5,11,313
Event_Eunice_2022-02-12_2022-02-25,Event_Eunice,CAPPED_minmax_IFw336q030_AEw336q990,Compound,5,11,313
Event_Eunice_2022-02-12_2022-02-25,Event_Eunice,CAPPED_minmax_IFw336q030_AEw336q990,Pattern,14,26,313
Event_Eunice_2022-02-12_2022-02-25,Event_Eunice,CAPPED_minmax_IFw336q030_AEw336q990,Point,6,11,313
Event_Eunice_2022-02-12_2022-02-25,Event_Eunice,CAPPED_minmax_IFw336q030_AEw720q950,Compound,8,11,313
Event_Eunice_2022-02-12_2022-02-25,Event_Eunice,CAPPED_minmax_IFw336q030_AEw720q950,Pattern,37,26,313
Event_Eunice_2022-02-12_2022-02-25,Event_Eunice,CAPPED_minmax_IFw336q030_AEw720q950,Point,3,11,313
Event_Eunice_2022-02-12_2022-02-25,Event_Eunice,CAPPED_minmax_IFw336q030_AEw720q975,Compound,6,11,313
Event_Eunice_2022-02-12_2022-02-25,Event_Eunice,CAPPED_minmax_IFw336q030_AEw720q975,Pattern,26,26,313
Event_Eunice_2022-02-12_2022-02-25,Event_Eunice,CAPPED_minmax_IFw336q030_AEw720q975,Point,5,11,313
Event_Eunice_2022-02-12_2022-02-25,Event_Eunice,CAPPED_minmax_IFw336q030_AEw720q990,Compound,5,11,313
Event_Eunice_2022-02-12_2022-02-25,Event_Eunice,CAPPED_minmax_IFw336q030_AEw720q990,Pattern,17,26,313
Event_Eunice_2022-02-12_2022-02-25,Event_Eunice,CAPPED_minmax_IFw336q030_AEw720q990,Point,6,11,313
Event_Eunice_2022-02-12_2022-02-25,Event_Eunice,CAPPED_minmax_IFw720q010_AEw1080q950,Compound,5,11,313
Event_Eunice_2022-02-12_2022-02-25,Event_Eunice,CAPPED_minmax_IFw720q010_AEw1080q950,Pattern,43,26,313
Event_Eunice_2022-02-12_2022-02-25,Event_Eunice,CAPPED_minmax_IFw720q010_AEw1080q950,Point,2,11,313
Event_Eunice_2022-02-12_2022-02-25,Event_Eunice,CAPPED_minmax_IFw720q010_AEw1080q975,Compound,5,11,313
Event_Eunice_2022-02-12_2022-02-25,Event_Eunice,CAPPED_minmax_IFw720q010_AEw1080q975,Pattern,32,26,313
Event_Eunice_2022-02-12_2022-02-25,Event_Eunice,CAPPED_minmax_IFw720q010_AEw1080q975,Point,2,11,313
Event_Eunice_2022-02-12_2022-02-25,Event_Eunice,CAPPED_minmax_IFw720q010_AEw1080q990,Compound,4,11,313
Event_Eunice_2022-02-12_2022-02-25,Event_Eunice,CAPPED_minmax_IFw720q010_AEw1080q990,Pattern,19,26,313
Event_Eunice_2022-02-12_2022-02-25,Event_Eunice,CAPPED_minmax_IFw720q010_AEw1080q990,Point,3,11,313
Event_Eunice_2022-02-12_2022-02-25,Event_Eunice,CAPPED_minmax_IFw720q010_AEw336q950,Compound,4,11,313
Event_Eunice_2022-02-12_2022-02-25,Event_Eunice,CAPPED_minmax_IFw720q010_AEw336q950,Pattern,29,26,313
Event_Eunice_2022-02-12_2022-02-25,Event_Eunice,CAPPED_minmax_IFw720q010_AEw336q950,Point,3,11,313
Event_Eunice_2022-02-12_2022-02-25,Event_Eunice,CAPPED_minmax_IFw720q010_AEw336q975,Compound,4,11,313
Event_Eunice_2022-02-12_2022-02-25,Event_Eunice,CAPPED_minmax_IFw720q010_AEw336q975,Pattern,22,26,313
Event_Eunice_2022-02-12_2022-02-25,Event_Eunice,CAPPED_minmax_IFw720q010_AEw336q975,Point,3,11,313
Event_Eunice_2022-02-12_2022-02-25,Event_Eunice,CAPPED_minmax_IFw720q010_AEw336q990,Compound,4,11,313
Event_Eunice_2022-02-12_2022-02-25,Event_Eunice,CAPPED_minmax_IFw720q010_AEw336q990,Pattern,15,26,313
Event_Eunice_2022-02-12_2022-02-25,Event_Eunice,CAPPED_minmax_IFw720q010_AEw336q990,Point,3,11,313
Event_Eunice_2022-02-12_2022-02-25,Event_Eunice,CAPPED_minmax_IFw720q010_AEw720q950,Compound,5,11,313
Event_Eunice_2022-02-12_2022-02-25,Event_Eunice,CAPPED_minmax_IFw720q010_AEw720q950,Pattern,40,26,313
Event_Eunice_2022-02-12_2022-02-25,Event_Eunice,CAPPED_minmax_IFw720q010_AEw720q950,Point,2,11,313
Event_Eunice_2022-02-12_2022-02-25,Event_Eunice,CAPPED_minmax_IFw720q010_AEw720q975,Compound,4,11,313
Event_Eunice_2022-02-12_2022-02-25,Event_Eunice,CAPPED_minmax_IFw720q010_AEw720q975,Pattern,28,26,313
Event_Eunice_2022-02-12_2022-02-25,Event_Eunice,CAPPED_minmax_IFw720q010_AEw720q975,Point,3,11,313
Event_Eunice_2022-02-12_2022-02-25,Event_Eunice,CAPPED_minmax_IFw720q010_AEw720q990,Compound,4,11,313
Event_Eunice_2022-02-12_2022-02-25,Event_Eunice,CAPPED_minmax_IFw720q010_AEw720q990,Pattern,18,26,313
Event_Eunice_2022-02-12_2022-02-25,Event_Eunice,CAPPED_minmax_IFw720q010_AEw720q990,Point,3,11,313
Event_Eunice_2022-02-12_2022-02-25,Event_Eunice,CAPPED_minmax_IFw720q030_AEw1080q950,Compound,10,11,313
Event_Eunice_2022-02-12_2022-02-25,Event_Eunice,CAPPED_minmax_IFw720q030_AEw1080q950,Pattern,38,26,313
Event_Eunice_2022-02-12_2022-02-25,Event_Eunice,CAPPED_minmax_IFw720q030_AEw1080q950,Point,7,11,313
Event_Eunice_2022-02-12_2022-02-25,Event_Eunice,CAPPED_minmax_IFw720q030_AEw1080q975,Compound,10,11,313
Event_Eunice_2022-02-12_2022-02-25,Event_Eunice,CAPPED_minmax_IFw720q030_AEw1080q975,Pattern,27,26,313
Event_Eunice_2022-02-12_2022-02-25,Event_Eunice,CAPPED_minmax_IFw720q030_AEw1080q975,Point,7,11,313
Event_Eunice_2022-02-12_2022-02-25,Event_Eunice,CAPPED_minmax_IFw720q030_AEw1080q990,Compound,7,11,313
Event_Eunice_2022-02-12_2022-02-25,Event_Eunice,CAPPED_minmax_IFw720q030_AEw1080q990,Pattern,16,26,313
Event_Eunice_2022-02-12_2022-02-25,Event_Eunice,CAPPED_minmax_IFw720q030_AEw1080q990,Point,10,11,313
Event_Eunice_2022-02-12_2022-02-25,Event_Eunice,CAPPED_minmax_IFw720q030_AEw336q950,Compound,8,11,313
Event_Eunice_2022-02-12_2022-02-25,Event_Eunice,CAPPED_minmax_IFw720q030_AEw336q950,Pattern,25,26,313
Event_Eunice_2022-02-12_2022-02-25,Event_Eunice,CAPPED_minmax_IFw720q030_AEw336q950,Point,9,11,313
Event_Eunice_2022-02-12_2022-02-25,Event_Eunice,CAPPED_minmax_IFw720q030_AEw336q975,Compound,8,11,313
Event_Eunice_2022-02-12_2022-02-25,Event_Eunice,CAPPED_minmax_IFw720q030_AEw336q975,Pattern,18,26,313
Event_Eunice_2022-02-12_2022-02-25,Event_Eunice,CAPPED_minmax_IFw720q030_AEw336q975,Point,9,11,313
Event_Eunice_2022-02-12_2022-02-25,Event_Eunice,CAPPED_minmax_IFw720q030_AEw336q990,Compound,6,11,313
Event_Eunice_2022-02-12_2022-02-25,Event_Eunice,CAPPED_minmax_IFw720q030_AEw336q990,Pattern,13,26,313
Event_Eunice_2022-02-12_2022-02-25,Event_Eunice,CAPPED_minmax_IFw720q030_AEw336q990,Point,11,11,313
Event_Eunice_2022-02-12_2022-02-25,Event_Eunice,CAPPED_minmax_IFw720q030_AEw720q950,Compound,10,11,313
Event_Eunice_2022-02-12_2022-02-25,Event_Eunice,CAPPED_minmax_IFw720q030_AEw720q950,Pattern,35,26,313
Event_Eunice_2022-02-12_2022-02-25,Event_Eunice,CAPPED_minmax_IFw720q030_AEw720q950,Point,7,11,313
Event_Eunice_2022-02-12_2022-02-25,Event_Eunice,CAPPED_minmax_IFw720q030_AEw720q975,Compound,8,11,313
Event_Eunice_2022-02-12_2022-02-25,Event_Eunice,CAPPED_minmax_IFw720q030_AEw720q975,Pattern,24,26,313
Event_Eunice_2022-02-12_2022-02-25,Event_Eunice,CAPPED_minmax_IFw720q030_AEw720q975,Point,9,11,313
Event_Eunice_2022-02-12_2022-02-25,Event_Eunice,CAPPED_minmax_IFw720q030_AEw720q990,Compound,6,11,313
Event_Eunice_2022-02-12_2022-02-25,Event_Eunice,CAPPED_minmax_IFw720q030_AEw720q990,Pattern,16,26,313
Event_Eunice_2022-02-12_2022-02-25,Event_Eunice,CAPPED_minmax_IFw720q030_AEw720q990,Point,11,11,313
Event_Eunice_2022-02-12_2022-02-25,Event_Eunice,DWELL_PATTERN_IFw1080q010_AEw1080q950,Compound,5,11,313
Event_Eunice_2022-02-12_2022-02-25,Event_Eunice,DWELL_PATTERN_IFw1080q010_AEw1080q950,Pattern,30,26,313
Event_Eunice_2022-02-12_2022-02-25,Event_Eunice,DWELL_PATTERN_IFw1080q010_AEw1080q950,Point,2,11,313
Event_Eunice_2022-02-12_2022-02-25,Event_Eunice,DWELL_PATTERN_IFw1080q010_AEw1080q975,Compound,4,11,313
Event_Eunice_2022-02-12_2022-02-25,Event_Eunice,DWELL_PATTERN_IFw1080q010_AEw1080q975,Pattern,24,26,313
Event_Eunice_2022-02-12_2022-02-25,Event_Eunice,DWELL_PATTERN_IFw1080q010_AEw1080q975,Point,3,11,313
Event_Eunice_2022-02-12_2022-02-25,Event_Eunice,DWELL_PATTERN_IFw1080q010_AEw1080q990,Compound,3,11,313
Event_Eunice_2022-02-12_2022-02-25,Event_Eunice,DWELL_PATTERN_IFw1080q010_AEw1080q990,Pattern,9,26,313
Event_Eunice_2022-02-12_2022-02-25,Event_Eunice,DWELL_PATTERN_IFw1080q010_AEw1080q990,Point,4,11,313
Event_Eunice_2022-02-12_2022-02-25,Event_Eunice,DWELL_PATTERN_IFw1080q010_AEw336q950,Compound,3,11,313
Event_Eunice_2022-02-12_2022-02-25,Event_Eunice,DWELL_PATTERN_IFw1080q010_AEw336q950,Pattern,21,26,313
Event_Eunice_2022-02-12_2022-02-25,Event_Eunice,DWELL_PATTERN_IFw1080q010_AEw336q950,Point,4,11,313
Event_Eunice_2022-02-12_2022-02-25,Event_Eunice,DWELL_PATTERN_IFw1080q010_AEw336q975,Compound,3,11,313
Event_Eunice_2022-02-12_2022-02-25,Event_Eunice,DWELL_PATTERN_IFw1080q010_AEw336q975,Pattern,13,26,313
Event_Eunice_2022-02-12_2022-02-25,Event_Eunice,DWELL_PATTERN_IFw1080q010_AEw336q975,Point,4,11,313
Event_Eunice_2022-02-12_2022-02-25,Event_Eunice,DWELL_PATTERN_IFw1080q010_AEw336q990,Compound,3,11,313
Event_Eunice_2022-02-12_2022-02-25,Event_Eunice,DWELL_PATTERN_IFw1080q010_AEw336q990,Pattern,7,26,313
Event_Eunice_2022-02-12_2022-02-25,Event_Eunice,DWELL_PATTERN_IFw1080q010_AEw336q990,Point,4,11,313
Event_Eunice_2022-02-12_2022-02-25,Event_Eunice,DWELL_PATTERN_IFw1080q010_AEw720q950,Compound,4,11,313
Event_Eunice_2022-02-12_2022-02-25,Event_Eunice,DWELL_PATTERN_IFw1080q010_AEw720q950,Pattern,30,26,313
Event_Eunice_2022-02-12_2022-02-25,Event_Eunice,DWELL_PATTERN_IFw1080q010_AEw720q950,Point,3,11,313
Event_Eunice_2022-02-12_2022-02-25,Event_Eunice,DWELL_PATTERN_IFw1080q010_AEw720q975,Compound,3,11,313
Event_Eunice_2022-02-12_2022-02-25,Event_Eunice,DWELL_PATTERN_IFw1080q010_AEw720q975,Pattern,20,26,313
Event_Eunice_2022-02-12_2022-02-25,Event_Eunice,DWELL_PATTERN_IFw1080q010_AEw720q975,Point,4,11,313
Event_Eunice_2022-02-12_2022-02-25,Event_Eunice,DWELL_PATTERN_IFw1080q010_AEw720q990,Compound,3,11,313
Event_Eunice_2022-02-12_2022-02-25,Event_Eunice,DWELL_PATTERN_IFw1080q010_AEw720q990,Pattern,9,26,313
Event_Eunice_2022-02-12_2022-02-25,Event_Eunice,DWELL_PATTERN_IFw1080q010_AEw720q990,Point,4,11,313
Event_Eunice_2022-02-12_2022-02-25,Event_Eunice,DWELL_PATTERN_IFw1080q030_AEw1080q950,Compound,10,11,313
Event_Eunice_2022-02-12_2022-02-25,Event_Eunice,DWELL_PATTERN_IFw1080q030_AEw1080q950,Pattern,25,26,313
Event_Eunice_2022-02-12_2022-02-25,Event_Eunice,DWELL_PATTERN_IFw1080q030_AEw1080q950,Point,10,11,313
Event_Eunice_2022-02-12_2022-02-25,Event_Eunice,DWELL_PATTERN_IFw1080q030_AEw1080q975,Compound,8,11,313
Event_Eunice_2022-02-12_2022-02-25,Event_Eunice,DWELL_PATTERN_IFw1080q030_AEw1080q975,Pattern,20,26,313
Event_Eunice_2022-02-12_2022-02-25,Event_Eunice,DWELL_PATTERN_IFw1080q030_AEw1080q975,Point,12,11,313
Event_Eunice_2022-02-12_2022-02-25,Event_Eunice,DWELL_PATTERN_IFw1080q030_AEw1080q990,Compound,4,11,313
Event_Eunice_2022-02-12_2022-02-25,Event_Eunice,DWELL_PATTERN_IFw1080q030_AEw1080q990,Pattern,8,26,313
Event_Eunice_2022-02-12_2022-02-25,Event_Eunice,DWELL_PATTERN_IFw1080q030_AEw1080q990,Point,16,11,313
Event_Eunice_2022-02-12_2022-02-25,Event_Eunice,DWELL_PATTERN_IFw1080q030_AEw336q950,Compound,5,11,313
Event_Eunice_2022-02-12_2022-02-25,Event_Eunice,DWELL_PATTERN_IFw1080q030_AEw336q950,Pattern,19,26,313
Event_Eunice_2022-02-12_2022-02-25,Event_Eunice,DWELL_PATTERN_IFw1080q030_AEw336q950,Point,15,11,313
Event_Eunice_2022-02-12_2022-02-25,Event_Eunice,DWELL_PATTERN_IFw1080q030_AEw336q975,Compound,4,11,313
Event_Eunice_2022-02-12_2022-02-25,Event_Eunice,DWELL_PATTERN_IFw1080q030_AEw336q975,Pattern,12,26,313
Event_Eunice_2022-02-12_2022-02-25,Event_Eunice,DWELL_PATTERN_IFw1080q030_AEw336q975,Point,16,11,313
Event_Eunice_2022-02-12_2022-02-25,Event_Eunice,DWELL_PATTERN_IFw1080q030_AEw336q990,Compound,4,11,313
Event_Eunice_2022-02-12_2022-02-25,Event_Eunice,DWELL_PATTERN_IFw1080q030_AEw336q990,Pattern,6,26,313
Event_Eunice_2022-02-12_2022-02-25,Event_Eunice,DWELL_PATTERN_IFw1080q030_AEw336q990,Point,16,11,313
Event_Eunice_2022-02-12_2022-02-25,Event_Eunice,DWELL_PATTERN_IFw1080q030_AEw720q950,Compound,9,11,313
Event_Eunice_2022-02-12_2022-02-25,Event_Eunice,DWELL_PATTERN_IFw1080q030_AEw720q950,Pattern,25,26,313
Event_Eunice_2022-02-12_2022-02-25,Event_Eunice,DWELL_PATTERN_IFw1080q030_AEw720q950,Point,11,11,313
Event_Eunice_2022-02-12_2022-02-25,Event_Eunice,DWELL_PATTERN_IFw1080q030_AEw720q975,Compound,5,11,313
Event_Eunice_2022-02-12_2022-02-25,Event_Eunice,DWELL_PATTERN_IFw1080q030_AEw720q975,Pattern,18,26,313
Event_Eunice_2022-02-12_2022-02-25,Event_Eunice,DWELL_PATTERN_IFw1080q030_AEw720q975,Point,15,11,313
Event_Eunice_2022-02-12_2022-02-25,Event_Eunice,DWELL_PATTERN_IFw1080q030_AEw720q990,Compound,4,11,313
Event_Eunice_2022-02-12_2022-02-25,Event_Eunice,DWELL_PATTERN_IFw1080q030_AEw720q990,Pattern,8,26,313
Event_Eunice_2022-02-12_2022-02-25,Event_Eunice,DWELL_PATTERN_IFw1080q030_AEw720q990,Point,16,11,313
Event_Eunice_2022-02-12_2022-02-25,Event_Eunice,DWELL_PATTERN_IFw1440q010_AEw1080q950,Compound,5,11,313
Event_Eunice_2022-02-12_2022-02-25,Event_Eunice,DWELL_PATTERN_IFw1440q010_AEw1080q950,Pattern,30,26,313
Event_Eunice_2022-02-12_2022-02-25,Event_Eunice,DWELL_PATTERN_IFw1440q010_AEw1080q950,Point,3,11,313
Event_Eunice_2022-02-12_2022-02-25,Event_Eunice,DWELL_PATTERN_IFw1440q010_AEw1080q975,Compound,4,11,313
Event_Eunice_2022-02-12_2022-02-25,Event_Eunice,DWELL_PATTERN_IFw1440q010_AEw1080q975,Pattern,24,26,313
Event_Eunice_2022-02-12_2022-02-25,Event_Eunice,DWELL_PATTERN_IFw1440q010_AEw1080q975,Point,4,11,313
Event_Eunice_2022-02-12_2022-02-25,Event_Eunice,DWELL_PATTERN_IFw1440q010_AEw1080q990,Compound,3,11,313
Event_Eunice_2022-02-12_2022-02-25,Event_Eunice,DWELL_PATTERN_IFw1440q010_AEw1080q990,Pattern,9,26,313
Event_Eunice_2022-02-12_2022-02-25,Event_Eunice,DWELL_PATTERN_IFw1440q010_AEw1080q990,Point,5,11,313
Event_Eunice_2022-02-12_2022-02-25,Event_Eunice,DWELL_PATTERN_IFw1440q010_AEw336q950,Compound,3,11,313
Event_Eunice_2022-02-12_2022-02-25,Event_Eunice,DWELL_PATTERN_IFw1440q010_AEw336q950,Pattern,21,26,313
Event_Eunice_2022-02-12_2022-02-25,Event_Eunice,DWELL_PATTERN_IFw1440q010_AEw336q950,Point,5,11,313
Event_Eunice_2022-02-12_2022-02-25,Event_Eunice,DWELL_PATTERN_IFw1440q010_AEw336q975,Compound,3,11,313
Event_Eunice_2022-02-12_2022-02-25,Event_Eunice,DWELL_PATTERN_IFw1440q010_AEw336q975,Pattern,13,26,313
Event_Eunice_2022-02-12_2022-02-25,Event_Eunice,DWELL_PATTERN_IFw1440q010_AEw336q975,Point,5,11,313
Event_Eunice_2022-02-12_2022-02-25,Event_Eunice,DWELL_PATTERN_IFw1440q010_AEw336q990,Compound,3,11,313
Event_Eunice_2022-02-12_2022-02-25,Event_Eunice,DWELL_PATTERN_IFw1440q010_AEw336q990,Pattern,7,26,313
Event_Eunice_2022-02-12_2022-02-25,Event_Eunice,DWELL_PATTERN_IFw1440q010_AEw336q990,Point,5,11,313
Event_Eunice_2022-02-12_2022-02-25,Event_Eunice,DWELL_PATTERN_IFw1440q010_AEw720q950,Compound,4,11,313
Event_Eunice_2022-02-12_2022-02-25,Event_Eunice,DWELL_PATTERN_IFw1440q010_AEw720q950,Pattern,30,26,313
Event_Eunice_2022-02-12_2022-02-25,Event_Eunice,DWELL_PATTERN_IFw1440q010_AEw720q950,Point,4,11,313
Event_Eunice_2022-02-12_2022-02-25,Event_Eunice,DWELL_PATTERN_IFw1440q010_AEw720q975,Compound,3,11,313
Event_Eunice_2022-02-12_2022-02-25,Event_Eunice,DWELL_PATTERN_IFw1440q010_AEw720q975,Pattern,20,26,313
Event_Eunice_2022-02-12_2022-02-25,Event_Eunice,DWELL_PATTERN_IFw1440q010_AEw720q975,Point,5,11,313
Event_Eunice_2022-02-12_2022-02-25,Event_Eunice,DWELL_PATTERN_IFw1440q010_AEw720q990,Compound,3,11,313
Event_Eunice_2022-02-12_2022-02-25,Event_Eunice,DWELL_PATTERN_IFw1440q010_AEw720q990,Pattern,9,26,313
Event_Eunice_2022-02-12_2022-02-25,Event_Eunice,DWELL_PATTERN_IFw1440q010_AEw720q990,Point,5,11,313
Event_Eunice_2022-02-12_2022-02-25,Event_Eunice,DWELL_PATTERN_IFw1440q030_AEw1080q950,Compound,10,11,313
Event_Eunice_2022-02-12_2022-02-25,Event_Eunice,DWELL_PATTERN_IFw1440q030_AEw1080q950,Pattern,25,26,313
Event_Eunice_2022-02-12_2022-02-25,Event_Eunice,DWELL_PATTERN_IFw1440q030_AEw1080q950,Point,9,11,313
Event_Eunice_2022-02-12_2022-02-25,Event_Eunice,DWELL_PATTERN_IFw1440q030_AEw1080q975,Compound,8,11,313
Event_Eunice_2022-02-12_2022-02-25,Event_Eunice,DWELL_PATTERN_IFw1440q030_AEw1080q975,Pattern,20,26,313
Event_Eunice_2022-02-12_2022-02-25,Event_Eunice,DWELL_PATTERN_IFw1440q030_AEw1080q975,Point,11,11,313
Event_Eunice_2022-02-12_2022-02-25,Event_Eunice,DWELL_PATTERN_IFw1440q030_AEw1080q990,Compound,4,11,313
Event_Eunice_2022-02-12_2022-02-25,Event_Eunice,DWELL_PATTERN_IFw1440q030_AEw1080q990,Pattern,8,26,313
Event_Eunice_2022-02-12_2022-02-25,Event_Eunice,DWELL_PATTERN_IFw1440q030_AEw1080q990,Point,15,11,313
Event_Eunice_2022-02-12_2022-02-25,Event_Eunice,DWELL_PATTERN_IFw1440q030_AEw336q950,Compound,5,11,313
Event_Eunice_2022-02-12_2022-02-25,Event_Eunice,DWELL_PATTERN_IFw1440q030_AEw336q950,Pattern,19,26,313
Event_Eunice_2022-02-12_2022-02-25,Event_Eunice,DWELL_PATTERN_IFw1440q030_AEw336q950,Point,14,11,313
Event_Eunice_2022-02-12_2022-02-25,Event_Eunice,DWELL_PATTERN_IFw1440q030_AEw336q975,Compound,4,11,313
Event_Eunice_2022-02-12_2022-02-25,Event_Eunice,DWELL_PATTERN_IFw1440q030_AEw336q975,Pattern,12,26,313
Event_Eunice_2022-02-12_2022-02-25,Event_Eunice,DWELL_PATTERN_IFw1440q030_AEw336q975,Point,15,11,313
Event_Eunice_2022-02-12_2022-02-25,Event_Eunice,DWELL_PATTERN_IFw1440q030_AEw336q990,Compound,4,11,313
Event_Eunice_2022-02-12_2022-02-25,Event_Eunice,DWELL_PATTERN_IFw1440q030_AEw336q990,Pattern,6,26,313
Event_Eunice_2022-02-12_2022-02-25,Event_Eunice,DWELL_PATTERN_IFw1440q030_AEw336q990,Point,15,11,313
Event_Eunice_2022-02-12_2022-02-25,Event_Eunice,DWELL_PATTERN_IFw1440q030_AEw720q950,Compound,9,11,313
Event_Eunice_2022-02-12_2022-02-25,Event_Eunice,DWELL_PATTERN_IFw1440q030_AEw720q950,Pattern,25,26,313
Event_Eunice_2022-02-12_2022-02-25,Event_Eunice,DWELL_PATTERN_IFw1440q030_AEw720q950,Point,10,11,313
Event_Eunice_2022-02-12_2022-02-25,Event_Eunice,DWELL_PATTERN_IFw1440q030_AEw720q975,Compound,5,11,313
Event_Eunice_2022-02-12_2022-02-25,Event_Eunice,DWELL_PATTERN_IFw1440q030_AEw720q975,Pattern,18,26,313
Event_Eunice_2022-02-12_2022-02-25,Event_Eunice,DWELL_PATTERN_IFw1440q030_AEw720q975,Point,14,11,313
Event_Eunice_2022-02-12_2022-02-25,Event_Eunice,DWELL_PATTERN_IFw1440q030_AEw720q990,Compound,4,11,313
Event_Eunice_2022-02-12_2022-02-25,Event_Eunice,DWELL_PATTERN_IFw1440q030_AEw720q990,Pattern,8,26,313
Event_Eunice_2022-02-12_2022-02-25,Event_Eunice,DWELL_PATTERN_IFw1440q030_AEw720q990,Point,15,11,313
Event_Eunice_2022-02-12_2022-02-25,Event_Eunice,DWELL_PATTERN_IFw336q010_AEw1080q950,Compound,2,11,313
Event_Eunice_2022-02-12_2022-02-25,Event_Eunice,DWELL_PATTERN_IFw336q010_AEw1080q950,Pattern,33,26,313
Event_Eunice_2022-02-12_2022-02-25,Event_Eunice,DWELL_PATTERN_IFw336q010_AEw1080q950,Point,2,11,313
Event_Eunice_2022-02-12_2022-02-25,Event_Eunice,DWELL_PATTERN_IFw336q010_AEw1080q975,Compound,2,11,313
Event_Eunice_2022-02-12_2022-02-25,Event_Eunice,DWELL_PATTERN_IFw336q010_AEw1080q975,Pattern,26,26,313
Event_Eunice_2022-02-12_2022-02-25,Event_Eunice,DWELL_PATTERN_IFw336q010_AEw1080q975,Point,2,11,313
Event_Eunice_2022-02-12_2022-02-25,Event_Eunice,DWELL_PATTERN_IFw336q010_AEw1080q990,Compound,1,11,313
Event_Eunice_2022-02-12_2022-02-25,Event_Eunice,DWELL_PATTERN_IFw336q010_AEw1080q990,Pattern,11,26,313
Event_Eunice_2022-02-12_2022-02-25,Event_Eunice,DWELL_PATTERN_IFw336q010_AEw1080q990,Point,3,11,313
Event_Eunice_2022-02-12_2022-02-25,Event_Eunice,DWELL_PATTERN_IFw336q010_AEw336q950,Compound,1,11,313
Event_Eunice_2022-02-12_2022-02-25,Event_Eunice,DWELL_PATTERN_IFw336q010_AEw336q950,Pattern,23,26,313
Event_Eunice_2022-02-12_2022-02-25,Event_Eunice,DWELL_PATTERN_IFw336q010_AEw336q950,Point,3,11,313
Event_Eunice_2022-02-12_2022-02-25,Event_Eunice,DWELL_PATTERN_IFw336q010_AEw336q975,Compound,1,11,313
Event_Eunice_2022-02-12_2022-02-25,Event_Eunice,DWELL_PATTERN_IFw336q010_AEw336q975,Pattern,15,26,313
Event_Eunice_2022-02-12_2022-02-25,Event_Eunice,DWELL_PATTERN_IFw336q010_AEw336q975,Point,3,11,313
Event_Eunice_2022-02-12_2022-02-25,Event_Eunice,DWELL_PATTERN_IFw336q010_AEw336q990,Compound,1,11,313
Event_Eunice_2022-02-12_2022-02-25,Event_Eunice,DWELL_PATTERN_IFw336q010_AEw336q990,Pattern,9,26,313
Event_Eunice_2022-02-12_2022-02-25,Event_Eunice,DWELL_PATTERN_IFw336q010_AEw336q990,Point,3,11,313
Event_Eunice_2022-02-12_2022-02-25,Event_Eunice,DWELL_PATTERN_IFw336q010_AEw720q950,Compound,2,11,313
Event_Eunice_2022-02-12_2022-02-25,Event_Eunice,DWELL_PATTERN_IFw336q010_AEw720q950,Pattern,32,26,313
Event_Eunice_2022-02-12_2022-02-25,Event_Eunice,DWELL_PATTERN_IFw336q010_AEw720q950,Point,2,11,313
Event_Eunice_2022-02-12_2022-02-25,Event_Eunice,DWELL_PATTERN_IFw336q010_AEw720q975,Compound,1,11,313
Event_Eunice_2022-02-12_2022-02-25,Event_Eunice,DWELL_PATTERN_IFw336q010_AEw720q975,Pattern,22,26,313
Event_Eunice_2022-02-12_2022-02-25,Event_Eunice,DWELL_PATTERN_IFw336q010_AEw720q975,Point,3,11,313
Event_Eunice_2022-02-12_2022-02-25,Event_Eunice,DWELL_PATTERN_IFw336q010_AEw720q990,Compound,1,11,313
Event_Eunice_2022-02-12_2022-02-25,Event_Eunice,DWELL_PATTERN_IFw336q010_AEw720q990,Pattern,11,26,313
Event_Eunice_2022-02-12_2022-02-25,Event_Eunice,DWELL_PATTERN_IFw336q010_AEw720q990,Point,3,11,313
Event_Eunice_2022-02-12_2022-02-25,Event_Eunice,DWELL_PATTERN_IFw336q030_AEw1080q950,Compound,7,11,313
Event_Eunice_2022-02-12_2022-02-25,Event_Eunice,DWELL_PATTERN_IFw336q030_AEw1080q950,Pattern,28,26,313
Event_Eunice_2022-02-12_2022-02-25,Event_Eunice,DWELL_PATTERN_IFw336q030_AEw1080q950,Point,4,11,313
Event_Eunice_2022-02-12_2022-02-25,Event_Eunice,DWELL_PATTERN_IFw336q030_AEw1080q975,Compound,6,11,313
Event_Eunice_2022-02-12_2022-02-25,Event_Eunice,DWELL_PATTERN_IFw336q030_AEw1080q975,Pattern,22,26,313
Event_Eunice_2022-02-12_2022-02-25,Event_Eunice,DWELL_PATTERN_IFw336q030_AEw1080q975,Point,5,11,313
Event_Eunice_2022-02-12_2022-02-25,Event_Eunice,DWELL_PATTERN_IFw336q030_AEw1080q990,Compound,3,11,313
Event_Eunice_2022-02-12_2022-02-25,Event_Eunice,DWELL_PATTERN_IFw336q030_AEw1080q990,Pattern,9,26,313
Event_Eunice_2022-02-12_2022-02-25,Event_Eunice,DWELL_PATTERN_IFw336q030_AEw1080q990,Point,8,11,313
Event_Eunice_2022-02-12_2022-02-25,Event_Eunice,DWELL_PATTERN_IFw336q030_AEw336q950,Compound,4,11,313
Event_Eunice_2022-02-12_2022-02-25,Event_Eunice,DWELL_PATTERN_IFw336q030_AEw336q950,Pattern,20,26,313
Event_Eunice_2022-02-12_2022-02-25,Event_Eunice,DWELL_PATTERN_IFw336q030_AEw336q950,Point,7,11,313
Event_Eunice_2022-02-12_2022-02-25,Event_Eunice,DWELL_PATTERN_IFw336q030_AEw336q975,Compound,3,11,313
Event_Eunice_2022-02-12_2022-02-25,Event_Eunice,DWELL_PATTERN_IFw336q030_AEw336q975,Pattern,13,26,313
Event_Eunice_2022-02-12_2022-02-25,Event_Eunice,DWELL_PATTERN_IFw336q030_AEw336q975,Point,8,11,313
Event_Eunice_2022-02-12_2022-02-25,Event_Eunice,DWELL_PATTERN_IFw336q030_AEw336q990,Compound,3,11,313
Event_Eunice_2022-02-12_2022-02-25,Event_Eunice,DWELL_PATTERN_IFw336q030_AEw336q990,Pattern,7,26,313
Event_Eunice_2022-02-12_2022-02-25,Event_Eunice,DWELL_PATTERN_IFw336q030_AEw336q990,Point,8,11,313
Event_Eunice_2022-02-12_2022-02-25,Event_Eunice,DWELL_PATTERN_IFw336q030_AEw720q950,Compound,6,11,313
Event_Eunice_2022-02-12_2022-02-25,Event_Eunice,DWELL_PATTERN_IFw336q030_AEw720q950,Pattern,28,26,313
Event_Eunice_2022-02-12_2022-02-25,Event_Eunice,DWELL_PATTERN_IFw336q030_AEw720q950,Point,5,11,313
Event_Eunice_2022-02-12_2022-02-25,Event_Eunice,DWELL_PATTERN_IFw336q030_AEw720q975,Compound,4,11,313
Event_Eunice_2022-02-12_2022-02-25,Event_Eunice,DWELL_PATTERN_IFw336q030_AEw720q975,Pattern,19,26,313
Event_Eunice_2022-02-12_2022-02-25,Event_Eunice,DWELL_PATTERN_IFw336q030_AEw720q975,Point,7,11,313
Event_Eunice_2022-02-12_2022-02-25,Event_Eunice,DWELL_PATTERN_IFw336q030_AEw720q990,Compound,3,11,313
Event_Eunice_2022-02-12_2022-02-25,Event_Eunice,DWELL_PATTERN_IFw336q030_AEw720q990,Pattern,9,26,313
Event_Eunice_2022-02-12_2022-02-25,Event_Eunice,DWELL_PATTERN_IFw336q030_AEw720q990,Point,8,11,313
Event_Eunice_2022-02-12_2022-02-25,Event_Eunice,DWELL_PATTERN_IFw720q010_AEw1080q950,Compound,5,11,313
Event_Eunice_2022-02-12_2022-02-25,Event_Eunice,DWELL_PATTERN_IFw720q010_AEw1080q950,Pattern,30,26,313
Event_Eunice_2022-02-12_2022-02-25,Event_Eunice,DWELL_PATTERN_IFw720q010_AEw1080q950,Point,2,11,313
Event_Eunice_2022-02-12_2022-02-25,Event_Eunice,DWELL_PATTERN_IFw720q010_AEw1080q975,Compound,4,11,313
Event_Eunice_2022-02-12_2022-02-25,Event_Eunice,DWELL_PATTERN_IFw720q010_AEw1080q975,Pattern,24,26,313
Event_Eunice_2022-02-12_2022-02-25,Event_Eunice,DWELL_PATTERN_IFw720q010_AEw1080q975,Point,3,11,313
Event_Eunice_2022-02-12_2022-02-25,Event_Eunice,DWELL_PATTERN_IFw720q010_AEw1080q990,Compound,3,11,313
Event_Eunice_2022-02-12_2022-02-25,Event_Eunice,DWELL_PATTERN_IFw720q010_AEw1080q990,Pattern,9,26,313
Event_Eunice_2022-02-12_2022-02-25,Event_Eunice,DWELL_PATTERN_IFw720q010_AEw1080q990,Point,4,11,313
Event_Eunice_2022-02-12_2022-02-25,Event_Eunice,DWELL_PATTERN_IFw720q010_AEw336q950,Compound,3,11,313
Event_Eunice_2022-02-12_2022-02-25,Event_Eunice,DWELL_PATTERN_IFw720q010_AEw336q950,Pattern,21,26,313
Event_Eunice_2022-02-12_2022-02-25,Event_Eunice,DWELL_PATTERN_IFw720q010_AEw336q950,Point,4,11,313
Event_Eunice_2022-02-12_2022-02-25,Event_Eunice,DWELL_PATTERN_IFw720q010_AEw336q975,Compound,3,11,313
Event_Eunice_2022-02-12_2022-02-25,Event_Eunice,DWELL_PATTERN_IFw720q010_AEw336q975,Pattern,13,26,313
Event_Eunice_2022-02-12_2022-02-25,Event_Eunice,DWELL_PATTERN_IFw720q010_AEw336q975,Point,4,11,313
Event_Eunice_2022-02-12_2022-02-25,Event_Eunice,DWELL_PATTERN_IFw720q010_AEw336q990,Compound,3,11,313
Event_Eunice_2022-02-12_2022-02-25,Event_Eunice,DWELL_PATTERN_IFw720q010_AEw336q990,Pattern,7,26,313
Event_Eunice_2022-02-12_2022-02-25,Event_Eunice,DWELL_PATTERN_IFw720q010_AEw336q990,Point,4,11,313
Event_Eunice_2022-02-12_2022-02-25,Event_Eunice,DWELL_PATTERN_IFw720q010_AEw720q950,Compound,4,11,313
Event_Eunice_2022-02-12_2022-02-25,Event_Eunice,DWELL_PATTERN_IFw720q010_AEw720q950,Pattern,30,26,313
Event_Eunice_2022-02-12_2022-02-25,Event_Eunice,DWELL_PATTERN_IFw720q010_AEw720q950,Point,3,11,313
Event_Eunice_2022-02-12_2022-02-25,Event_Eunice,DWELL_PATTERN_IFw720q010_AEw720q975,Compound,3,11,313
Event_Eunice_2022-02-12_2022-02-25,Event_Eunice,DWELL_PATTERN_IFw720q010_AEw720q975,Pattern,20,26,313
Event_Eunice_2022-02-12_2022-02-25,Event_Eunice,DWELL_PATTERN_IFw720q010_AEw720q975,Point,4,11,313
Event_Eunice_2022-02-12_2022-02-25,Event_Eunice,DWELL_PATTERN_IFw720q010_AEw720q990,Compound,3,11,313
Event_Eunice_2022-02-12_2022-02-25,Event_Eunice,DWELL_PATTERN_IFw720q010_AEw720q990,Pattern,9,26,313
Event_Eunice_2022-02-12_2022-02-25,Event_Eunice,DWELL_PATTERN_IFw720q010_AEw720q990,Point,4,11,313
Event_Eunice_2022-02-12_2022-02-25,Event_Eunice,DWELL_PATTERN_IFw720q030_AEw1080q950,Compound,9,11,313
Event_Eunice_2022-02-12_2022-02-25,Event_Eunice,DWELL_PATTERN_IFw720q030_AEw1080q950,Pattern,26,26,313
Event_Eunice_2022-02-12_2022-02-25,Event_Eunice,DWELL_PATTERN_IFw720q030_AEw1080q950,Point,8,11,313
Event_Eunice_2022-02-12_2022-02-25,Event_Eunice,DWELL_PATTERN_IFw720q030_AEw1080q975,Compound,8,11,313
Event_Eunice_2022-02-12_2022-02-25,Event_Eunice,DWELL_PATTERN_IFw720q030_AEw1080q975,Pattern,20,26,313
Event_Eunice_2022-02-12_2022-02-25,Event_Eunice,DWELL_PATTERN_IFw720q030_AEw1080q975,Point,9,11,313
Event_Eunice_2022-02-12_2022-02-25,Event_Eunice,DWELL_PATTERN_IFw720q030_AEw1080q990,Compound,4,11,313
Event_Eunice_2022-02-12_2022-02-25,Event_Eunice,DWELL_PATTERN_IFw720q030_AEw1080q990,Pattern,8,26,313
Event_Eunice_2022-02-12_2022-02-25,Event_Eunice,DWELL_PATTERN_IFw720q030_AEw1080q990,Point,13,11,313
Event_Eunice_2022-02-12_2022-02-25,Event_Eunice,DWELL_PATTERN_IFw720q030_AEw336q950,Compound,5,11,313
Event_Eunice_2022-02-12_2022-02-25,Event_Eunice,DWELL_PATTERN_IFw720q030_AEw336q950,Pattern,19,26,313
Event_Eunice_2022-02-12_2022-02-25,Event_Eunice,DWELL_PATTERN_IFw720q030_AEw336q950,Point,12,11,313
Event_Eunice_2022-02-12_2022-02-25,Event_Eunice,DWELL_PATTERN_IFw720q030_AEw336q975,Compound,4,11,313
Event_Eunice_2022-02-12_2022-02-25,Event_Eunice,DWELL_PATTERN_IFw720q030_AEw336q975,Pattern,12,26,313
Event_Eunice_2022-02-12_2022-02-25,Event_Eunice,DWELL_PATTERN_IFw720q030_AEw336q975,Point,13,11,313
Event_Eunice_2022-02-12_2022-02-25,Event_Eunice,DWELL_PATTERN_IFw720q030_AEw336q990,Compound,4,11,313
Event_Eunice_2022-02-12_2022-02-25,Event_Eunice,DWELL_PATTERN_IFw720q030_AEw336q990,Pattern,6,26,313
Event_Eunice_2022-02-12_2022-02-25,Event_Eunice,DWELL_PATTERN_IFw720q030_AEw336q990,Point,13,11,313
Event_Eunice_2022-02-12_2022-02-25,Event_Eunice,DWELL_PATTERN_IFw720q030_AEw720q950,Compound,8,11,313
Event_Eunice_2022-02-12_2022-02-25,Event_Eunice,DWELL_PATTERN_IFw720q030_AEw720q950,Pattern,26,26,313
Event_Eunice_2022-02-12_2022-02-25,Event_Eunice,DWELL_PATTERN_IFw720q030_AEw720q950,Point,9,11,313
Event_Eunice_2022-02-12_2022-02-25,Event_Eunice,DWELL_PATTERN_IFw720q030_AEw720q975,Compound,5,11,313
Event_Eunice_2022-02-12_2022-02-25,Event_Eunice,DWELL_PATTERN_IFw720q030_AEw720q975,Pattern,18,26,313
Event_Eunice_2022-02-12_2022-02-25,Event_Eunice,DWELL_PATTERN_IFw720q030_AEw720q975,Point,12,11,313
Event_Eunice_2022-02-12_2022-02-25,Event_Eunice,DWELL_PATTERN_IFw720q030_AEw720q990,Compound,4,11,313
Event_Eunice_2022-02-12_2022-02-25,Event_Eunice,DWELL_PATTERN_IFw720q030_AEw720q990,Pattern,8,26,313
Event_Eunice_2022-02-12_2022-02-25,Event_Eunice,DWELL_PATTERN_IFw720q030_AEw720q990,Point,13,11,313
Event_Eunice_2022-02-12_2022-02-25,Event_Eunice,adaptive_IFw1080q010_AEw1080q950,Compound,5,11,313
Event_Eunice_2022-02-12_2022-02-25,Event_Eunice,adaptive_IFw1080q010_AEw1080q950,Pattern,51,26,313
Event_Eunice_2022-02-12_2022-02-25,Event_Eunice,adaptive_IFw1080q010_AEw1080q950,Point,2,11,313
Event_Eunice_2022-02-12_2022-02-25,Event_Eunice,adaptive_IFw1080q010_AEw1080q975,Compound,5,11,313
Event_Eunice_2022-02-12_2022-02-25,Event_Eunice,adaptive_IFw1080q010_AEw1080q975,Pattern,34,26,313
Event_Eunice_2022-02-12_2022-02-25,Event_Eunice,adaptive_IFw1080q010_AEw1080q975,Point,2,11,313
Event_Eunice_2022-02-12_2022-02-25,Event_Eunice,adaptive_IFw1080q010_AEw1080q990,Compound,4,11,313
Event_Eunice_2022-02-12_2022-02-25,Event_Eunice,adaptive_IFw1080q010_AEw1080q990,Pattern,19,26,313
Event_Eunice_2022-02-12_2022-02-25,Event_Eunice,adaptive_IFw1080q010_AEw1080q990,Point,3,11,313
Event_Eunice_2022-02-12_2022-02-25,Event_Eunice,adaptive_IFw1080q010_AEw336q950,Compound,4,11,313
Event_Eunice_2022-02-12_2022-02-25,Event_Eunice,adaptive_IFw1080q010_AEw336q950,Pattern,32,26,313
Event_Eunice_2022-02-12_2022-02-25,Event_Eunice,adaptive_IFw1080q010_AEw336q950,Point,3,11,313
Event_Eunice_2022-02-12_2022-02-25,Event_Eunice,adaptive_IFw1080q010_AEw336q975,Compound,4,11,313
Event_Eunice_2022-02-12_2022-02-25,Event_Eunice,adaptive_IFw1080q010_AEw336q975,Pattern,22,26,313
Event_Eunice_2022-02-12_2022-02-25,Event_Eunice,adaptive_IFw1080q010_AEw336q975,Point,3,11,313
Event_Eunice_2022-02-12_2022-02-25,Event_Eunice,adaptive_IFw1080q010_AEw336q990,Compound,4,11,313
Event_Eunice_2022-02-12_2022-02-25,Event_Eunice,adaptive_IFw1080q010_AEw336q990,Pattern,15,26,313
Event_Eunice_2022-02-12_2022-02-25,Event_Eunice,adaptive_IFw1080q010_AEw336q990,Point,3,11,313
Event_Eunice_2022-02-12_2022-02-25,Event_Eunice,adaptive_IFw1080q010_AEw720q950,Compound,6,11,313
Event_Eunice_2022-02-12_2022-02-25,Event_Eunice,adaptive_IFw1080q010_AEw720q950,Pattern,44,26,313
Event_Eunice_2022-02-12_2022-02-25,Event_Eunice,adaptive_IFw1080q010_AEw720q950,Point,1,11,313
Event_Eunice_2022-02-12_2022-02-25,Event_Eunice,adaptive_IFw1080q010_AEw720q975,Compound,4,11,313
Event_Eunice_2022-02-12_2022-02-25,Event_Eunice,adaptive_IFw1080q010_AEw720q975,Pattern,30,26,313
Event_Eunice_2022-02-12_2022-02-25,Event_Eunice,adaptive_IFw1080q010_AEw720q975,Point,3,11,313
Event_Eunice_2022-02-12_2022-02-25,Event_Eunice,adaptive_IFw1080q010_AEw720q990,Compound,4,11,313
Event_Eunice_2022-02-12_2022-02-25,Event_Eunice,adaptive_IFw1080q010_AEw720q990,Pattern,18,26,313
Event_Eunice_2022-02-12_2022-02-25,Event_Eunice,adaptive_IFw1080q010_AEw720q990,Point,3,11,313
Event_Eunice_2022-02-12_2022-02-25,Event_Eunice,adaptive_IFw1080q030_AEw1080q950,Compound,11,11,313
Event_Eunice_2022-02-12_2022-02-25,Event_Eunice,adaptive_IFw1080q030_AEw1080q950,Pattern,45,26,313
Event_Eunice_2022-02-12_2022-02-25,Event_Eunice,adaptive_IFw1080q030_AEw1080q950,Point,9,11,313
Event_Eunice_2022-02-12_2022-02-25,Event_Eunice,adaptive_IFw1080q030_AEw1080q975,Compound,11,11,313
Event_Eunice_2022-02-12_2022-02-25,Event_Eunice,adaptive_IFw1080q030_AEw1080q975,Pattern,28,26,313
Event_Eunice_2022-02-12_2022-02-25,Event_Eunice,adaptive_IFw1080q030_AEw1080q975,Point,9,11,313
Event_Eunice_2022-02-12_2022-02-25,Event_Eunice,adaptive_IFw1080q030_AEw1080q990,Compound,7,11,313
Event_Eunice_2022-02-12_2022-02-25,Event_Eunice,adaptive_IFw1080q030_AEw1080q990,Pattern,16,26,313
Event_Eunice_2022-02-12_2022-02-25,Event_Eunice,adaptive_IFw1080q030_AEw1080q990,Point,13,11,313
Event_Eunice_2022-02-12_2022-02-25,Event_Eunice,adaptive_IFw1080q030_AEw336q950,Compound,9,11,313
Event_Eunice_2022-02-12_2022-02-25,Event_Eunice,adaptive_IFw1080q030_AEw336q950,Pattern,27,26,313
Event_Eunice_2022-02-12_2022-02-25,Event_Eunice,adaptive_IFw1080q030_AEw336q950,Point,11,11,313
Event_Eunice_2022-02-12_2022-02-25,Event_Eunice,adaptive_IFw1080q030_AEw336q975,Compound,8,11,313
Event_Eunice_2022-02-12_2022-02-25,Event_Eunice,adaptive_IFw1080q030_AEw336q975,Pattern,18,26,313
Event_Eunice_2022-02-12_2022-02-25,Event_Eunice,adaptive_IFw1080q030_AEw336q975,Point,12,11,313
Event_Eunice_2022-02-12_2022-02-25,Event_Eunice,adaptive_IFw1080q030_AEw336q990,Compound,6,11,313
Event_Eunice_2022-02-12_2022-02-25,Event_Eunice,adaptive_IFw1080q030_AEw336q990,Pattern,13,26,313
Event_Eunice_2022-02-12_2022-02-25,Event_Eunice,adaptive_IFw1080q030_AEw336q990,Point,14,11,313
Event_Eunice_2022-02-12_2022-02-25,Event_Eunice,adaptive_IFw1080q030_AEw720q950,Compound,12,11,313
Event_Eunice_2022-02-12_2022-02-25,Event_Eunice,adaptive_IFw1080q030_AEw720q950,Pattern,38,26,313
Event_Eunice_2022-02-12_2022-02-25,Event_Eunice,adaptive_IFw1080q030_AEw720q950,Point,8,11,313
Event_Eunice_2022-02-12_2022-02-25,Event_Eunice,adaptive_IFw1080q030_AEw720q975,Compound,9,11,313
Event_Eunice_2022-02-12_2022-02-25,Event_Eunice,adaptive_IFw1080q030_AEw720q975,Pattern,25,26,313
Event_Eunice_2022-02-12_2022-02-25,Event_Eunice,adaptive_IFw1080q030_AEw720q975,Point,11,11,313
Event_Eunice_2022-02-12_2022-02-25,Event_Eunice,adaptive_IFw1080q030_AEw720q990,Compound,6,11,313
Event_Eunice_2022-02-12_2022-02-25,Event_Eunice,adaptive_IFw1080q030_AEw720q990,Pattern,16,26,313
Event_Eunice_2022-02-12_2022-02-25,Event_Eunice,adaptive_IFw1080q030_AEw720q990,Point,14,11,313
Event_Eunice_2022-02-12_2022-02-25,Event_Eunice,adaptive_IFw1440q010_AEw1080q950,Compound,6,11,313
Event_Eunice_2022-02-12_2022-02-25,Event_Eunice,adaptive_IFw1440q010_AEw1080q950,Pattern,50,26,313
Event_Eunice_2022-02-12_2022-02-25,Event_Eunice,adaptive_IFw1440q010_AEw1080q950,Point,2,11,313
Event_Eunice_2022-02-12_2022-02-25,Event_Eunice,adaptive_IFw1440q010_AEw1080q975,Compound,6,11,313
Event_Eunice_2022-02-12_2022-02-25,Event_Eunice,adaptive_IFw1440q010_AEw1080q975,Pattern,33,26,313
Event_Eunice_2022-02-12_2022-02-25,Event_Eunice,adaptive_IFw1440q010_AEw1080q975,Point,2,11,313
Event_Eunice_2022-02-12_2022-02-25,Event_Eunice,adaptive_IFw1440q010_AEw1080q990,Compound,4,11,313
Event_Eunice_2022-02-12_2022-02-25,Event_Eunice,adaptive_IFw1440q010_AEw1080q990,Pattern,19,26,313
Event_Eunice_2022-02-12_2022-02-25,Event_Eunice,adaptive_IFw1440q010_AEw1080q990,Point,4,11,313
Event_Eunice_2022-02-12_2022-02-25,Event_Eunice,adaptive_IFw1440q010_AEw336q950,Compound,5,11,313
Event_Eunice_2022-02-12_2022-02-25,Event_Eunice,adaptive_IFw1440q010_AEw336q950,Pattern,31,26,313
Event_Eunice_2022-02-12_2022-02-25,Event_Eunice,adaptive_IFw1440q010_AEw336q950,Point,3,11,313
Event_Eunice_2022-02-12_2022-02-25,Event_Eunice,adaptive_IFw1440q010_AEw336q975,Compound,5,11,313
Event_Eunice_2022-02-12_2022-02-25,Event_Eunice,adaptive_IFw1440q010_AEw336q975,Pattern,21,26,313
Event_Eunice_2022-02-12_2022-02-25,Event_Eunice,adaptive_IFw1440q010_AEw336q975,Point,3,11,313
Event_Eunice_2022-02-12_2022-02-25,Event_Eunice,adaptive_IFw1440q010_AEw336q990,Compound,4,11,313
Event_Eunice_2022-02-12_2022-02-25,Event_Eunice,adaptive_IFw1440q010_AEw336q990,Pattern,15,26,313
Event_Eunice_2022-02-12_2022-02-25,Event_Eunice,adaptive_IFw1440q010_AEw336q990,Point,4,11,313
Event_Eunice_2022-02-12_2022-02-25,Event_Eunice,adaptive_IFw1440q010_AEw720q950,Compound,7,11,313
Event_Eunice_2022-02-12_2022-02-25,Event_Eunice,adaptive_IFw1440q010_AEw720q950,Pattern,43,26,313
Event_Eunice_2022-02-12_2022-02-25,Event_Eunice,adaptive_IFw1440q010_AEw720q950,Point,1,11,313
Event_Eunice_2022-02-12_2022-02-25,Event_Eunice,adaptive_IFw1440q010_AEw720q975,Compound,5,11,313
Event_Eunice_2022-02-12_2022-02-25,Event_Eunice,adaptive_IFw1440q010_AEw720q975,Pattern,29,26,313
Event_Eunice_2022-02-12_2022-02-25,Event_Eunice,adaptive_IFw1440q010_AEw720q975,Point,3,11,313
Event_Eunice_2022-02-12_2022-02-25,Event_Eunice,adaptive_IFw1440q010_AEw720q990,Compound,4,11,313
Event_Eunice_2022-02-12_2022-02-25,Event_Eunice,adaptive_IFw1440q010_AEw720q990,Pattern,18,26,313
Event_Eunice_2022-02-12_2022-02-25,Event_Eunice,adaptive_IFw1440q010_AEw720q990,Point,4,11,313
Event_Eunice_2022-02-12_2022-02-25,Event_Eunice,adaptive_IFw1440q030_AEw1080q950,Compound,11,11,313
Event_Eunice_2022-02-12_2022-02-25,Event_Eunice,adaptive_IFw1440q030_AEw1080q950,Pattern,45,26,313
Event_Eunice_2022-02-12_2022-02-25,Event_Eunice,adaptive_IFw1440q030_AEw1080q950,Point,8,11,313
Event_Eunice_2022-02-12_2022-02-25,Event_Eunice,adaptive_IFw1440q030_AEw1080q975,Compound,11,11,313
Event_Eunice_2022-02-12_2022-02-25,Event_Eunice,adaptive_IFw1440q030_AEw1080q975,Pattern,28,26,313
Event_Eunice_2022-02-12_2022-02-25,Event_Eunice,adaptive_IFw1440q030_AEw1080q975,Point,8,11,313
Event_Eunice_2022-02-12_2022-02-25,Event_Eunice,adaptive_IFw1440q030_AEw1080q990,Compound,7,11,313
Event_Eunice_2022-02-12_2022-02-25,Event_Eunice,adaptive_IFw1440q030_AEw1080q990,Pattern,16,26,313
Event_Eunice_2022-02-12_2022-02-25,Event_Eunice,adaptive_IFw1440q030_AEw1080q990,Point,12,11,313
Event_Eunice_2022-02-12_2022-02-25,Event_Eunice,adaptive_IFw1440q030_AEw336q950,Compound,9,11,313
Event_Eunice_2022-02-12_2022-02-25,Event_Eunice,adaptive_IFw1440q030_AEw336q950,Pattern,27,26,313
Event_Eunice_2022-02-12_2022-02-25,Event_Eunice,adaptive_IFw1440q030_AEw336q950,Point,10,11,313
Event_Eunice_2022-02-12_2022-02-25,Event_Eunice,adaptive_IFw1440q030_AEw336q975,Compound,8,11,313
Event_Eunice_2022-02-12_2022-02-25,Event_Eunice,adaptive_IFw1440q030_AEw336q975,Pattern,18,26,313
Event_Eunice_2022-02-12_2022-02-25,Event_Eunice,adaptive_IFw1440q030_AEw336q975,Point,11,11,313
Event_Eunice_2022-02-12_2022-02-25,Event_Eunice,adaptive_IFw1440q030_AEw336q990,Compound,6,11,313
Event_Eunice_2022-02-12_2022-02-25,Event_Eunice,adaptive_IFw1440q030_AEw336q990,Pattern,13,26,313
Event_Eunice_2022-02-12_2022-02-25,Event_Eunice,adaptive_IFw1440q030_AEw336q990,Point,13,11,313
Event_Eunice_2022-02-12_2022-02-25,Event_Eunice,adaptive_IFw1440q030_AEw720q950,Compound,12,11,313
Event_Eunice_2022-02-12_2022-02-25,Event_Eunice,adaptive_IFw1440q030_AEw720q950,Pattern,38,26,313
Event_Eunice_2022-02-12_2022-02-25,Event_Eunice,adaptive_IFw1440q030_AEw720q950,Point,7,11,313
Event_Eunice_2022-02-12_2022-02-25,Event_Eunice,adaptive_IFw1440q030_AEw720q975,Compound,9,11,313
Event_Eunice_2022-02-12_2022-02-25,Event_Eunice,adaptive_IFw1440q030_AEw720q975,Pattern,25,26,313
Event_Eunice_2022-02-12_2022-02-25,Event_Eunice,adaptive_IFw1440q030_AEw720q975,Point,10,11,313
Event_Eunice_2022-02-12_2022-02-25,Event_Eunice,adaptive_IFw1440q030_AEw720q990,Compound,6,11,313
Event_Eunice_2022-02-12_2022-02-25,Event_Eunice,adaptive_IFw1440q030_AEw720q990,Pattern,16,26,313
Event_Eunice_2022-02-12_2022-02-25,Event_Eunice,adaptive_IFw1440q030_AEw720q990,Point,13,11,313
Event_Eunice_2022-02-12_2022-02-25,Event_Eunice,adaptive_IFw336q010_AEw1080q950,Compound,2,11,313
Event_Eunice_2022-02-12_2022-02-25,Event_Eunice,adaptive_IFw336q010_AEw1080q950,Pattern,54,26,313
Event_Eunice_2022-02-12_2022-02-25,Event_Eunice,adaptive_IFw336q010_AEw1080q950,Point,2,11,313
Event_Eunice_2022-02-12_2022-02-25,Event_Eunice,adaptive_IFw336q010_AEw1080q975,Compound,2,11,313
Event_Eunice_2022-02-12_2022-02-25,Event_Eunice,adaptive_IFw336q010_AEw1080q975,Pattern,37,26,313
Event_Eunice_2022-02-12_2022-02-25,Event_Eunice,adaptive_IFw336q010_AEw1080q975,Point,2,11,313
Event_Eunice_2022-02-12_2022-02-25,Event_Eunice,adaptive_IFw336q010_AEw1080q990,Compound,1,11,313
Event_Eunice_2022-02-12_2022-02-25,Event_Eunice,adaptive_IFw336q010_AEw1080q990,Pattern,22,26,313
Event_Eunice_2022-02-12_2022-02-25,Event_Eunice,adaptive_IFw336q010_AEw1080q990,Point,3,11,313
Event_Eunice_2022-02-12_2022-02-25,Event_Eunice,adaptive_IFw336q010_AEw336q950,Compound,1,11,313
Event_Eunice_2022-02-12_2022-02-25,Event_Eunice,adaptive_IFw336q010_AEw336q950,Pattern,35,26,313
Event_Eunice_2022-02-12_2022-02-25,Event_Eunice,adaptive_IFw336q010_AEw336q950,Point,3,11,313
Event_Eunice_2022-02-12_2022-02-25,Event_Eunice,adaptive_IFw336q010_AEw336q975,Compound,1,11,313
Event_Eunice_2022-02-12_2022-02-25,Event_Eunice,adaptive_IFw336q010_AEw336q975,Pattern,25,26,313
Event_Eunice_2022-02-12_2022-02-25,Event_Eunice,adaptive_IFw336q010_AEw336q975,Point,3,11,313
Event_Eunice_2022-02-12_2022-02-25,Event_Eunice,adaptive_IFw336q010_AEw336q990,Compound,1,11,313
Event_Eunice_2022-02-12_2022-02-25,Event_Eunice,adaptive_IFw336q010_AEw336q990,Pattern,18,26,313
Event_Eunice_2022-02-12_2022-02-25,Event_Eunice,adaptive_IFw336q010_AEw336q990,Point,3,11,313
Event_Eunice_2022-02-12_2022-02-25,Event_Eunice,adaptive_IFw336q010_AEw720q950,Compound,3,11,313
Event_Eunice_2022-02-12_2022-02-25,Event_Eunice,adaptive_IFw336q010_AEw720q950,Pattern,47,26,313
Event_Eunice_2022-02-12_2022-02-25,Event_Eunice,adaptive_IFw336q010_AEw720q950,Point,1,11,313
Event_Eunice_2022-02-12_2022-02-25,Event_Eunice,adaptive_IFw336q010_AEw720q975,Compound,1,11,313
Event_Eunice_2022-02-12_2022-02-25,Event_Eunice,adaptive_IFw336q010_AEw720q975,Pattern,33,26,313
Event_Eunice_2022-02-12_2022-02-25,Event_Eunice,adaptive_IFw336q010_AEw720q975,Point,3,11,313
Event_Eunice_2022-02-12_2022-02-25,Event_Eunice,adaptive_IFw336q010_AEw720q990,Compound,1,11,313
Event_Eunice_2022-02-12_2022-02-25,Event_Eunice,adaptive_IFw336q010_AEw720q990,Pattern,21,26,313
Event_Eunice_2022-02-12_2022-02-25,Event_Eunice,adaptive_IFw336q010_AEw720q990,Point,3,11,313
Event_Eunice_2022-02-12_2022-02-25,Event_Eunice,adaptive_IFw336q030_AEw1080q950,Compound,8,11,313
Event_Eunice_2022-02-12_2022-02-25,Event_Eunice,adaptive_IFw336q030_AEw1080q950,Pattern,48,26,313
Event_Eunice_2022-02-12_2022-02-25,Event_Eunice,adaptive_IFw336q030_AEw1080q950,Point,3,11,313
Event_Eunice_2022-02-12_2022-02-25,Event_Eunice,adaptive_IFw336q030_AEw1080q975,Compound,8,11,313
Event_Eunice_2022-02-12_2022-02-25,Event_Eunice,adaptive_IFw336q030_AEw1080q975,Pattern,31,26,313
Event_Eunice_2022-02-12_2022-02-25,Event_Eunice,adaptive_IFw336q030_AEw1080q975,Point,3,11,313
Event_Eunice_2022-02-12_2022-02-25,Event_Eunice,adaptive_IFw336q030_AEw1080q990,Compound,5,11,313
Event_Eunice_2022-02-12_2022-02-25,Event_Eunice,adaptive_IFw336q030_AEw1080q990,Pattern,18,26,313
Event_Eunice_2022-02-12_2022-02-25,Event_Eunice,adaptive_IFw336q030_AEw1080q990,Point,6,11,313
Event_Eunice_2022-02-12_2022-02-25,Event_Eunice,adaptive_IFw336q030_AEw336q950,Compound,6,11,313
Event_Eunice_2022-02-12_2022-02-25,Event_Eunice,adaptive_IFw336q030_AEw336q950,Pattern,30,26,313
Event_Eunice_2022-02-12_2022-02-25,Event_Eunice,adaptive_IFw336q030_AEw336q950,Point,5,11,313
Event_Eunice_2022-02-12_2022-02-25,Event_Eunice,adaptive_IFw336q030_AEw336q975,Compound,6,11,313
Event_Eunice_2022-02-12_2022-02-25,Event_Eunice,adaptive_IFw336q030_AEw336q975,Pattern,20,26,313
Event_Eunice_2022-02-12_2022-02-25,Event_Eunice,adaptive_IFw336q030_AEw336q975,Point,5,11,313
Event_Eunice_2022-02-12_2022-02-25,Event_Eunice,adaptive_IFw336q030_AEw336q990,Compound,5,11,313
Event_Eunice_2022-02-12_2022-02-25,Event_Eunice,adaptive_IFw336q030_AEw336q990,Pattern,14,26,313
Event_Eunice_2022-02-12_2022-02-25,Event_Eunice,adaptive_IFw336q030_AEw336q990,Point,6,11,313
Event_Eunice_2022-02-12_2022-02-25,Event_Eunice,adaptive_IFw336q030_AEw720q950,Compound,9,11,313
Event_Eunice_2022-02-12_2022-02-25,Event_Eunice,adaptive_IFw336q030_AEw720q950,Pattern,41,26,313
Event_Eunice_2022-02-12_2022-02-25,Event_Eunice,adaptive_IFw336q030_AEw720q950,Point,2,11,313
Event_Eunice_2022-02-12_2022-02-25,Event_Eunice,adaptive_IFw336q030_AEw720q975,Compound,6,11,313
Event_Eunice_2022-02-12_2022-02-25,Event_Eunice,adaptive_IFw336q030_AEw720q975,Pattern,28,26,313
Event_Eunice_2022-02-12_2022-02-25,Event_Eunice,adaptive_IFw336q030_AEw720q975,Point,5,11,313
Event_Eunice_2022-02-12_2022-02-25,Event_Eunice,adaptive_IFw336q030_AEw720q990,Compound,5,11,313
Event_Eunice_2022-02-12_2022-02-25,Event_Eunice,adaptive_IFw336q030_AEw720q990,Pattern,17,26,313
Event_Eunice_2022-02-12_2022-02-25,Event_Eunice,adaptive_IFw336q030_AEw720q990,Point,6,11,313
Event_Eunice_2022-02-12_2022-02-25,Event_Eunice,adaptive_IFw720q010_AEw1080q950,Compound,5,11,313
Event_Eunice_2022-02-12_2022-02-25,Event_Eunice,adaptive_IFw720q010_AEw1080q950,Pattern,51,26,313
Event_Eunice_2022-02-12_2022-02-25,Event_Eunice,adaptive_IFw720q010_AEw1080q950,Point,2,11,313
Event_Eunice_2022-02-12_2022-02-25,Event_Eunice,adaptive_IFw720q010_AEw1080q975,Compound,5,11,313
Event_Eunice_2022-02-12_2022-02-25,Event_Eunice,adaptive_IFw720q010_AEw1080q975,Pattern,34,26,313
Event_Eunice_2022-02-12_2022-02-25,Event_Eunice,adaptive_IFw720q010_AEw1080q975,Point,2,11,313
Event_Eunice_2022-02-12_2022-02-25,Event_Eunice,adaptive_IFw720q010_AEw1080q990,Compound,4,11,313
Event_Eunice_2022-02-12_2022-02-25,Event_Eunice,adaptive_IFw720q010_AEw1080q990,Pattern,19,26,313
Event_Eunice_2022-02-12_2022-02-25,Event_Eunice,adaptive_IFw720q010_AEw1080q990,Point,3,11,313
Event_Eunice_2022-02-12_2022-02-25,Event_Eunice,adaptive_IFw720q010_AEw336q950,Compound,4,11,313
Event_Eunice_2022-02-12_2022-02-25,Event_Eunice,adaptive_IFw720q010_AEw336q950,Pattern,32,26,313
Event_Eunice_2022-02-12_2022-02-25,Event_Eunice,adaptive_IFw720q010_AEw336q950,Point,3,11,313
Event_Eunice_2022-02-12_2022-02-25,Event_Eunice,adaptive_IFw720q010_AEw336q975,Compound,4,11,313
Event_Eunice_2022-02-12_2022-02-25,Event_Eunice,adaptive_IFw720q010_AEw336q975,Pattern,22,26,313
Event_Eunice_2022-02-12_2022-02-25,Event_Eunice,adaptive_IFw720q010_AEw336q975,Point,3,11,313
Event_Eunice_2022-02-12_2022-02-25,Event_Eunice,adaptive_IFw720q010_AEw336q990,Compound,4,11,313
Event_Eunice_2022-02-12_2022-02-25,Event_Eunice,adaptive_IFw720q010_AEw336q990,Pattern,15,26,313
Event_Eunice_2022-02-12_2022-02-25,Event_Eunice,adaptive_IFw720q010_AEw336q990,Point,3,11,313
Event_Eunice_2022-02-12_2022-02-25,Event_Eunice,adaptive_IFw720q010_AEw720q950,Compound,6,11,313
Event_Eunice_2022-02-12_2022-02-25,Event_Eunice,adaptive_IFw720q010_AEw720q950,Pattern,44,26,313
Event_Eunice_2022-02-12_2022-02-25,Event_Eunice,adaptive_IFw720q010_AEw720q950,Point,1,11,313
Event_Eunice_2022-02-12_2022-02-25,Event_Eunice,adaptive_IFw720q010_AEw720q975,Compound,4,11,313
Event_Eunice_2022-02-12_2022-02-25,Event_Eunice,adaptive_IFw720q010_AEw720q975,Pattern,30,26,313
Event_Eunice_2022-02-12_2022-02-25,Event_Eunice,adaptive_IFw720q010_AEw720q975,Point,3,11,313
Event_Eunice_2022-02-12_2022-02-25,Event_Eunice,adaptive_IFw720q010_AEw720q990,Compound,4,11,313
Event_Eunice_2022-02-12_2022-02-25,Event_Eunice,adaptive_IFw720q010_AEw720q990,Pattern,18,26,313
Event_Eunice_2022-02-12_2022-02-25,Event_Eunice,adaptive_IFw720q010_AEw720q990,Point,3,11,313
Event_Eunice_2022-02-12_2022-02-25,Event_Eunice,adaptive_IFw720q030_AEw1080q950,Compound,10,11,313
Event_Eunice_2022-02-12_2022-02-25,Event_Eunice,adaptive_IFw720q030_AEw1080q950,Pattern,46,26,313
Event_Eunice_2022-02-12_2022-02-25,Event_Eunice,adaptive_IFw720q030_AEw1080q950,Point,7,11,313
Event_Eunice_2022-02-12_2022-02-25,Event_Eunice,adaptive_IFw720q030_AEw1080q975,Compound,10,11,313
Event_Eunice_2022-02-12_2022-02-25,Event_Eunice,adaptive_IFw720q030_AEw1080q975,Pattern,29,26,313
Event_Eunice_2022-02-12_2022-02-25,Event_Eunice,adaptive_IFw720q030_AEw1080q975,Point,7,11,313
Event_Eunice_2022-02-12_2022-02-25,Event_Eunice,adaptive_IFw720q030_AEw1080q990,Compound,7,11,313
Event_Eunice_2022-02-12_2022-02-25,Event_Eunice,adaptive_IFw720q030_AEw1080q990,Pattern,16,26,313
Event_Eunice_2022-02-12_2022-02-25,Event_Eunice,adaptive_IFw720q030_AEw1080q990,Point,10,11,313
Event_Eunice_2022-02-12_2022-02-25,Event_Eunice,adaptive_IFw720q030_AEw336q950,Compound,8,11,313
Event_Eunice_2022-02-12_2022-02-25,Event_Eunice,adaptive_IFw720q030_AEw336q950,Pattern,28,26,313
Event_Eunice_2022-02-12_2022-02-25,Event_Eunice,adaptive_IFw720q030_AEw336q950,Point,9,11,313
Event_Eunice_2022-02-12_2022-02-25,Event_Eunice,adaptive_IFw720q030_AEw336q975,Compound,8,11,313
Event_Eunice_2022-02-12_2022-02-25,Event_Eunice,adaptive_IFw720q030_AEw336q975,Pattern,18,26,313
Event_Eunice_2022-02-12_2022-02-25,Event_Eunice,adaptive_IFw720q030_AEw336q975,Point,9,11,313
Event_Eunice_2022-02-12_2022-02-25,Event_Eunice,adaptive_IFw720q030_AEw336q990,Compound,6,11,313
Event_Eunice_2022-02-12_2022-02-25,Event_Eunice,adaptive_IFw720q030_AEw336q990,Pattern,13,26,313
Event_Eunice_2022-02-12_2022-02-25,Event_Eunice,adaptive_IFw720q030_AEw336q990,Point,11,11,313
Event_Eunice_2022-02-12_2022-02-25,Event_Eunice,adaptive_IFw720q030_AEw720q950,Compound,11,11,313
Event_Eunice_2022-02-12_2022-02-25,Event_Eunice,adaptive_IFw720q030_AEw720q950,Pattern,39,26,313
Event_Eunice_2022-02-12_2022-02-25,Event_Eunice,adaptive_IFw720q030_AEw720q950,Point,6,11,313
Event_Eunice_2022-02-12_2022-02-25,Event_Eunice,adaptive_IFw720q030_AEw720q975,Compound,8,11,313
Event_Eunice_2022-02-12_2022-02-25,Event_Eunice,adaptive_IFw720q030_AEw720q975,Pattern,26,26,313
Event_Eunice_2022-02-12_2022-02-25,Event_Eunice,adaptive_IFw720q030_AEw720q975,Point,9,11,313
Event_Eunice_2022-02-12_2022-02-25,Event_Eunice,adaptive_IFw720q030_AEw720q990,Compound,6,11,313
Event_Eunice_2022-02-12_2022-02-25,Event_Eunice,adaptive_IFw720q030_AEw720q990,Pattern,16,26,313
Event_Eunice_2022-02-12_2022-02-25,Event_Eunice,adaptive_IFw720q030_AEw720q990,Point,11,11,313
