window_id,window_label,method,total_variant,total_static,valid_n,Δ_total,rate_per_1k_variant,rate_per_1k_static,Δ_rate_per_1k
Calm_2019_2019-05-12_2019-05-24,Calm_2019,CAPPED_minmax_IFw1080q010_AEw1080q950,5,7,289,-2,17.301038,24.221453,-6.920415
Calm_2019_2019-05-12_2019-05-24,Calm_2019,CAPPED_minmax_IFw1080q010_AEw1080q975,2,7,289,-5,6.920415,24.221453,-17.301038
Calm_2019_2019-05-12_2019-05-24,Calm_2019,CAPPED_minmax_IFw1080q010_AEw1080q990,1,7,289,-6,3.460208,24.221453,-20.761245
Calm_2019_2019-05-12_2019-05-24,Calm_2019,CAPPED_minmax_IFw1080q010_AEw336q950,5,7,289,-2,17.301038,24.221453,-6.920415
Calm_2019_2019-05-12_2019-05-24,Calm_2019,CAPPED_minmax_IFw1080q010_AEw336q975,1,7,289,-6,3.460208,24.221453,-20.761245
Calm_2019_2019-05-12_2019-05-24,Calm_2019,CAPPED_minmax_IFw1080q010_AEw336q990,1,7,289,-6,3.460208,24.221453,-20.761245
Calm_2019_2019-05-12_2019-05-24,Calm_2019,CAPPED_minmax_IFw1080q010_AEw720q950,4,7,289,-3,13.84083,24.221453,-10.380623
Calm_2019_2019-05-12_2019-05-24,Calm_2019,CAPPED_minmax_IFw1080q010_AEw720q975,1,7,289,-6,3.460208,24.221453,-20.761245
Calm_2019_2019-05-12_2019-05-24,Calm_2019,CAPPED_minmax_IFw1080q010_AEw720q990,1,7,289,-6,3.460208,24.221453,-20.761245
Calm_2019_2019-05-12_2019-05-24,Calm_2019,CAPPED_minmax_IFw1080q030_AEw1080q950,9,7,289,2,31.141869,24.221453,6.920416
Calm_2019_2019-05-12_2019-05-24,Calm_2019,CAPPED_minmax_IFw1080q030_AEw1080q975,6,7,289,-1,20.761246,24.221453,-3.460207
Calm_2019_2019-05-12_2019-05-24,Calm_2019,CAPPED_minmax_IFw1080q030_AEw1080q990,5,7,289,-2,17.301038,24.221453,-6.920415
Calm_2019_2019-05-12_2019-05-24,Calm_2019,CAPPED_minmax_IFw1080q030_AEw336q950,9,7,289,2,31.141869,24.221453,6.920416
Calm_2019_2019-05-12_2019-05-24,Calm_2019,CAPPED_minmax_IFw1080q030_AEw336q975,5,7,289,-2,17.301038,24.221453,-6.920415
Calm_2019_2019-05-12_2019-05-24,Calm_2019,CAPPED_minmax_IFw1080q030_AEw336q990,5,7,289,-2,17.301038,24.221453,-6.920415
Calm_2019_2019-05-12_2019-05-24,Calm_2019,CAPPED_minmax_IFw1080q030_AEw720q950,8,7,289,1,27.681661,24.221453,3.460208
Calm_2019_2019-05-12_2019-05-24,Calm_2019,CAPPED_minmax_IFw1080q030_AEw720q975,5,7,289,-2,17.301038,24.221453,-6.920415
Calm_2019_2019-05-12_2019-05-24,Calm_2019,CAPPED_minmax_IFw1080q030_AEw720q990,5,7,289,-2,17.301038,24.221453,-6.920415
Calm_2019_2019-05-12_2019-05-24,Calm_2019,CAPPED_minmax_IFw1440q010_AEw1080q950,6,7,289,-1,20.761246,24.221453,-3.460207
Calm_2019_2019-05-12_2019-05-24,Calm_2019,CAPPED_minmax_IFw1440q010_AEw1080q975,3,7,289,-4,10.380623,24.221453,-13.84083
Calm_2019_2019-05-12_2019-05-24,Calm_2019,CAPPED_minmax_IFw1440q010_AEw1080q990,2,7,289,-5,6.920415,24.221453,-17.301038
Calm_2019_2019-05-12_2019-05-24,Calm_2019,CAPPED_minmax_IFw1440q010_AEw336q950,6,7,289,-1,20.761246,24.221453,-3.460207
Calm_2019_2019-05-12_2019-05-24,Calm_2019,CAPPED_minmax_IFw1440q010_AEw336q975,2,7,289,-5,6.920415,24.221453,-17.301038
Calm_2019_2019-05-12_2019-05-24,Calm_2019,CAPPED_minmax_IFw1440q010_AEw336q990,2,7,289,-5,6.920415,24.221453,-17.301038
Calm_2019_2019-05-12_2019-05-24,Calm_2019,CAPPED_minmax_IFw1440q010_AEw720q950,5,7,289,-2,17.301038,24.221453,-6.920415
Calm_2019_2019-05-12_2019-05-24,Calm_2019,CAPPED_minmax_IFw1440q010_AEw720q975,2,7,289,-5,6.920415,24.221453,-17.301038
Calm_2019_2019-05-12_2019-05-24,Calm_2019,CAPPED_minmax_IFw1440q010_AEw720q990,2,7,289,-5,6.920415,24.221453,-17.301038
Calm_2019_2019-05-12_2019-05-24,Calm_2019,CAPPED_minmax_IFw1440q030_AEw1080q950,10,7,289,3,34.602076,24.221453,10.380623
Calm_2019_2019-05-12_2019-05-24,Calm_2019,CAPPED_minmax_IFw1440q030_AEw1080q975,7,7,289,0,24.221453,24.221453,0.0
Calm_2019_2019-05-12_2019-05-24,Calm_2019,CAPPED_minmax_IFw1440q030_AEw1080q990,6,7,289,-1,20.761246,24.221453,-3.460207
Calm_2019_2019-05-12_2019-05-24,Calm_2019,CAPPED_minmax_IFw1440q030_AEw336q950,10,7,289,3,34.602076,24.221453,10.380623
Calm_2019_2019-05-12_2019-05-24,Calm_2019,CAPPED_minmax_IFw1440q030_AEw336q975,6,7,289,-1,20.761246,24.221453,-3.460207
Calm_2019_2019-05-12_2019-05-24,Calm_2019,CAPPED_minmax_IFw1440q030_AEw336q990,6,7,289,-1,20.761246,24.221453,-3.460207
Calm_2019_2019-05-12_2019-05-24,Calm_2019,CAPPED_minmax_IFw1440q030_AEw720q950,9,7,289,2,31.141869,24.221453,6.920416
Calm_2019_2019-05-12_2019-05-24,Calm_2019,CAPPED_minmax_IFw1440q030_AEw720q975,6,7,289,-1,20.761246,24.221453,-3.460207
Calm_2019_2019-05-12_2019-05-24,Calm_2019,CAPPED_minmax_IFw1440q030_AEw720q990,6,7,289,-1,20.761246,24.221453,-3.460207
Calm_2019_2019-05-12_2019-05-24,Calm_2019,CAPPED_minmax_IFw336q010_AEw1080q950,6,7,289,-1,20.761246,24.221453,-3.460207
Calm_2019_2019-05-12_2019-05-24,Calm_2019,CAPPED_minmax_IFw336q010_AEw1080q975,3,7,289,-4,10.380623,24.221453,-13.84083
Calm_2019_2019-05-12_2019-05-24,Calm_2019,CAPPED_minmax_IFw336q010_AEw1080q990,2,7,289,-5,6.920415,24.221453,-17.301038
Calm_2019_2019-05-12_2019-05-24,Calm_2019,CAPPED_minmax_IFw336q010_AEw336q950,6,7,289,-1,20.761246,24.221453,-3.460207
Calm_2019_2019-05-12_2019-05-24,Calm_2019,CAPPED_minmax_IFw336q010_AEw336q975,2,7,289,-5,6.920415,24.221453,-17.301038
Calm_2019_2019-05-12_2019-05-24,Calm_2019,CAPPED_minmax_IFw336q010_AEw336q990,2,7,289,-5,6.920415,24.221453,-17.301038
Calm_2019_2019-05-12_2019-05-24,Calm_2019,CAPPED_minmax_IFw336q010_AEw720q950,5,7,289,-2,17.301038,24.221453,-6.920415
Calm_2019_2019-05-12_2019-05-24,Calm_2019,CAPPED_minmax_IFw336q010_AEw720q975,2,7,289,-5,6.920415,24.221453,-17.301038
Calm_2019_2019-05-12_2019-05-24,Calm_2019,CAPPED_minmax_IFw336q010_AEw720q990,2,7,289,-5,6.920415,24.221453,-17.301038
Calm_2019_2019-05-12_2019-05-24,Calm_2019,CAPPED_minmax_IFw336q030_AEw1080q950,7,7,289,0,24.221453,24.221453,0.0
Calm_2019_2019-05-12_2019-05-24,Calm_2019,CAPPED_minmax_IFw336q030_AEw1080q975,4,7,289,-3,13.84083,24.221453,-10.380623
Calm_2019_2019-05-12_2019-05-24,Calm_2019,CAPPED_minmax_IFw336q030_AEw1080q990,3,7,289,-4,10.380623,24.221453,-13.84083
Calm_2019_2019-05-12_2019-05-24,Calm_2019,CAPPED_minmax_IFw336q030_AEw336q950,7,7,289,0,24.221453,24.221453,0.0
Calm_2019_2019-05-12_2019-05-24,Calm_2019,CAPPED_minmax_IFw336q030_AEw336q975,3,7,289,-4,10.380623,24.221453,-13.84083
Calm_2019_2019-05-12_2019-05-24,Calm_2019,CAPPED_minmax_IFw336q030_AEw336q990,3,7,289,-4,10.380623,24.221453,-13.84083
Calm_2019_2019-05-12_2019-05-24,Calm_2019,CAPPED_minmax_IFw336q030_AEw720q950,6,7,289,-1,20.761246,24.221453,-3.460207
Calm_2019_2019-05-12_2019-05-24,Calm_2019,CAPPED_minmax_IFw336q030_AEw720q975,3,7,289,-4,10.380623,24.221453,-13.84083
Calm_2019_2019-05-12_2019-05-24,Calm_2019,CAPPED_minmax_IFw336q030_AEw720q990,3,7,289,-4,10.380623,24.221453,-13.84083
Calm_2019_2019-05-12_2019-05-24,Calm_2019,CAPPED_minmax_IFw720q010_AEw1080q950,6,7,289,-1,20.761246,24.221453,-3.460207
Calm_2019_2019-05-12_2019-05-24,Calm_2019,CAPPED_minmax_IFw720q010_AEw1080q975,3,7,289,-4,10.380623,24.221453,-13.84083
Calm_2019_2019-05-12_2019-05-24,Calm_2019,CAPPED_minmax_IFw720q010_AEw1080q990,2,7,289,-5,6.920415,24.221453,-17.301038
Calm_2019_2019-05-12_2019-05-24,Calm_2019,CAPPED_minmax_IFw720q010_AEw336q950,6,7,289,-1,20.761246,24.221453,-3.460207
Calm_2019_2019-05-12_2019-05-24,Calm_2019,CAPPED_minmax_IFw720q010_AEw336q975,2,7,289,-5,6.920415,24.221453,-17.301038
Calm_2019_2019-05-12_2019-05-24,Calm_2019,CAPPED_minmax_IFw720q010_AEw336q990,2,7,289,-5,6.920415,24.221453,-17.301038
Calm_2019_2019-05-12_2019-05-24,Calm_2019,CAPPED_minmax_IFw720q010_AEw720q950,5,7,289,-2,17.301038,24.221453,-6.920415
Calm_2019_2019-05-12_2019-05-24,Calm_2019,CAPPED_minmax_IFw720q010_AEw720q975,2,7,289,-5,6.920415,24.221453,-17.301038
Calm_2019_2019-05-12_2019-05-24,Calm_2019,CAPPED_minmax_IFw720q010_AEw720q990,2,7,289,-5,6.920415,24.221453,-17.301038
Calm_2019_2019-05-12_2019-05-24,Calm_2019,CAPPED_minmax_IFw720q030_AEw1080q950,9,7,289,2,31.141869,24.221453,6.920416
Calm_2019_2019-05-12_2019-05-24,Calm_2019,CAPPED_minmax_IFw720q030_AEw1080q975,6,7,289,-1,20.761246,24.221453,-3.460207
Calm_2019_2019-05-12_2019-05-24,Calm_2019,CAPPED_minmax_IFw720q030_AEw1080q990,5,7,289,-2,17.301038,24.221453,-6.920415
Calm_2019_2019-05-12_2019-05-24,Calm_2019,CAPPED_minmax_IFw720q030_AEw336q950,9,7,289,2,31.141869,24.221453,6.920416
Calm_2019_2019-05-12_2019-05-24,Calm_2019,CAPPED_minmax_IFw720q030_AEw336q975,5,7,289,-2,17.301038,24.221453,-6.920415
Calm_2019_2019-05-12_2019-05-24,Calm_2019,CAPPED_minmax_IFw720q030_AEw336q990,5,7,289,-2,17.301038,24.221453,-6.920415
Calm_2019_2019-05-12_2019-05-24,Calm_2019,CAPPED_minmax_IFw720q030_AEw720q950,8,7,289,1,27.681661,24.221453,3.460208
Calm_2019_2019-05-12_2019-05-24,Calm_2019,CAPPED_minmax_IFw720q030_AEw720q975,5,7,289,-2,17.301038,24.221453,-6.920415
Calm_2019_2019-05-12_2019-05-24,Calm_2019,CAPPED_minmax_IFw720q030_AEw720q990,5,7,289,-2,17.301038,24.221453,-6.920415
Calm_2019_2019-05-12_2019-05-24,Calm_2019,DWELL_PATTERN_IFw1080q010_AEw1080q950,3,7,289,-4,10.380623,24.221453,-13.84083
Calm_2019_2019-05-12_2019-05-24,Calm_2019,DWELL_PATTERN_IFw1080q010_AEw1080q975,1,7,289,-6,3.460208,24.221453,-20.761245
Calm_2019_2019-05-12_2019-05-24,Calm_2019,DWELL_PATTERN_IFw1080q010_AEw1080q990,1,7,289,-6,3.460208,24.221453,-20.761245
Calm_2019_2019-05-12_2019-05-24,Calm_2019,DWELL_PATTERN_IFw1080q010_AEw336q950,3,7,289,-4,10.380623,24.221453,-13.84083
Calm_2019_2019-05-12_2019-05-24,Calm_2019,DWELL_PATTERN_IFw1080q010_AEw336q975,1,7,289,-6,3.460208,24.221453,-20.761245
Calm_2019_2019-05-12_2019-05-24,Calm_2019,DWELL_PATTERN_IFw1080q010_AEw336q990,1,7,289,-6,3.460208,24.221453,-20.761245
Calm_2019_2019-05-12_2019-05-24,Calm_2019,DWELL_PATTERN_IFw1080q010_AEw720q950,2,7,289,-5,6.920415,24.221453,-17.301038
Calm_2019_2019-05-12_2019-05-24,Calm_2019,DWELL_PATTERN_IFw1080q010_AEw720q975,1,7,289,-6,3.460208,24.221453,-20.761245
Calm_2019_2019-05-12_2019-05-24,Calm_2019,DWELL_PATTERN_IFw1080q010_AEw720q990,1,7,289,-6,3.460208,24.221453,-20.761245
Calm_2019_2019-05-12_2019-05-24,Calm_2019,DWELL_PATTERN_IFw1080q030_AEw1080q950,7,7,289,0,24.221453,24.221453,0.0
Calm_2019_2019-05-12_2019-05-24,Calm_2019,DWELL_PATTERN_IFw1080q030_AEw1080q975,5,7,289,-2,17.301038,24.221453,-6.920415
Calm_2019_2019-05-12_2019-05-24,Calm_2019,DWELL_PATTERN_IFw1080q030_AEw1080q990,5,7,289,-2,17.301038,24.221453,-6.920415
Calm_2019_2019-05-12_2019-05-24,Calm_2019,DWELL_PATTERN_IFw1080q030_AEw336q950,7,7,289,0,24.221453,24.221453,0.0
Calm_2019_2019-05-12_2019-05-24,Calm_2019,DWELL_PATTERN_IFw1080q030_AEw336q975,5,7,289,-2,17.301038,24.221453,-6.920415
Calm_2019_2019-05-12_2019-05-24,Calm_2019,DWELL_PATTERN_IFw1080q030_AEw336q990,5,7,289,-2,17.301038,24.221453,-6.920415
Calm_2019_2019-05-12_2019-05-24,Calm_2019,DWELL_PATTERN_IFw1080q030_AEw720q950,6,7,289,-1,20.761246,24.221453,-3.460207
Calm_2019_2019-05-12_2019-05-24,Calm_2019,DWELL_PATTERN_IFw1080q030_AEw720q975,5,7,289,-2,17.301038,24.221453,-6.920415
Calm_2019_2019-05-12_2019-05-24,Calm_2019,DWELL_PATTERN_IFw1080q030_AEw720q990,5,7,289,-2,17.301038,24.221453,-6.920415
Calm_2019_2019-05-12_2019-05-24,Calm_2019,DWELL_PATTERN_IFw1440q010_AEw1080q950,4,7,289,-3,13.84083,24.221453,-10.380623
Calm_2019_2019-05-12_2019-05-24,Calm_2019,DWELL_PATTERN_IFw1440q010_AEw1080q975,2,7,289,-5,6.920415,24.221453,-17.301038
Calm_2019_2019-05-12_2019-05-24,Calm_2019,DWELL_PATTERN_IFw1440q010_AEw1080q990,2,7,289,-5,6.920415,24.221453,-17.301038
Calm_2019_2019-05-12_2019-05-24,Calm_2019,DWELL_PATTERN_IFw1440q010_AEw336q950,4,7,289,-3,13.84083,24.221453,-10.380623
Calm_2019_2019-05-12_2019-05-24,Calm_2019,DWELL_PATTERN_IFw1440q010_AEw336q975,2,7,289,-5,6.920415,24.221453,-17.301038
Calm_2019_2019-05-12_2019-05-24,Calm_2019,DWELL_PATTERN_IFw1440q010_AEw336q990,2,7,289,-5,6.920415,24.221453,-17.301038
Calm_2019_2019-05-12_2019-05-24,Calm_2019,DWELL_PATTERN_IFw1440q010_AEw720q950,3,7,289,-4,10.380623,24.221453,-13.84083
Calm_2019_2019-05-12_2019-05-24,Calm_2019,DWELL_PATTERN_IFw1440q010_AEw720q975,2,7,289,-5,6.920415,24.221453,-17.301038
Calm_2019_2019-05-12_2019-05-24,Calm_2019,DWELL_PATTERN_IFw1440q010_AEw720q990,2,7,289,-5,6.920415,24.221453,-17.301038
Calm_2019_2019-05-12_2019-05-24,Calm_2019,DWELL_PATTERN_IFw1440q030_AEw1080q950,8,7,289,1,27.681661,24.221453,3.460208
Calm_2019_2019-05-12_2019-05-24,Calm_2019,DWELL_PATTERN_IFw1440q030_AEw1080q975,6,7,289,-1,20.761246,24.221453,-3.460207
Calm_2019_2019-05-12_2019-05-24,Calm_2019,DWELL_PATTERN_IFw1440q030_AEw1080q990,6,7,289,-1,20.761246,24.221453,-3.460207
Calm_2019_2019-05-12_2019-05-24,Calm_2019,DWELL_PATTERN_IFw1440q030_AEw336q950,8,7,289,1,27.681661,24.221453,3.460208
Calm_2019_2019-05-12_2019-05-24,Calm_2019,DWELL_PATTERN_IFw1440q030_AEw336q975,6,7,289,-1,20.761246,24.221453,-3.460207
Calm_2019_2019-05-12_2019-05-24,Calm_2019,DWELL_PATTERN_IFw1440q030_AEw336q990,6,7,289,-1,20.761246,24.221453,-3.460207
Calm_2019_2019-05-12_2019-05-24,Calm_2019,DWELL_PATTERN_IFw1440q030_AEw720q950,7,7,289,0,24.221453,24.221453,0.0
Calm_2019_2019-05-12_2019-05-24,Calm_2019,DWELL_PATTERN_IFw1440q030_AEw720q975,6,7,289,-1,20.761246,24.221453,-3.460207
Calm_2019_2019-05-12_2019-05-24,Calm_2019,DWELL_PATTERN_IFw1440q030_AEw720q990,6,7,289,-1,20.761246,24.221453,-3.460207
Calm_2019_2019-05-12_2019-05-24,Calm_2019,DWELL_PATTERN_IFw336q010_AEw1080q950,4,7,289,-3,13.84083,24.221453,-10.380623
Calm_2019_2019-05-12_2019-05-24,Calm_2019,DWELL_PATTERN_IFw336q010_AEw1080q975,2,7,289,-5,6.920415,24.221453,-17.301038
Calm_2019_2019-05-12_2019-05-24,Calm_2019,DWELL_PATTERN_IFw336q010_AEw1080q990,2,7,289,-5,6.920415,24.221453,-17.301038
Calm_2019_2019-05-12_2019-05-24,Calm_2019,DWELL_PATTERN_IFw336q010_AEw336q950,4,7,289,-3,13.84083,24.221453,-10.380623
Calm_2019_2019-05-12_2019-05-24,Calm_2019,DWELL_PATTERN_IFw336q010_AEw336q975,2,7,289,-5,6.920415,24.221453,-17.301038
Calm_2019_2019-05-12_2019-05-24,Calm_2019,DWELL_PATTERN_IFw336q010_AEw336q990,2,7,289,-5,6.920415,24.221453,-17.301038
Calm_2019_2019-05-12_2019-05-24,Calm_2019,DWELL_PATTERN_IFw336q010_AEw720q950,3,7,289,-4,10.380623,24.221453,-13.84083
Calm_2019_2019-05-12_2019-05-24,Calm_2019,DWELL_PATTERN_IFw336q010_AEw720q975,2,7,289,-5,6.920415,24.221453,-17.301038
Calm_2019_2019-05-12_2019-05-24,Calm_2019,DWELL_PATTERN_IFw336q010_AEw720q990,2,7,289,-5,6.920415,24.221453,-17.301038
Calm_2019_2019-05-12_2019-05-24,Calm_2019,DWELL_PATTERN_IFw336q030_AEw1080q950,5,7,289,-2,17.301038,24.221453,-6.920415
Calm_2019_2019-05-12_2019-05-24,Calm_2019,DWELL_PATTERN_IFw336q030_AEw1080q975,3,7,289,-4,10.380623,24.221453,-13.84083
Calm_2019_2019-05-12_2019-05-24,Calm_2019,DWELL_PATTERN_IFw336q030_AEw1080q990,3,7,289,-4,10.380623,24.221453,-13.84083
Calm_2019_2019-05-12_2019-05-24,Calm_2019,DWELL_PATTERN_IFw336q030_AEw336q950,5,7,289,-2,17.301038,24.221453,-6.920415
Calm_2019_2019-05-12_2019-05-24,Calm_2019,DWELL_PATTERN_IFw336q030_AEw336q975,3,7,289,-4,10.380623,24.221453,-13.84083
Calm_2019_2019-05-12_2019-05-24,Calm_2019,DWELL_PATTERN_IFw336q030_AEw336q990,3,7,289,-4,10.380623,24.221453,-13.84083
Calm_2019_2019-05-12_2019-05-24,Calm_2019,DWELL_PATTERN_IFw336q030_AEw720q950,4,7,289,-3,13.84083,24.221453,-10.380623
Calm_2019_2019-05-12_2019-05-24,Calm_2019,DWELL_PATTERN_IFw336q030_AEw720q975,3,7,289,-4,10.380623,24.221453,-13.84083
Calm_2019_2019-05-12_2019-05-24,Calm_2019,DWELL_PATTERN_IFw336q030_AEw720q990,3,7,289,-4,10.380623,24.221453,-13.84083
Calm_2019_2019-05-12_2019-05-24,Calm_2019,DWELL_PATTERN_IFw720q010_AEw1080q950,4,7,289,-3,13.84083,24.221453,-10.380623
Calm_2019_2019-05-12_2019-05-24,Calm_2019,DWELL_PATTERN_IFw720q010_AEw1080q975,2,7,289,-5,6.920415,24.221453,-17.301038
Calm_2019_2019-05-12_2019-05-24,Calm_2019,DWELL_PATTERN_IFw720q010_AEw1080q990,2,7,289,-5,6.920415,24.221453,-17.301038
Calm_2019_2019-05-12_2019-05-24,Calm_2019,DWELL_PATTERN_IFw720q010_AEw336q950,4,7,289,-3,13.84083,24.221453,-10.380623
Calm_2019_2019-05-12_2019-05-24,Calm_2019,DWELL_PATTERN_IFw720q010_AEw336q975,2,7,289,-5,6.920415,24.221453,-17.301038
Calm_2019_2019-05-12_2019-05-24,Calm_2019,DWELL_PATTERN_IFw720q010_AEw336q990,2,7,289,-5,6.920415,24.221453,-17.301038
Calm_2019_2019-05-12_2019-05-24,Calm_2019,DWELL_PATTERN_IFw720q010_AEw720q950,3,7,289,-4,10.380623,24.221453,-13.84083
Calm_2019_2019-05-12_2019-05-24,Calm_2019,DWELL_PATTERN_IFw720q010_AEw720q975,2,7,289,-5,6.920415,24.221453,-17.301038
Calm_2019_2019-05-12_2019-05-24,Calm_2019,DWELL_PATTERN_IFw720q010_AEw720q990,2,7,289,-5,6.920415,24.221453,-17.301038
Calm_2019_2019-05-12_2019-05-24,Calm_2019,DWELL_PATTERN_IFw720q030_AEw1080q950,7,7,289,0,24.221453,24.221453,0.0
Calm_2019_2019-05-12_2019-05-24,Calm_2019,DWELL_PATTERN_IFw720q030_AEw1080q975,5,7,289,-2,17.301038,24.221453,-6.920415
Calm_2019_2019-05-12_2019-05-24,Calm_2019,DWELL_PATTERN_IFw720q030_AEw1080q990,5,7,289,-2,17.301038,24.221453,-6.920415
Calm_2019_2019-05-12_2019-05-24,Calm_2019,DWELL_PATTERN_IFw720q030_AEw336q950,7,7,289,0,24.221453,24.221453,0.0
Calm_2019_2019-05-12_2019-05-24,Calm_2019,DWELL_PATTERN_IFw720q030_AEw336q975,5,7,289,-2,17.301038,24.221453,-6.920415
Calm_2019_2019-05-12_2019-05-24,Calm_2019,DWELL_PATTERN_IFw720q030_AEw336q990,5,7,289,-2,17.301038,24.221453,-6.920415
Calm_2019_2019-05-12_2019-05-24,Calm_2019,DWELL_PATTERN_IFw720q030_AEw720q950,6,7,289,-1,20.761246,24.221453,-3.460207
Calm_2019_2019-05-12_2019-05-24,Calm_2019,DWELL_PATTERN_IFw720q030_AEw720q975,5,7,289,-2,17.301038,24.221453,-6.920415
Calm_2019_2019-05-12_2019-05-24,Calm_2019,DWELL_PATTERN_IFw720q030_AEw720q990,5,7,289,-2,17.301038,24.221453,-6.920415
Calm_2019_2019-05-12_2019-05-24,Calm_2019,adaptive_IFw1080q010_AEw1080q950,7,7,289,0,24.221453,24.221453,0.0
Calm_2019_2019-05-12_2019-05-24,Calm_2019,adaptive_IFw1080q010_AEw1080q975,2,7,289,-5,6.920415,24.221453,-17.301038
Calm_2019_2019-05-12_2019-05-24,Calm_2019,adaptive_IFw1080q010_AEw1080q990,1,7,289,-6,3.460208,24.221453,-20.761245
Calm_2019_2019-05-12_2019-05-24,Calm_2019,adaptive_IFw1080q010_AEw336q950,5,7,289,-2,17.301038,24.221453,-6.920415
Calm_2019_2019-05-12_2019-05-24,Calm_2019,adaptive_IFw1080q010_AEw336q975,1,7,289,-6,3.460208,24.221453,-20.761245
Calm_2019_2019-05-12_2019-05-24,Calm_2019,adaptive_IFw1080q010_AEw336q990,1,7,289,-6,3.460208,24.221453,-20.761245
Calm_2019_2019-05-12_2019-05-24,Calm_2019,adaptive_IFw1080q010_AEw720q950,4,7,289,-3,13.84083,24.221453,-10.380623
Calm_2019_2019-05-12_2019-05-24,Calm_2019,adaptive_IFw1080q010_AEw720q975,1,7,289,-6,3.460208,24.221453,-20.761245
Calm_2019_2019-05-12_2019-05-24,Calm_2019,adaptive_IFw1080q010_AEw720q990,1,7,289,-6,3.460208,24.221453,-20.761245
Calm_2019_2019-05-12_2019-05-24,Calm_2019,adaptive_IFw1080q030_AEw1080q950,13,7,289,6,44.982699,24.221453,20.761246
Calm_2019_2019-05-12_2019-05-24,Calm_2019,adaptive_IFw1080q030_AEw1080q975,8,7,289,1,27.681661,24.221453,3.460208
Calm_2019_2019-05-12_2019-05-24,Calm_2019,adaptive_IFw1080q030_AEw1080q990,7,7,289,0,24.221453,24.221453,0.0
Calm_2019_2019-05-12_2019-05-24,Calm_2019,adaptive_IFw1080q030_AEw336q950,11,7,289,4,38.062284,24.221453,13.840831
Calm_2019_2019-05-12_2019-05-24,Calm_2019,adaptive_IFw1080q030_AEw336q975,7,7,289,0,24.221453,24.221453,0.0
Calm_2019_2019-05-12_2019-05-24,Calm_2019,adaptive_IFw1080q030_AEw336q990,7,7,289,0,24.221453,24.221453,0.0
Calm_2019_2019-05-12_2019-05-24,Calm_2019,adaptive_IFw1080q030_AEw720q950,10,7,289,3,34.602076,24.221453,10.380623
Calm_2019_2019-05-12_2019-05-24,Calm_2019,adaptive_IFw1080q030_AEw720q975,7,7,289,0,24.221453,24.221453,0.0
Calm_2019_2019-05-12_2019-05-24,Calm_2019,adaptive_IFw1080q030_AEw720q990,7,7,289,0,24.221453,24.221453,0.0
Calm_2019_2019-05-12_2019-05-24,Calm_2019,adaptive_IFw1440q010_AEw1080q950,8,7,289,1,27.681661,24.221453,3.460208
Calm_2019_2019-05-12_2019-05-24,Calm_2019,adaptive_IFw1440q010_AEw1080q975,3,7,289,-4,10.380623,24.221453,-13.84083
Calm_2019_2019-05-12_2019-05-24,Calm_2019,adaptive_IFw1440q010_AEw1080q990,2,7,289,-5,6.920415,24.221453,-17.301038
Calm_2019_2019-05-12_2019-05-24,Calm_2019,adaptive_IFw1440q010_AEw336q950,6,7,289,-1,20.761246,24.221453,-3.460207
Calm_2019_2019-05-12_2019-05-24,Calm_2019,adaptive_IFw1440q010_AEw336q975,2,7,289,-5,6.920415,24.221453,-17.301038
Calm_2019_2019-05-12_2019-05-24,Calm_2019,adaptive_IFw1440q010_AEw336q990,2,7,289,-5,6.920415,24.221453,-17.301038
Calm_2019_2019-05-12_2019-05-24,Calm_2019,adaptive_IFw1440q010_AEw720q950,5,7,289,-2,17.301038,24.221453,-6.920415
Calm_2019_2019-05-12_2019-05-24,Calm_2019,adaptive_IFw1440q010_AEw720q975,2,7,289,-5,6.920415,24.221453,-17.301038
Calm_2019_2019-05-12_2019-05-24,Calm_2019,adaptive_IFw1440q010_AEw720q990,2,7,289,-5,6.920415,24.221453,-17.301038
Calm_2019_2019-05-12_2019-05-24,Calm_2019,adaptive_IFw1440q030_AEw1080q950,14,7,289,7,48.442907,24.221453,24.221454
Calm_2019_2019-05-12_2019-05-24,Calm_2019,adaptive_IFw1440q030_AEw1080q975,9,7,289,2,31.141869,24.221453,6.920416
Calm_2019_2019-05-12_2019-05-24,Calm_2019,adaptive_IFw1440q030_AEw1080q990,8,7,289,1,27.681661,24.221453,3.460208
Calm_2019_2019-05-12_2019-05-24,Calm_2019,adaptive_IFw1440q030_AEw336q950,12,7,289,5,41.522491,24.221453,17.301038
Calm_2019_2019-05-12_2019-05-24,Calm_2019,adaptive_IFw1440q030_AEw336q975,8,7,289,1,27.681661,24.221453,3.460208
Calm_2019_2019-05-12_2019-05-24,Calm_2019,adaptive_IFw1440q030_AEw336q990,8,7,289,1,27.681661,24.221453,3.460208
Calm_2019_2019-05-12_2019-05-24,Calm_2019,adaptive_IFw1440q030_AEw720q950,11,7,289,4,38.062284,24.221453,13.840831
Calm_2019_2019-05-12_2019-05-24,Calm_2019,adaptive_IFw1440q030_AEw720q975,8,7,289,1,27.681661,24.221453,3.460208
Calm_2019_2019-05-12_2019-05-24,Calm_2019,adaptive_IFw1440q030_AEw720q990,8,7,289,1,27.681661,24.221453,3.460208
Calm_2019_2019-05-12_2019-05-24,Calm_2019,adaptive_IFw336q010_AEw1080q950,8,7,289,1,27.681661,24.221453,3.460208
Calm_2019_2019-05-12_2019-05-24,Calm_2019,adaptive_IFw336q010_AEw1080q975,3,7,289,-4,10.380623,24.221453,-13.84083
Calm_2019_2019-05-12_2019-05-24,Calm_2019,adaptive_IFw336q010_AEw1080q990,2,7,289,-5,6.920415,24.221453,-17.301038
Calm_2019_2019-05-12_2019-05-24,Calm_2019,adaptive_IFw336q010_AEw336q950,6,7,289,-1,20.761246,24.221453,-3.460207
Calm_2019_2019-05-12_2019-05-24,Calm_2019,adaptive_IFw336q010_AEw336q975,2,7,289,-5,6.920415,24.221453,-17.301038
Calm_2019_2019-05-12_2019-05-24,Calm_2019,adaptive_IFw336q010_AEw336q990,2,7,289,-5,6.920415,24.221453,-17.301038
Calm_2019_2019-05-12_2019-05-24,Calm_2019,adaptive_IFw336q010_AEw720q950,5,7,289,-2,17.301038,24.221453,-6.920415
Calm_2019_2019-05-12_2019-05-24,Calm_2019,adaptive_IFw336q010_AEw720q975,2,7,289,-5,6.920415,24.221453,-17.301038
Calm_2019_2019-05-12_2019-05-24,Calm_2019,adaptive_IFw336q010_AEw720q990,2,7,289,-5,6.920415,24.221453,-17.301038
Calm_2019_2019-05-12_2019-05-24,Calm_2019,adaptive_IFw336q030_AEw1080q950,13,7,289,6,44.982699,24.221453,20.761246
Calm_2019_2019-05-12_2019-05-24,Calm_2019,adaptive_IFw336q030_AEw1080q975,8,7,289,1,27.681661,24.221453,3.460208
Calm_2019_2019-05-12_2019-05-24,Calm_2019,adaptive_IFw336q030_AEw1080q990,7,7,289,0,24.221453,24.221453,0.0
Calm_2019_2019-05-12_2019-05-24,Calm_2019,adaptive_IFw336q030_AEw336q950,11,7,289,4,38.062284,24.221453,13.840831
Calm_2019_2019-05-12_2019-05-24,Calm_2019,adaptive_IFw336q030_AEw336q975,7,7,289,0,24.221453,24.221453,0.0
Calm_2019_2019-05-12_2019-05-24,Calm_2019,adaptive_IFw336q030_AEw336q990,7,7,289,0,24.221453,24.221453,0.0
Calm_2019_2019-05-12_2019-05-24,Calm_2019,adaptive_IFw336q030_AEw720q950,10,7,289,3,34.602076,24.221453,10.380623
Calm_2019_2019-05-12_2019-05-24,Calm_2019,adaptive_IFw336q030_AEw720q975,7,7,289,0,24.221453,24.221453,0.0
Calm_2019_2019-05-12_2019-05-24,Calm_2019,adaptive_IFw336q030_AEw720q990,7,7,289,0,24.221453,24.221453,0.0
Calm_2019_2019-05-12_2019-05-24,Calm_2019,adaptive_IFw720q010_AEw1080q950,8,7,289,1,27.681661,24.221453,3.460208
Calm_2019_2019-05-12_2019-05-24,Calm_2019,adaptive_IFw720q010_AEw1080q975,3,7,289,-4,10.380623,24.221453,-13.84083
Calm_2019_2019-05-12_2019-05-24,Calm_2019,adaptive_IFw720q010_AEw1080q990,2,7,289,-5,6.920415,24.221453,-17.301038
Calm_2019_2019-05-12_2019-05-24,Calm_2019,adaptive_IFw720q010_AEw336q950,6,7,289,-1,20.761246,24.221453,-3.460207
Calm_2019_2019-05-12_2019-05-24,Calm_2019,adaptive_IFw720q010_AEw336q975,2,7,289,-5,6.920415,24.221453,-17.301038
Calm_2019_2019-05-12_2019-05-24,Calm_2019,adaptive_IFw720q010_AEw336q990,2,7,289,-5,6.920415,24.221453,-17.301038
Calm_2019_2019-05-12_2019-05-24,Calm_2019,adaptive_IFw720q010_AEw720q950,5,7,289,-2,17.301038,24.221453,-6.920415
Calm_2019_2019-05-12_2019-05-24,Calm_2019,adaptive_IFw720q010_AEw720q975,2,7,289,-5,6.920415,24.221453,-17.301038
Calm_2019_2019-05-12_2019-05-24,Calm_2019,adaptive_IFw720q010_AEw720q990,2,7,289,-5,6.920415,24.221453,-17.301038
Calm_2019_2019-05-12_2019-05-24,Calm_2019,adaptive_IFw720q030_AEw1080q950,14,7,289,7,48.442907,24.221453,24.221454
Calm_2019_2019-05-12_2019-05-24,Calm_2019,adaptive_IFw720q030_AEw1080q975,9,7,289,2,31.141869,24.221453,6.920416
Calm_2019_2019-05-12_2019-05-24,Calm_2019,adaptive_IFw720q030_AEw1080q990,8,7,289,1,27.681661,24.221453,3.460208
Calm_2019_2019-05-12_2019-05-24,Calm_2019,adaptive_IFw720q030_AEw336q950,12,7,289,5,41.522491,24.221453,17.301038
Calm_2019_2019-05-12_2019-05-24,Calm_2019,adaptive_IFw720q030_AEw336q975,8,7,289,1,27.681661,24.221453,3.460208
Calm_2019_2019-05-12_2019-05-24,Calm_2019,adaptive_IFw720q030_AEw336q990,8,7,289,1,27.681661,24.221453,3.460208
Calm_2019_2019-05-12_2019-05-24,Calm_2019,adaptive_IFw720q030_AEw720q950,11,7,289,4,38.062284,24.221453,13.840831
Calm_2019_2019-05-12_2019-05-24,Calm_2019,adaptive_IFw720q030_AEw720q975,8,7,289,1,27.681661,24.221453,3.460208
Calm_2019_2019-05-12_2019-05-24,Calm_2019,adaptive_IFw720q030_AEw720q990,8,7,289,1,27.681661,24.221453,3.460208
Calm_2020_2020-04-19_2020-04-25,Calm_2020,CAPPED_minmax_IFw1080q010_AEw1080q950,0,0,145,0,0.0,0.0,0.0
Calm_2020_2020-04-19_2020-04-25,Calm_2020,CAPPED_minmax_IFw1080q010_AEw1080q975,0,0,145,0,0.0,0.0,0.0
Calm_2020_2020-04-19_2020-04-25,Calm_2020,CAPPED_minmax_IFw1080q010_AEw1080q990,0,0,145,0,0.0,0.0,0.0
Calm_2020_2020-04-19_2020-04-25,Calm_2020,CAPPED_minmax_IFw1080q010_AEw336q950,4,0,145,4,27.586207,0.0,27.586207
Calm_2020_2020-04-19_2020-04-25,Calm_2020,CAPPED_minmax_IFw1080q010_AEw336q975,1,0,145,1,6.896552,0.0,6.896552
Calm_2020_2020-04-19_2020-04-25,Calm_2020,CAPPED_minmax_IFw1080q010_AEw336q990,0,0,145,0,0.0,0.0,0.0
Calm_2020_2020-04-19_2020-04-25,Calm_2020,CAPPED_minmax_IFw1080q010_AEw720q950,0,0,145,0,0.0,0.0,0.0
Calm_2020_2020-04-19_2020-04-25,Calm_2020,CAPPED_minmax_IFw1080q010_AEw720q975,0,0,145,0,0.0,0.0,0.0
Calm_2020_2020-04-19_2020-04-25,Calm_2020,CAPPED_minmax_IFw1080q010_AEw720q990,0,0,145,0,0.0,0.0,0.0
Calm_2020_2020-04-19_2020-04-25,Calm_2020,CAPPED_minmax_IFw1080q030_AEw1080q950,0,0,145,0,0.0,0.0,0.0
Calm_2020_2020-04-19_2020-04-25,Calm_2020,CAPPED_minmax_IFw1080q030_AEw1080q975,0,0,145,0,0.0,0.0,0.0
Calm_2020_2020-04-19_2020-04-25,Calm_2020,CAPPED_minmax_IFw1080q030_AEw1080q990,0,0,145,0,0.0,0.0,0.0
Calm_2020_2020-04-19_2020-04-25,Calm_2020,CAPPED_minmax_IFw1080q030_AEw336q950,4,0,145,4,27.586207,0.0,27.586207
Calm_2020_2020-04-19_2020-04-25,Calm_2020,CAPPED_minmax_IFw1080q030_AEw336q975,1,0,145,1,6.896552,0.0,6.896552
Calm_2020_2020-04-19_2020-04-25,Calm_2020,CAPPED_minmax_IFw1080q030_AEw336q990,0,0,145,0,0.0,0.0,0.0
Calm_2020_2020-04-19_2020-04-25,Calm_2020,CAPPED_minmax_IFw1080q030_AEw720q950,0,0,145,0,0.0,0.0,0.0
Calm_2020_2020-04-19_2020-04-25,Calm_2020,CAPPED_minmax_IFw1080q030_AEw720q975,0,0,145,0,0.0,0.0,0.0
Calm_2020_2020-04-19_2020-04-25,Calm_2020,CAPPED_minmax_IFw1080q030_AEw720q990,0,0,145,0,0.0,0.0,0.0
Calm_2020_2020-04-19_2020-04-25,Calm_2020,CAPPED_minmax_IFw1440q010_AEw1080q950,0,0,145,0,0.0,0.0,0.0
Calm_2020_2020-04-19_2020-04-25,Calm_2020,CAPPED_minmax_IFw1440q010_AEw1080q975,0,0,145,0,0.0,0.0,0.0
Calm_2020_2020-04-19_2020-04-25,Calm_2020,CAPPED_minmax_IFw1440q010_AEw1080q990,0,0,145,0,0.0,0.0,0.0
Calm_2020_2020-04-19_2020-04-25,Calm_2020,CAPPED_minmax_IFw1440q010_AEw336q950,4,0,145,4,27.586207,0.0,27.586207
Calm_2020_2020-04-19_2020-04-25,Calm_2020,CAPPED_minmax_IFw1440q010_AEw336q975,1,0,145,1,6.896552,0.0,6.896552
Calm_2020_2020-04-19_2020-04-25,Calm_2020,CAPPED_minmax_IFw1440q010_AEw336q990,0,0,145,0,0.0,0.0,0.0
Calm_2020_2020-04-19_2020-04-25,Calm_2020,CAPPED_minmax_IFw1440q010_AEw720q950,0,0,145,0,0.0,0.0,0.0
Calm_2020_2020-04-19_2020-04-25,Calm_2020,CAPPED_minmax_IFw1440q010_AEw720q975,0,0,145,0,0.0,0.0,0.0
Calm_2020_2020-04-19_2020-04-25,Calm_2020,CAPPED_minmax_IFw1440q010_AEw720q990,0,0,145,0,0.0,0.0,0.0
Calm_2020_2020-04-19_2020-04-25,Calm_2020,CAPPED_minmax_IFw1440q030_AEw1080q950,0,0,145,0,0.0,0.0,0.0
Calm_2020_2020-04-19_2020-04-25,Calm_2020,CAPPED_minmax_IFw1440q030_AEw1080q975,0,0,145,0,0.0,0.0,0.0
Calm_2020_2020-04-19_2020-04-25,Calm_2020,CAPPED_minmax_IFw1440q030_AEw1080q990,0,0,145,0,0.0,0.0,0.0
Calm_2020_2020-04-19_2020-04-25,Calm_2020,CAPPED_minmax_IFw1440q030_AEw336q950,4,0,145,4,27.586207,0.0,27.586207
Calm_2020_2020-04-19_2020-04-25,Calm_2020,CAPPED_minmax_IFw1440q030_AEw336q975,1,0,145,1,6.896552,0.0,6.896552
Calm_2020_2020-04-19_2020-04-25,Calm_2020,CAPPED_minmax_IFw1440q030_AEw336q990,0,0,145,0,0.0,0.0,0.0
Calm_2020_2020-04-19_2020-04-25,Calm_2020,CAPPED_minmax_IFw1440q030_AEw720q950,0,0,145,0,0.0,0.0,0.0
Calm_2020_2020-04-19_2020-04-25,Calm_2020,CAPPED_minmax_IFw1440q030_AEw720q975,0,0,145,0,0.0,0.0,0.0
Calm_2020_2020-04-19_2020-04-25,Calm_2020,CAPPED_minmax_IFw1440q030_AEw720q990,0,0,145,0,0.0,0.0,0.0
Calm_2020_2020-04-19_2020-04-25,Calm_2020,CAPPED_minmax_IFw336q010_AEw1080q950,0,0,145,0,0.0,0.0,0.0
Calm_2020_2020-04-19_2020-04-25,Calm_2020,CAPPED_minmax_IFw336q010_AEw1080q975,0,0,145,0,0.0,0.0,0.0
Calm_2020_2020-04-19_2020-04-25,Calm_2020,CAPPED_minmax_IFw336q010_AEw1080q990,0,0,145,0,0.0,0.0,0.0
Calm_2020_2020-04-19_2020-04-25,Calm_2020,CAPPED_minmax_IFw336q010_AEw336q950,4,0,145,4,27.586207,0.0,27.586207
Calm_2020_2020-04-19_2020-04-25,Calm_2020,CAPPED_minmax_IFw336q010_AEw336q975,1,0,145,1,6.896552,0.0,6.896552
Calm_2020_2020-04-19_2020-04-25,Calm_2020,CAPPED_minmax_IFw336q010_AEw336q990,0,0,145,0,0.0,0.0,0.0
Calm_2020_2020-04-19_2020-04-25,Calm_2020,CAPPED_minmax_IFw336q010_AEw720q950,0,0,145,0,0.0,0.0,0.0
Calm_2020_2020-04-19_2020-04-25,Calm_2020,CAPPED_minmax_IFw336q010_AEw720q975,0,0,145,0,0.0,0.0,0.0
Calm_2020_2020-04-19_2020-04-25,Calm_2020,CAPPED_minmax_IFw336q010_AEw720q990,0,0,145,0,0.0,0.0,0.0
Calm_2020_2020-04-19_2020-04-25,Calm_2020,CAPPED_minmax_IFw336q030_AEw1080q950,0,0,145,0,0.0,0.0,0.0
Calm_2020_2020-04-19_2020-04-25,Calm_2020,CAPPED_minmax_IFw336q030_AEw1080q975,0,0,145,0,0.0,0.0,0.0
Calm_2020_2020-04-19_2020-04-25,Calm_2020,CAPPED_minmax_IFw336q030_AEw1080q990,0,0,145,0,0.0,0.0,0.0
Calm_2020_2020-04-19_2020-04-25,Calm_2020,CAPPED_minmax_IFw336q030_AEw336q950,4,0,145,4,27.586207,0.0,27.586207
Calm_2020_2020-04-19_2020-04-25,Calm_2020,CAPPED_minmax_IFw336q030_AEw336q975,1,0,145,1,6.896552,0.0,6.896552
Calm_2020_2020-04-19_2020-04-25,Calm_2020,CAPPED_minmax_IFw336q030_AEw336q990,0,0,145,0,0.0,0.0,0.0
Calm_2020_2020-04-19_2020-04-25,Calm_2020,CAPPED_minmax_IFw336q030_AEw720q950,0,0,145,0,0.0,0.0,0.0
Calm_2020_2020-04-19_2020-04-25,Calm_2020,CAPPED_minmax_IFw336q030_AEw720q975,0,0,145,0,0.0,0.0,0.0
Calm_2020_2020-04-19_2020-04-25,Calm_2020,CAPPED_minmax_IFw336q030_AEw720q990,0,0,145,0,0.0,0.0,0.0
Calm_2020_2020-04-19_2020-04-25,Calm_2020,CAPPED_minmax_IFw720q010_AEw1080q950,0,0,145,0,0.0,0.0,0.0
Calm_2020_2020-04-19_2020-04-25,Calm_2020,CAPPED_minmax_IFw720q010_AEw1080q975,0,0,145,0,0.0,0.0,0.0
Calm_2020_2020-04-19_2020-04-25,Calm_2020,CAPPED_minmax_IFw720q010_AEw1080q990,0,0,145,0,0.0,0.0,0.0
Calm_2020_2020-04-19_2020-04-25,Calm_2020,CAPPED_minmax_IFw720q010_AEw336q950,4,0,145,4,27.586207,0.0,27.586207
Calm_2020_2020-04-19_2020-04-25,Calm_2020,CAPPED_minmax_IFw720q010_AEw336q975,1,0,145,1,6.896552,0.0,6.896552
Calm_2020_2020-04-19_2020-04-25,Calm_2020,CAPPED_minmax_IFw720q010_AEw336q990,0,0,145,0,0.0,0.0,0.0
Calm_2020_2020-04-19_2020-04-25,Calm_2020,CAPPED_minmax_IFw720q010_AEw720q950,0,0,145,0,0.0,0.0,0.0
Calm_2020_2020-04-19_2020-04-25,Calm_2020,CAPPED_minmax_IFw720q010_AEw720q975,0,0,145,0,0.0,0.0,0.0
Calm_2020_2020-04-19_2020-04-25,Calm_2020,CAPPED_minmax_IFw720q010_AEw720q990,0,0,145,0,0.0,0.0,0.0
Calm_2020_2020-04-19_2020-04-25,Calm_2020,CAPPED_minmax_IFw720q030_AEw1080q950,0,0,145,0,0.0,0.0,0.0
Calm_2020_2020-04-19_2020-04-25,Calm_2020,CAPPED_minmax_IFw720q030_AEw1080q975,0,0,145,0,0.0,0.0,0.0
Calm_2020_2020-04-19_2020-04-25,Calm_2020,CAPPED_minmax_IFw720q030_AEw1080q990,0,0,145,0,0.0,0.0,0.0
Calm_2020_2020-04-19_2020-04-25,Calm_2020,CAPPED_minmax_IFw720q030_AEw336q950,4,0,145,4,27.586207,0.0,27.586207
Calm_2020_2020-04-19_2020-04-25,Calm_2020,CAPPED_minmax_IFw720q030_AEw336q975,1,0,145,1,6.896552,0.0,6.896552
Calm_2020_2020-04-19_2020-04-25,Calm_2020,CAPPED_minmax_IFw720q030_AEw336q990,0,0,145,0,0.0,0.0,0.0
Calm_2020_2020-04-19_2020-04-25,Calm_2020,CAPPED_minmax_IFw720q030_AEw720q950,0,0,145,0,0.0,0.0,0.0
Calm_2020_2020-04-19_2020-04-25,Calm_2020,CAPPED_minmax_IFw720q030_AEw720q975,0,0,145,0,0.0,0.0,0.0
Calm_2020_2020-04-19_2020-04-25,Calm_2020,CAPPED_minmax_IFw720q030_AEw720q990,0,0,145,0,0.0,0.0,0.0
Calm_2020_2020-04-19_2020-04-25,Calm_2020,DWELL_PATTERN_IFw1080q010_AEw1080q950,0,0,145,0,0.0,0.0,0.0
Calm_2020_2020-04-19_2020-04-25,Calm_2020,DWELL_PATTERN_IFw1080q010_AEw1080q975,0,0,145,0,0.0,0.0,0.0
Calm_2020_2020-04-19_2020-04-25,Calm_2020,DWELL_PATTERN_IFw1080q010_AEw1080q990,0,0,145,0,0.0,0.0,0.0
Calm_2020_2020-04-19_2020-04-25,Calm_2020,DWELL_PATTERN_IFw1080q010_AEw336q950,0,0,145,0,0.0,0.0,0.0
Calm_2020_2020-04-19_2020-04-25,Calm_2020,DWELL_PATTERN_IFw1080q010_AEw336q975,0,0,145,0,0.0,0.0,0.0
Calm_2020_2020-04-19_2020-04-25,Calm_2020,DWELL_PATTERN_IFw1080q010_AEw336q990,0,0,145,0,0.0,0.0,0.0
Calm_2020_2020-04-19_2020-04-25,Calm_2020,DWELL_PATTERN_IFw1080q010_AEw720q950,0,0,145,0,0.0,0.0,0.0
Calm_2020_2020-04-19_2020-04-25,Calm_2020,DWELL_PATTERN_IFw1080q010_AEw720q975,0,0,145,0,0.0,0.0,0.0
Calm_2020_2020-04-19_2020-04-25,Calm_2020,DWELL_PATTERN_IFw1080q010_AEw720q990,0,0,145,0,0.0,0.0,0.0
Calm_2020_2020-04-19_2020-04-25,Calm_2020,DWELL_PATTERN_IFw1080q030_AEw1080q950,0,0,145,0,0.0,0.0,0.0
Calm_2020_2020-04-19_2020-04-25,Calm_2020,DWELL_PATTERN_IFw1080q030_AEw1080q975,0,0,145,0,0.0,0.0,0.0
Calm_2020_2020-04-19_2020-04-25,Calm_2020,DWELL_PATTERN_IFw1080q030_AEw1080q990,0,0,145,0,0.0,0.0,0.0
Calm_2020_2020-04-19_2020-04-25,Calm_2020,DWELL_PATTERN_IFw1080q030_AEw336q950,0,0,145,0,0.0,0.0,0.0
Calm_2020_2020-04-19_2020-04-25,Calm_2020,DWELL_PATTERN_IFw1080q030_AEw336q975,0,0,145,0,0.0,0.0,0.0
Calm_2020_2020-04-19_2020-04-25,Calm_2020,DWELL_PATTERN_IFw1080q030_AEw336q990,0,0,145,0,0.0,0.0,0.0
Calm_2020_2020-04-19_2020-04-25,Calm_2020,DWELL_PATTERN_IFw1080q030_AEw720q950,0,0,145,0,0.0,0.0,0.0
Calm_2020_2020-04-19_2020-04-25,Calm_2020,DWELL_PATTERN_IFw1080q030_AEw720q975,0,0,145,0,0.0,0.0,0.0
Calm_2020_2020-04-19_2020-04-25,Calm_2020,DWELL_PATTERN_IFw1080q030_AEw720q990,0,0,145,0,0.0,0.0,0.0
Calm_2020_2020-04-19_2020-04-25,Calm_2020,DWELL_PATTERN_IFw1440q010_AEw1080q950,0,0,145,0,0.0,0.0,0.0
Calm_2020_2020-04-19_2020-04-25,Calm_2020,DWELL_PATTERN_IFw1440q010_AEw1080q975,0,0,145,0,0.0,0.0,0.0
Calm_2020_2020-04-19_2020-04-25,Calm_2020,DWELL_PATTERN_IFw1440q010_AEw1080q990,0,0,145,0,0.0,0.0,0.0
Calm_2020_2020-04-19_2020-04-25,Calm_2020,DWELL_PATTERN_IFw1440q010_AEw336q950,0,0,145,0,0.0,0.0,0.0
Calm_2020_2020-04-19_2020-04-25,Calm_2020,DWELL_PATTERN_IFw1440q010_AEw336q975,0,0,145,0,0.0,0.0,0.0
Calm_2020_2020-04-19_2020-04-25,Calm_2020,DWELL_PATTERN_IFw1440q010_AEw336q990,0,0,145,0,0.0,0.0,0.0
Calm_2020_2020-04-19_2020-04-25,Calm_2020,DWELL_PATTERN_IFw1440q010_AEw720q950,0,0,145,0,0.0,0.0,0.0
Calm_2020_2020-04-19_2020-04-25,Calm_2020,DWELL_PATTERN_IFw1440q010_AEw720q975,0,0,145,0,0.0,0.0,0.0
Calm_2020_2020-04-19_2020-04-25,Calm_2020,DWELL_PATTERN_IFw1440q010_AEw720q990,0,0,145,0,0.0,0.0,0.0
Calm_2020_2020-04-19_2020-04-25,Calm_2020,DWELL_PATTERN_IFw1440q030_AEw1080q950,0,0,145,0,0.0,0.0,0.0
Calm_2020_2020-04-19_2020-04-25,Calm_2020,DWELL_PATTERN_IFw1440q030_AEw1080q975,0,0,145,0,0.0,0.0,0.0
Calm_2020_2020-04-19_2020-04-25,Calm_2020,DWELL_PATTERN_IFw1440q030_AEw1080q990,0,0,145,0,0.0,0.0,0.0
Calm_2020_2020-04-19_2020-04-25,Calm_2020,DWELL_PATTERN_IFw1440q030_AEw336q950,0,0,145,0,0.0,0.0,0.0
Calm_2020_2020-04-19_2020-04-25,Calm_2020,DWELL_PATTERN_IFw1440q030_AEw336q975,0,0,145,0,0.0,0.0,0.0
Calm_2020_2020-04-19_2020-04-25,Calm_2020,DWELL_PATTERN_IFw1440q030_AEw336q990,0,0,145,0,0.0,0.0,0.0
Calm_2020_2020-04-19_2020-04-25,Calm_2020,DWELL_PATTERN_IFw1440q030_AEw720q950,0,0,145,0,0.0,0.0,0.0
Calm_2020_2020-04-19_2020-04-25,Calm_2020,DWELL_PATTERN_IFw1440q030_AEw720q975,0,0,145,0,0.0,0.0,0.0
Calm_2020_2020-04-19_2020-04-25,Calm_2020,DWELL_PATTERN_IFw1440q030_AEw720q990,0,0,145,0,0.0,0.0,0.0
Calm_2020_2020-04-19_2020-04-25,Calm_2020,DWELL_PATTERN_IFw336q010_AEw1080q950,0,0,145,0,0.0,0.0,0.0
Calm_2020_2020-04-19_2020-04-25,Calm_2020,DWELL_PATTERN_IFw336q010_AEw1080q975,0,0,145,0,0.0,0.0,0.0
Calm_2020_2020-04-19_2020-04-25,Calm_2020,DWELL_PATTERN_IFw336q010_AEw1080q990,0,0,145,0,0.0,0.0,0.0
Calm_2020_2020-04-19_2020-04-25,Calm_2020,DWELL_PATTERN_IFw336q010_AEw336q950,0,0,145,0,0.0,0.0,0.0
Calm_2020_2020-04-19_2020-04-25,Calm_2020,DWELL_PATTERN_IFw336q010_AEw336q975,0,0,145,0,0.0,0.0,0.0
Calm_2020_2020-04-19_2020-04-25,Calm_2020,DWELL_PATTERN_IFw336q010_AEw336q990,0,0,145,0,0.0,0.0,0.0
Calm_2020_2020-04-19_2020-04-25,Calm_2020,DWELL_PATTERN_IFw336q010_AEw720q950,0,0,145,0,0.0,0.0,0.0
Calm_2020_2020-04-19_2020-04-25,Calm_2020,DWELL_PATTERN_IFw336q010_AEw720q975,0,0,145,0,0.0,0.0,0.0
Calm_2020_2020-04-19_2020-04-25,Calm_2020,DWELL_PATTERN_IFw336q010_AEw720q990,0,0,145,0,0.0,0.0,0.0
Calm_2020_2020-04-19_2020-04-25,Calm_2020,DWELL_PATTERN_IFw336q030_AEw1080q950,0,0,145,0,0.0,0.0,0.0
Calm_2020_2020-04-19_2020-04-25,Calm_2020,DWELL_PATTERN_IFw336q030_AEw1080q975,0,0,145,0,0.0,0.0,0.0
Calm_2020_2020-04-19_2020-04-25,Calm_2020,DWELL_PATTERN_IFw336q030_AEw1080q990,0,0,145,0,0.0,0.0,0.0
Calm_2020_2020-04-19_2020-04-25,Calm_2020,DWELL_PATTERN_IFw336q030_AEw336q950,0,0,145,0,0.0,0.0,0.0
Calm_2020_2020-04-19_2020-04-25,Calm_2020,DWELL_PATTERN_IFw336q030_AEw336q975,0,0,145,0,0.0,0.0,0.0
Calm_2020_2020-04-19_2020-04-25,Calm_2020,DWELL_PATTERN_IFw336q030_AEw336q990,0,0,145,0,0.0,0.0,0.0
Calm_2020_2020-04-19_2020-04-25,Calm_2020,DWELL_PATTERN_IFw336q030_AEw720q950,0,0,145,0,0.0,0.0,0.0
Calm_2020_2020-04-19_2020-04-25,Calm_2020,DWELL_PATTERN_IFw336q030_AEw720q975,0,0,145,0,0.0,0.0,0.0
Calm_2020_2020-04-19_2020-04-25,Calm_2020,DWELL_PATTERN_IFw336q030_AEw720q990,0,0,145,0,0.0,0.0,0.0
Calm_2020_2020-04-19_2020-04-25,Calm_2020,DWELL_PATTERN_IFw720q010_AEw1080q950,0,0,145,0,0.0,0.0,0.0
Calm_2020_2020-04-19_2020-04-25,Calm_2020,DWELL_PATTERN_IFw720q010_AEw1080q975,0,0,145,0,0.0,0.0,0.0
Calm_2020_2020-04-19_2020-04-25,Calm_2020,DWELL_PATTERN_IFw720q010_AEw1080q990,0,0,145,0,0.0,0.0,0.0
Calm_2020_2020-04-19_2020-04-25,Calm_2020,DWELL_PATTERN_IFw720q010_AEw336q950,0,0,145,0,0.0,0.0,0.0
Calm_2020_2020-04-19_2020-04-25,Calm_2020,DWELL_PATTERN_IFw720q010_AEw336q975,0,0,145,0,0.0,0.0,0.0
Calm_2020_2020-04-19_2020-04-25,Calm_2020,DWELL_PATTERN_IFw720q010_AEw336q990,0,0,145,0,0.0,0.0,0.0
Calm_2020_2020-04-19_2020-04-25,Calm_2020,DWELL_PATTERN_IFw720q010_AEw720q950,0,0,145,0,0.0,0.0,0.0
Calm_2020_2020-04-19_2020-04-25,Calm_2020,DWELL_PATTERN_IFw720q010_AEw720q975,0,0,145,0,0.0,0.0,0.0
Calm_2020_2020-04-19_2020-04-25,Calm_2020,DWELL_PATTERN_IFw720q010_AEw720q990,0,0,145,0,0.0,0.0,0.0
Calm_2020_2020-04-19_2020-04-25,Calm_2020,DWELL_PATTERN_IFw720q030_AEw1080q950,0,0,145,0,0.0,0.0,0.0
Calm_2020_2020-04-19_2020-04-25,Calm_2020,DWELL_PATTERN_IFw720q030_AEw1080q975,0,0,145,0,0.0,0.0,0.0
Calm_2020_2020-04-19_2020-04-25,Calm_2020,DWELL_PATTERN_IFw720q030_AEw1080q990,0,0,145,0,0.0,0.0,0.0
Calm_2020_2020-04-19_2020-04-25,Calm_2020,DWELL_PATTERN_IFw720q030_AEw336q950,0,0,145,0,0.0,0.0,0.0
Calm_2020_2020-04-19_2020-04-25,Calm_2020,DWELL_PATTERN_IFw720q030_AEw336q975,0,0,145,0,0.0,0.0,0.0
Calm_2020_2020-04-19_2020-04-25,Calm_2020,DWELL_PATTERN_IFw720q030_AEw336q990,0,0,145,0,0.0,0.0,0.0
Calm_2020_2020-04-19_2020-04-25,Calm_2020,DWELL_PATTERN_IFw720q030_AEw720q950,0,0,145,0,0.0,0.0,0.0
Calm_2020_2020-04-19_2020-04-25,Calm_2020,DWELL_PATTERN_IFw720q030_AEw720q975,0,0,145,0,0.0,0.0,0.0
Calm_2020_2020-04-19_2020-04-25,Calm_2020,DWELL_PATTERN_IFw720q030_AEw720q990,0,0,145,0,0.0,0.0,0.0
Calm_2020_2020-04-19_2020-04-25,Calm_2020,adaptive_IFw1080q010_AEw1080q950,2,0,145,2,13.793103,0.0,13.793103
Calm_2020_2020-04-19_2020-04-25,Calm_2020,adaptive_IFw1080q010_AEw1080q975,0,0,145,0,0.0,0.0,0.0
Calm_2020_2020-04-19_2020-04-25,Calm_2020,adaptive_IFw1080q010_AEw1080q990,0,0,145,0,0.0,0.0,0.0
Calm_2020_2020-04-19_2020-04-25,Calm_2020,adaptive_IFw1080q010_AEw336q950,7,0,145,7,48.275862,0.0,48.275862
Calm_2020_2020-04-19_2020-04-25,Calm_2020,adaptive_IFw1080q010_AEw336q975,4,0,145,4,27.586207,0.0,27.586207
Calm_2020_2020-04-19_2020-04-25,Calm_2020,adaptive_IFw1080q010_AEw336q990,0,0,145,0,0.0,0.0,0.0
Calm_2020_2020-04-19_2020-04-25,Calm_2020,adaptive_IFw1080q010_AEw720q950,0,0,145,0,0.0,0.0,0.0
Calm_2020_2020-04-19_2020-04-25,Calm_2020,adaptive_IFw1080q010_AEw720q975,0,0,145,0,0.0,0.0,0.0
Calm_2020_2020-04-19_2020-04-25,Calm_2020,adaptive_IFw1080q010_AEw720q990,0,0,145,0,0.0,0.0,0.0
Calm_2020_2020-04-19_2020-04-25,Calm_2020,adaptive_IFw1080q030_AEw1080q950,2,0,145,2,13.793103,0.0,13.793103
Calm_2020_2020-04-19_2020-04-25,Calm_2020,adaptive_IFw1080q030_AEw1080q975,0,0,145,0,0.0,0.0,0.0
Calm_2020_2020-04-19_2020-04-25,Calm_2020,adaptive_IFw1080q030_AEw1080q990,0,0,145,0,0.0,0.0,0.0
Calm_2020_2020-04-19_2020-04-25,Calm_2020,adaptive_IFw1080q030_AEw336q950,7,0,145,7,48.275862,0.0,48.275862
Calm_2020_2020-04-19_2020-04-25,Calm_2020,adaptive_IFw1080q030_AEw336q975,4,0,145,4,27.586207,0.0,27.586207
Calm_2020_2020-04-19_2020-04-25,Calm_2020,adaptive_IFw1080q030_AEw336q990,0,0,145,0,0.0,0.0,0.0
Calm_2020_2020-04-19_2020-04-25,Calm_2020,adaptive_IFw1080q030_AEw720q950,0,0,145,0,0.0,0.0,0.0
Calm_2020_2020-04-19_2020-04-25,Calm_2020,adaptive_IFw1080q030_AEw720q975,0,0,145,0,0.0,0.0,0.0
Calm_2020_2020-04-19_2020-04-25,Calm_2020,adaptive_IFw1080q030_AEw720q990,0,0,145,0,0.0,0.0,0.0
Calm_2020_2020-04-19_2020-04-25,Calm_2020,adaptive_IFw1440q010_AEw1080q950,2,0,145,2,13.793103,0.0,13.793103
Calm_2020_2020-04-19_2020-04-25,Calm_2020,adaptive_IFw1440q010_AEw1080q975,0,0,145,0,0.0,0.0,0.0
Calm_2020_2020-04-19_2020-04-25,Calm_2020,adaptive_IFw1440q010_AEw1080q990,0,0,145,0,0.0,0.0,0.0
Calm_2020_2020-04-19_2020-04-25,Calm_2020,adaptive_IFw1440q010_AEw336q950,7,0,145,7,48.275862,0.0,48.275862
Calm_2020_2020-04-19_2020-04-25,Calm_2020,adaptive_IFw1440q010_AEw336q975,4,0,145,4,27.586207,0.0,27.586207
Calm_2020_2020-04-19_2020-04-25,Calm_2020,adaptive_IFw1440q010_AEw336q990,0,0,145,0,0.0,0.0,0.0
Calm_2020_2020-04-19_2020-04-25,Calm_2020,adaptive_IFw1440q010_AEw720q950,0,0,145,0,0.0,0.0,0.0
Calm_2020_2020-04-19_2020-04-25,Calm_2020,adaptive_IFw1440q010_AEw720q975,0,0,145,0,0.0,0.0,0.0
Calm_2020_2020-04-19_2020-04-25,Calm_2020,adaptive_IFw1440q010_AEw720q990,0,0,145,0,0.0,0.0,0.0
Calm_2020_2020-04-19_2020-04-25,Calm_2020,adaptive_IFw1440q030_AEw1080q950,2,0,145,2,13.793103,0.0,13.793103
Calm_2020_2020-04-19_2020-04-25,Calm_2020,adaptive_IFw1440q030_AEw1080q975,0,0,145,0,0.0,0.0,0.0
Calm_2020_2020-04-19_2020-04-25,Calm_2020,adaptive_IFw1440q030_AEw1080q990,0,0,145,0,0.0,0.0,0.0
Calm_2020_2020-04-19_2020-04-25,Calm_2020,adaptive_IFw1440q030_AEw336q950,7,0,145,7,48.275862,0.0,48.275862
Calm_2020_2020-04-19_2020-04-25,Calm_2020,adaptive_IFw1440q030_AEw336q975,4,0,145,4,27.586207,0.0,27.586207
Calm_2020_2020-04-19_2020-04-25,Calm_2020,adaptive_IFw1440q030_AEw336q990,0,0,145,0,0.0,0.0,0.0
Calm_2020_2020-04-19_2020-04-25,Calm_2020,adaptive_IFw1440q030_AEw720q950,0,0,145,0,0.0,0.0,0.0
Calm_2020_2020-04-19_2020-04-25,Calm_2020,adaptive_IFw1440q030_AEw720q975,0,0,145,0,0.0,0.0,0.0
Calm_2020_2020-04-19_2020-04-25,Calm_2020,adaptive_IFw1440q030_AEw720q990,0,0,145,0,0.0,0.0,0.0
Calm_2020_2020-04-19_2020-04-25,Calm_2020,adaptive_IFw336q010_AEw1080q950,2,0,145,2,13.793103,0.0,13.793103
Calm_2020_2020-04-19_2020-04-25,Calm_2020,adaptive_IFw336q010_AEw1080q975,0,0,145,0,0.0,0.0,0.0
Calm_2020_2020-04-19_2020-04-25,Calm_2020,adaptive_IFw336q010_AEw1080q990,0,0,145,0,0.0,0.0,0.0
Calm_2020_2020-04-19_2020-04-25,Calm_2020,adaptive_IFw336q010_AEw336q950,7,0,145,7,48.275862,0.0,48.275862
Calm_2020_2020-04-19_2020-04-25,Calm_2020,adaptive_IFw336q010_AEw336q975,4,0,145,4,27.586207,0.0,27.586207
Calm_2020_2020-04-19_2020-04-25,Calm_2020,adaptive_IFw336q010_AEw336q990,0,0,145,0,0.0,0.0,0.0
Calm_2020_2020-04-19_2020-04-25,Calm_2020,adaptive_IFw336q010_AEw720q950,0,0,145,0,0.0,0.0,0.0
Calm_2020_2020-04-19_2020-04-25,Calm_2020,adaptive_IFw336q010_AEw720q975,0,0,145,0,0.0,0.0,0.0
Calm_2020_2020-04-19_2020-04-25,Calm_2020,adaptive_IFw336q010_AEw720q990,0,0,145,0,0.0,0.0,0.0
Calm_2020_2020-04-19_2020-04-25,Calm_2020,adaptive_IFw336q030_AEw1080q950,2,0,145,2,13.793103,0.0,13.793103
Calm_2020_2020-04-19_2020-04-25,Calm_2020,adaptive_IFw336q030_AEw1080q975,0,0,145,0,0.0,0.0,0.0
Calm_2020_2020-04-19_2020-04-25,Calm_2020,adaptive_IFw336q030_AEw1080q990,0,0,145,0,0.0,0.0,0.0
Calm_2020_2020-04-19_2020-04-25,Calm_2020,adaptive_IFw336q030_AEw336q950,7,0,145,7,48.275862,0.0,48.275862
Calm_2020_2020-04-19_2020-04-25,Calm_2020,adaptive_IFw336q030_AEw336q975,4,0,145,4,27.586207,0.0,27.586207
Calm_2020_2020-04-19_2020-04-25,Calm_2020,adaptive_IFw336q030_AEw336q990,0,0,145,0,0.0,0.0,0.0
Calm_2020_2020-04-19_2020-04-25,Calm_2020,adaptive_IFw336q030_AEw720q950,0,0,145,0,0.0,0.0,0.0
Calm_2020_2020-04-19_2020-04-25,Calm_2020,adaptive_IFw336q030_AEw720q975,0,0,145,0,0.0,0.0,0.0
Calm_2020_2020-04-19_2020-04-25,Calm_2020,adaptive_IFw336q030_AEw720q990,0,0,145,0,0.0,0.0,0.0
Calm_2020_2020-04-19_2020-04-25,Calm_2020,adaptive_IFw720q010_AEw1080q950,2,0,145,2,13.793103,0.0,13.793103
Calm_2020_2020-04-19_2020-04-25,Calm_2020,adaptive_IFw720q010_AEw1080q975,0,0,145,0,0.0,0.0,0.0
Calm_2020_2020-04-19_2020-04-25,Calm_2020,adaptive_IFw720q010_AEw1080q990,0,0,145,0,0.0,0.0,0.0
Calm_2020_2020-04-19_2020-04-25,Calm_2020,adaptive_IFw720q010_AEw336q950,7,0,145,7,48.275862,0.0,48.275862
Calm_2020_2020-04-19_2020-04-25,Calm_2020,adaptive_IFw720q010_AEw336q975,4,0,145,4,27.586207,0.0,27.586207
Calm_2020_2020-04-19_2020-04-25,Calm_2020,adaptive_IFw720q010_AEw336q990,0,0,145,0,0.0,0.0,0.0
Calm_2020_2020-04-19_2020-04-25,Calm_2020,adaptive_IFw720q010_AEw720q950,0,0,145,0,0.0,0.0,0.0
Calm_2020_2020-04-19_2020-04-25,Calm_2020,adaptive_IFw720q010_AEw720q975,0,0,145,0,0.0,0.0,0.0
Calm_2020_2020-04-19_2020-04-25,Calm_2020,adaptive_IFw720q010_AEw720q990,0,0,145,0,0.0,0.0,0.0
Calm_2020_2020-04-19_2020-04-25,Calm_2020,adaptive_IFw720q030_AEw1080q950,2,0,145,2,13.793103,0.0,13.793103
Calm_2020_2020-04-19_2020-04-25,Calm_2020,adaptive_IFw720q030_AEw1080q975,0,0,145,0,0.0,0.0,0.0
Calm_2020_2020-04-19_2020-04-25,Calm_2020,adaptive_IFw720q030_AEw1080q990,0,0,145,0,0.0,0.0,0.0
Calm_2020_2020-04-19_2020-04-25,Calm_2020,adaptive_IFw720q030_AEw336q950,7,0,145,7,48.275862,0.0,48.275862
Calm_2020_2020-04-19_2020-04-25,Calm_2020,adaptive_IFw720q030_AEw336q975,4,0,145,4,27.586207,0.0,27.586207
Calm_2020_2020-04-19_2020-04-25,Calm_2020,adaptive_IFw720q030_AEw336q990,0,0,145,0,0.0,0.0,0.0
Calm_2020_2020-04-19_2020-04-25,Calm_2020,adaptive_IFw720q030_AEw720q950,0,0,145,0,0.0,0.0,0.0
Calm_2020_2020-04-19_2020-04-25,Calm_2020,adaptive_IFw720q030_AEw720q975,0,0,145,0,0.0,0.0,0.0
Calm_2020_2020-04-19_2020-04-25,Calm_2020,adaptive_IFw720q030_AEw720q990,0,0,145,0,0.0,0.0,0.0
Event_CiaraDennis_2020-02-05_2020-02-20,Event_CiaraDennis,CAPPED_minmax_IFw1080q010_AEw1080q950,15,36,361,-21,41.551247,99.722992,-58.171745
Event_CiaraDennis_2020-02-05_2020-02-20,Event_CiaraDennis,CAPPED_minmax_IFw1080q010_AEw1080q975,11,36,361,-25,30.470914,99.722992,-69.252078
Event_CiaraDennis_2020-02-05_2020-02-20,Event_CiaraDennis,CAPPED_minmax_IFw1080q010_AEw1080q990,6,36,361,-30,16.620499,99.722992,-83.102493
Event_CiaraDennis_2020-02-05_2020-02-20,Event_CiaraDennis,CAPPED_minmax_IFw1080q010_AEw336q950,42,36,361,6,116.34349,99.722992,16.620498
Event_CiaraDennis_2020-02-05_2020-02-20,Event_CiaraDennis,CAPPED_minmax_IFw1080q010_AEw336q975,28,36,361,-8,77.562327,99.722992,-22.160665
Event_CiaraDennis_2020-02-05_2020-02-20,Event_CiaraDennis,CAPPED_minmax_IFw1080q010_AEw336q990,19,36,361,-17,52.631579,99.722992,-47.091413
Event_CiaraDennis_2020-02-05_2020-02-20,Event_CiaraDennis,CAPPED_minmax_IFw1080q010_AEw720q950,15,36,361,-21,41.551247,99.722992,-58.171745
Event_CiaraDennis_2020-02-05_2020-02-20,Event_CiaraDennis,CAPPED_minmax_IFw1080q010_AEw720q975,8,36,361,-28,22.160665,99.722992,-77.562327
Event_CiaraDennis_2020-02-05_2020-02-20,Event_CiaraDennis,CAPPED_minmax_IFw1080q010_AEw720q990,6,36,361,-30,16.620499,99.722992,-83.102493
Event_CiaraDennis_2020-02-05_2020-02-20,Event_CiaraDennis,CAPPED_minmax_IFw1080q030_AEw1080q950,19,36,361,-17,52.631579,99.722992,-47.091413
Event_CiaraDennis_2020-02-05_2020-02-20,Event_CiaraDennis,CAPPED_minmax_IFw1080q030_AEw1080q975,15,36,361,-21,41.551247,99.722992,-58.171745
Event_CiaraDennis_2020-02-05_2020-02-20,Event_CiaraDennis,CAPPED_minmax_IFw1080q030_AEw1080q990,13,36,361,-23,36.01108,99.722992,-63.711912
Event_CiaraDennis_2020-02-05_2020-02-20,Event_CiaraDennis,CAPPED_minmax_IFw1080q030_AEw336q950,46,36,361,10,127.423823,99.722992,27.700831
Event_CiaraDennis_2020-02-05_2020-02-20,Event_CiaraDennis,CAPPED_minmax_IFw1080q030_AEw336q975,32,36,361,-4,88.642659,99.722992,-11.080333
Event_CiaraDennis_2020-02-05_2020-02-20,Event_CiaraDennis,CAPPED_minmax_IFw1080q030_AEw336q990,25,36,361,-11,69.252078,99.722992,-30.470914
Event_CiaraDennis_2020-02-05_2020-02-20,Event_CiaraDennis,CAPPED_minmax_IFw1080q030_AEw720q950,19,36,361,-17,52.631579,99.722992,-47.091413
Event_CiaraDennis_2020-02-05_2020-02-20,Event_CiaraDennis,CAPPED_minmax_IFw1080q030_AEw720q975,14,36,361,-22,38.781163,99.722992,-60.941829
Event_CiaraDennis_2020-02-05_2020-02-20,Event_CiaraDennis,CAPPED_minmax_IFw1080q030_AEw720q990,13,36,361,-23,36.01108,99.722992,-63.711912
Event_CiaraDennis_2020-02-05_2020-02-20,Event_CiaraDennis,CAPPED_minmax_IFw1440q010_AEw1080q950,15,36,361,-21,41.551247,99.722992,-58.171745
Event_CiaraDennis_2020-02-05_2020-02-20,Event_CiaraDennis,CAPPED_minmax_IFw1440q010_AEw1080q975,11,36,361,-25,30.470914,99.722992,-69.252078
Event_CiaraDennis_2020-02-05_2020-02-20,Event_CiaraDennis,CAPPED_minmax_IFw1440q010_AEw1080q990,6,36,361,-30,16.620499,99.722992,-83.102493
Event_CiaraDennis_2020-02-05_2020-02-20,Event_CiaraDennis,CAPPED_minmax_IFw1440q010_AEw336q950,42,36,361,6,116.34349,99.722992,16.620498
Event_CiaraDennis_2020-02-05_2020-02-20,Event_CiaraDennis,CAPPED_minmax_IFw1440q010_AEw336q975,28,36,361,-8,77.562327,99.722992,-22.160665
Event_CiaraDennis_2020-02-05_2020-02-20,Event_CiaraDennis,CAPPED_minmax_IFw1440q010_AEw336q990,19,36,361,-17,52.631579,99.722992,-47.091413
Event_CiaraDennis_2020-02-05_2020-02-20,Event_CiaraDennis,CAPPED_minmax_IFw1440q010_AEw720q950,15,36,361,-21,41.551247,99.722992,-58.171745
Event_CiaraDennis_2020-02-05_2020-02-20,Event_CiaraDennis,CAPPED_minmax_IFw1440q010_AEw720q975,8,36,361,-28,22.160665,99.722992,-77.562327
Event_CiaraDennis_2020-02-05_2020-02-20,Event_CiaraDennis,CAPPED_minmax_IFw1440q010_AEw720q990,7,36,361,-29,19.390582,99.722992,-80.33241
Event_CiaraDennis_2020-02-05_2020-02-20,Event_CiaraDennis,CAPPED_minmax_IFw1440q030_AEw1080q950,22,36,361,-14,60.941828,99.722992,-38.781164
Event_CiaraDennis_2020-02-05_2020-02-20,Event_CiaraDennis,CAPPED_minmax_IFw1440q030_AEw1080q975,18,36,361,-18,49.861496,99.722992,-49.861496
Event_CiaraDennis_2020-02-05_2020-02-20,Event_CiaraDennis,CAPPED_minmax_IFw1440q030_AEw1080q990,16,36,361,-20,44.32133,99.722992,-55.401662
Event_CiaraDennis_2020-02-05_2020-02-20,Event_CiaraDennis,CAPPED_minmax_IFw1440q030_AEw336q950,48,36,361,12,132.963989,99.722992,33.240997
Event_CiaraDennis_2020-02-05_2020-02-20,Event_CiaraDennis,CAPPED_minmax_IFw1440q030_AEw336q975,35,36,361,-1,96.952909,99.722992,-2.770083
Event_CiaraDennis_2020-02-05_2020-02-20,Event_CiaraDennis,CAPPED_minmax_IFw1440q030_AEw336q990,28,36,361,-8,77.562327,99.722992,-22.160665
Event_CiaraDennis_2020-02-05_2020-02-20,Event_CiaraDennis,CAPPED_minmax_IFw1440q030_AEw720q950,22,36,361,-14,60.941828,99.722992,-38.781164
Event_CiaraDennis_2020-02-05_2020-02-20,Event_CiaraDennis,CAPPED_minmax_IFw1440q030_AEw720q975,17,36,361,-19,47.091413,99.722992,-52.631579
Event_CiaraDennis_2020-02-05_2020-02-20,Event_CiaraDennis,CAPPED_minmax_IFw1440q030_AEw720q990,16,36,361,-20,44.32133,99.722992,-55.401662
Event_CiaraDennis_2020-02-05_2020-02-20,Event_CiaraDennis,CAPPED_minmax_IFw336q010_AEw1080q950,16,36,361,-20,44.32133,99.722992,-55.401662
Event_CiaraDennis_2020-02-05_2020-02-20,Event_CiaraDennis,CAPPED_minmax_IFw336q010_AEw1080q975,12,36,361,-24,33.240997,99.722992,-66.481995
Event_CiaraDennis_2020-02-05_2020-02-20,Event_CiaraDennis,CAPPED_minmax_IFw336q010_AEw1080q990,7,36,361,-29,19.390582,99.722992,-80.33241
Event_CiaraDennis_2020-02-05_2020-02-20,Event_CiaraDennis,CAPPED_minmax_IFw336q010_AEw336q950,43,36,361,7,119.113573,99.722992,19.390581
Event_CiaraDennis_2020-02-05_2020-02-20,Event_CiaraDennis,CAPPED_minmax_IFw336q010_AEw336q975,29,36,361,-7,80.33241,99.722992,-19.390582
Event_CiaraDennis_2020-02-05_2020-02-20,Event_CiaraDennis,CAPPED_minmax_IFw336q010_AEw336q990,20,36,361,-16,55.401662,99.722992,-44.32133
Event_CiaraDennis_2020-02-05_2020-02-20,Event_CiaraDennis,CAPPED_minmax_IFw336q010_AEw720q950,16,36,361,-20,44.32133,99.722992,-55.401662
Event_CiaraDennis_2020-02-05_2020-02-20,Event_CiaraDennis,CAPPED_minmax_IFw336q010_AEw720q975,9,36,361,-27,24.930748,99.722992,-74.792244
Event_CiaraDennis_2020-02-05_2020-02-20,Event_CiaraDennis,CAPPED_minmax_IFw336q010_AEw720q990,7,36,361,-29,19.390582,99.722992,-80.33241
Event_CiaraDennis_2020-02-05_2020-02-20,Event_CiaraDennis,CAPPED_minmax_IFw336q030_AEw1080q950,22,36,361,-14,60.941828,99.722992,-38.781164
Event_CiaraDennis_2020-02-05_2020-02-20,Event_CiaraDennis,CAPPED_minmax_IFw336q030_AEw1080q975,18,36,361,-18,49.861496,99.722992,-49.861496
Event_CiaraDennis_2020-02-05_2020-02-20,Event_CiaraDennis,CAPPED_minmax_IFw336q030_AEw1080q990,16,36,361,-20,44.32133,99.722992,-55.401662
Event_CiaraDennis_2020-02-05_2020-02-20,Event_CiaraDennis,CAPPED_minmax_IFw336q030_AEw336q950,48,36,361,12,132.963989,99.722992,33.240997
Event_CiaraDennis_2020-02-05_2020-02-20,Event_CiaraDennis,CAPPED_minmax_IFw336q030_AEw336q975,35,36,361,-1,96.952909,99.722992,-2.770083
Event_CiaraDennis_2020-02-05_2020-02-20,Event_CiaraDennis,CAPPED_minmax_IFw336q030_AEw336q990,28,36,361,-8,77.562327,99.722992,-22.160665
Event_CiaraDennis_2020-02-05_2020-02-20,Event_CiaraDennis,CAPPED_minmax_IFw336q030_AEw720q950,22,36,361,-14,60.941828,99.722992,-38.781164
Event_CiaraDennis_2020-02-05_2020-02-20,Event_CiaraDennis,CAPPED_minmax_IFw336q030_AEw720q975,17,36,361,-19,47.091413,99.722992,-52.631579
Event_CiaraDennis_2020-02-05_2020-02-20,Event_CiaraDennis,CAPPED_minmax_IFw336q030_AEw720q990,16,36,361,-20,44.32133,99.722992,-55.401662
Event_CiaraDennis_2020-02-05_2020-02-20,Event_CiaraDennis,CAPPED_minmax_IFw720q010_AEw1080q950,15,36,361,-21,41.551247,99.722992,-58.171745
Event_CiaraDennis_2020-02-05_2020-02-20,Event_CiaraDennis,CAPPED_minmax_IFw720q010_AEw1080q975,11,36,361,-25,30.470914,99.722992,-69.252078
Event_CiaraDennis_2020-02-05_2020-02-20,Event_CiaraDennis,CAPPED_minmax_IFw720q010_AEw1080q990,7,36,361,-29,19.390582,99.722992,-80.33241
Event_CiaraDennis_2020-02-05_2020-02-20,Event_CiaraDennis,CAPPED_minmax_IFw720q010_AEw336q950,42,36,361,6,116.34349,99.722992,16.620498
Event_CiaraDennis_2020-02-05_2020-02-20,Event_CiaraDennis,CAPPED_minmax_IFw720q010_AEw336q975,28,36,361,-8,77.562327,99.722992,-22.160665
Event_CiaraDennis_2020-02-05_2020-02-20,Event_CiaraDennis,CAPPED_minmax_IFw720q010_AEw336q990,20,36,361,-16,55.401662,99.722992,-44.32133
Event_CiaraDennis_2020-02-05_2020-02-20,Event_CiaraDennis,CAPPED_minmax_IFw720q010_AEw720q950,15,36,361,-21,41.551247,99.722992,-58.171745
Event_CiaraDennis_2020-02-05_2020-02-20,Event_CiaraDennis,CAPPED_minmax_IFw720q010_AEw720q975,8,36,361,-28,22.160665,99.722992,-77.562327
Event_CiaraDennis_2020-02-05_2020-02-20,Event_CiaraDennis,CAPPED_minmax_IFw720q010_AEw720q990,6,36,361,-30,16.620499,99.722992,-83.102493
Event_CiaraDennis_2020-02-05_2020-02-20,Event_CiaraDennis,CAPPED_minmax_IFw720q030_AEw1080q950,23,36,361,-13,63.711911,99.722992,-36.011081
Event_CiaraDennis_2020-02-05_2020-02-20,Event_CiaraDennis,CAPPED_minmax_IFw720q030_AEw1080q975,20,36,361,-16,55.401662,99.722992,-44.32133
Event_CiaraDennis_2020-02-05_2020-02-20,Event_CiaraDennis,CAPPED_minmax_IFw720q030_AEw1080q990,17,36,361,-19,47.091413,99.722992,-52.631579
Event_CiaraDennis_2020-02-05_2020-02-20,Event_CiaraDennis,CAPPED_minmax_IFw720q030_AEw336q950,49,36,361,13,135.734072,99.722992,36.01108
Event_CiaraDennis_2020-02-05_2020-02-20,Event_CiaraDennis,CAPPED_minmax_IFw720q030_AEw336q975,36,36,361,0,99.722992,99.722992,0.0
Event_CiaraDennis_2020-02-05_2020-02-20,Event_CiaraDennis,CAPPED_minmax_IFw720q030_AEw336q990,29,36,361,-7,80.33241,99.722992,-19.390582
Event_CiaraDennis_2020-02-05_2020-02-20,Event_CiaraDennis,CAPPED_minmax_IFw720q030_AEw720q950,23,36,361,-13,63.711911,99.722992,-36.011081
Event_CiaraDennis_2020-02-05_2020-02-20,Event_CiaraDennis,CAPPED_minmax_IFw720q030_AEw720q975,18,36,361,-18,49.861496,99.722992,-49.861496
Event_CiaraDennis_2020-02-05_2020-02-20,Event_CiaraDennis,CAPPED_minmax_IFw720q030_AEw720q990,17,36,361,-19,47.091413,99.722992,-52.631579
Event_CiaraDennis_2020-02-05_2020-02-20,Event_CiaraDennis,DWELL_PATTERN_IFw1080q010_AEw1080q950,11,36,361,-25,30.470914,99.722992,-69.252078
Event_CiaraDennis_2020-02-05_2020-02-20,Event_CiaraDennis,DWELL_PATTERN_IFw1080q010_AEw1080q975,9,36,361,-27,24.930748,99.722992,-74.792244
Event_CiaraDennis_2020-02-05_2020-02-20,Event_CiaraDennis,DWELL_PATTERN_IFw1080q010_AEw1080q990,5,36,361,-31,13.850416,99.722992,-85.872576
Event_CiaraDennis_2020-02-05_2020-02-20,Event_CiaraDennis,DWELL_PATTERN_IFw1080q010_AEw336q950,27,36,361,-9,74.792244,99.722992,-24.930748
Event_CiaraDennis_2020-02-05_2020-02-20,Event_CiaraDennis,DWELL_PATTERN_IFw1080q010_AEw336q975,15,36,361,-21,41.551247,99.722992,-58.171745
Event_CiaraDennis_2020-02-05_2020-02-20,Event_CiaraDennis,DWELL_PATTERN_IFw1080q010_AEw336q990,10,36,361,-26,27.700831,99.722992,-72.022161
Event_CiaraDennis_2020-02-05_2020-02-20,Event_CiaraDennis,DWELL_PATTERN_IFw1080q010_AEw720q950,12,36,361,-24,33.240997,99.722992,-66.481995
Event_CiaraDennis_2020-02-05_2020-02-20,Event_CiaraDennis,DWELL_PATTERN_IFw1080q010_AEw720q975,7,36,361,-29,19.390582,99.722992,-80.33241
Event_CiaraDennis_2020-02-05_2020-02-20,Event_CiaraDennis,DWELL_PATTERN_IFw1080q010_AEw720q990,5,36,361,-31,13.850416,99.722992,-85.872576
Event_CiaraDennis_2020-02-05_2020-02-20,Event_CiaraDennis,DWELL_PATTERN_IFw1080q030_AEw1080q950,15,36,361,-21,41.551247,99.722992,-58.171745
Event_CiaraDennis_2020-02-05_2020-02-20,Event_CiaraDennis,DWELL_PATTERN_IFw1080q030_AEw1080q975,14,36,361,-22,38.781163,99.722992,-60.941829
Event_CiaraDennis_2020-02-05_2020-02-20,Event_CiaraDennis,DWELL_PATTERN_IFw1080q030_AEw1080q990,13,36,361,-23,36.01108,99.722992,-63.711912
Event_CiaraDennis_2020-02-05_2020-02-20,Event_CiaraDennis,DWELL_PATTERN_IFw1080q030_AEw336q950,31,36,361,-5,85.872576,99.722992,-13.850416
Event_CiaraDennis_2020-02-05_2020-02-20,Event_CiaraDennis,DWELL_PATTERN_IFw1080q030_AEw336q975,19,36,361,-17,52.631579,99.722992,-47.091413
Event_CiaraDennis_2020-02-05_2020-02-20,Event_CiaraDennis,DWELL_PATTERN_IFw1080q030_AEw336q990,16,36,361,-20,44.32133,99.722992,-55.401662
Event_CiaraDennis_2020-02-05_2020-02-20,Event_CiaraDennis,DWELL_PATTERN_IFw1080q030_AEw720q950,16,36,361,-20,44.32133,99.722992,-55.401662
Event_CiaraDennis_2020-02-05_2020-02-20,Event_CiaraDennis,DWELL_PATTERN_IFw1080q030_AEw720q975,13,36,361,-23,36.01108,99.722992,-63.711912
Event_CiaraDennis_2020-02-05_2020-02-20,Event_CiaraDennis,DWELL_PATTERN_IFw1080q030_AEw720q990,13,36,361,-23,36.01108,99.722992,-63.711912
Event_CiaraDennis_2020-02-05_2020-02-20,Event_CiaraDennis,DWELL_PATTERN_IFw1440q010_AEw1080q950,11,36,361,-25,30.470914,99.722992,-69.252078
Event_CiaraDennis_2020-02-05_2020-02-20,Event_CiaraDennis,DWELL_PATTERN_IFw1440q010_AEw1080q975,9,36,361,-27,24.930748,99.722992,-74.792244
Event_CiaraDennis_2020-02-05_2020-02-20,Event_CiaraDennis,DWELL_PATTERN_IFw1440q010_AEw1080q990,6,36,361,-30,16.620499,99.722992,-83.102493
Event_CiaraDennis_2020-02-05_2020-02-20,Event_CiaraDennis,DWELL_PATTERN_IFw1440q010_AEw336q950,27,36,361,-9,74.792244,99.722992,-24.930748
Event_CiaraDennis_2020-02-05_2020-02-20,Event_CiaraDennis,DWELL_PATTERN_IFw1440q010_AEw336q975,15,36,361,-21,41.551247,99.722992,-58.171745
Event_CiaraDennis_2020-02-05_2020-02-20,Event_CiaraDennis,DWELL_PATTERN_IFw1440q010_AEw336q990,10,36,361,-26,27.700831,99.722992,-72.022161
Event_CiaraDennis_2020-02-05_2020-02-20,Event_CiaraDennis,DWELL_PATTERN_IFw1440q010_AEw720q950,12,36,361,-24,33.240997,99.722992,-66.481995
Event_CiaraDennis_2020-02-05_2020-02-20,Event_CiaraDennis,DWELL_PATTERN_IFw1440q010_AEw720q975,7,36,361,-29,19.390582,99.722992,-80.33241
Event_CiaraDennis_2020-02-05_2020-02-20,Event_CiaraDennis,DWELL_PATTERN_IFw1440q010_AEw720q990,6,36,361,-30,16.620499,99.722992,-83.102493
Event_CiaraDennis_2020-02-05_2020-02-20,Event_CiaraDennis,DWELL_PATTERN_IFw1440q030_AEw1080q950,18,36,361,-18,49.861496,99.722992,-49.861496
Event_CiaraDennis_2020-02-05_2020-02-20,Event_CiaraDennis,DWELL_PATTERN_IFw1440q030_AEw1080q975,17,36,361,-19,47.091413,99.722992,-52.631579
Event_CiaraDennis_2020-02-05_2020-02-20,Event_CiaraDennis,DWELL_PATTERN_IFw1440q030_AEw1080q990,16,36,361,-20,44.32133,99.722992,-55.401662
Event_CiaraDennis_2020-02-05_2020-02-20,Event_CiaraDennis,DWELL_PATTERN_IFw1440q030_AEw336q950,34,36,361,-2,94.182825,99.722992,-5.540167
Event_CiaraDennis_2020-02-05_2020-02-20,Event_CiaraDennis,DWELL_PATTERN_IFw1440q030_AEw336q975,22,36,361,-14,60.941828,99.722992,-38.781164
Event_CiaraDennis_2020-02-05_2020-02-20,Event_CiaraDennis,DWELL_PATTERN_IFw1440q030_AEw336q990,19,36,361,-17,52.631579,99.722992,-47.091413
Event_CiaraDennis_2020-02-05_2020-02-20,Event_CiaraDennis,DWELL_PATTERN_IFw1440q030_AEw720q950,19,36,361,-17,52.631579,99.722992,-47.091413
Event_CiaraDennis_2020-02-05_2020-02-20,Event_CiaraDennis,DWELL_PATTERN_IFw1440q030_AEw720q975,16,36,361,-20,44.32133,99.722992,-55.401662
Event_CiaraDennis_2020-02-05_2020-02-20,Event_CiaraDennis,DWELL_PATTERN_IFw1440q030_AEw720q990,16,36,361,-20,44.32133,99.722992,-55.401662
Event_CiaraDennis_2020-02-05_2020-02-20,Event_CiaraDennis,DWELL_PATTERN_IFw336q010_AEw1080q950,12,36,361,-24,33.240997,99.722992,-66.481995
Event_CiaraDennis_2020-02-05_2020-02-20,Event_CiaraDennis,DWELL_PATTERN_IFw336q010_AEw1080q975,10,36,361,-26,27.700831,99.722992,-72.022161
Event_CiaraDennis_2020-02-05_2020-02-20,Event_CiaraDennis,DWELL_PATTERN_IFw336q010_AEw1080q990,6,36,361,-30,16.620499,99.722992,-83.102493
Event_CiaraDennis_2020-02-05_2020-02-20,Event_CiaraDennis,DWELL_PATTERN_IFw336q010_AEw336q950,28,36,361,-8,77.562327,99.722992,-22.160665
Event_CiaraDennis_2020-02-05_2020-02-20,Event_CiaraDennis,DWELL_PATTERN_IFw336q010_AEw336q975,16,36,361,-20,44.32133,99.722992,-55.401662
Event_CiaraDennis_2020-02-05_2020-02-20,Event_CiaraDennis,DWELL_PATTERN_IFw336q010_AEw336q990,11,36,361,-25,30.470914,99.722992,-69.252078
Event_CiaraDennis_2020-02-05_2020-02-20,Event_CiaraDennis,DWELL_PATTERN_IFw336q010_AEw720q950,13,36,361,-23,36.01108,99.722992,-63.711912
Event_CiaraDennis_2020-02-05_2020-02-20,Event_CiaraDennis,DWELL_PATTERN_IFw336q010_AEw720q975,8,36,361,-28,22.160665,99.722992,-77.562327
Event_CiaraDennis_2020-02-05_2020-02-20,Event_CiaraDennis,DWELL_PATTERN_IFw336q010_AEw720q990,6,36,361,-30,16.620499,99.722992,-83.102493
Event_CiaraDennis_2020-02-05_2020-02-20,Event_CiaraDennis,DWELL_PATTERN_IFw336q030_AEw1080q950,18,36,361,-18,49.861496,99.722992,-49.861496
Event_CiaraDennis_2020-02-05_2020-02-20,Event_CiaraDennis,DWELL_PATTERN_IFw336q030_AEw1080q975,17,36,361,-19,47.091413,99.722992,-52.631579
Event_CiaraDennis_2020-02-05_2020-02-20,Event_CiaraDennis,DWELL_PATTERN_IFw336q030_AEw1080q990,16,36,361,-20,44.32133,99.722992,-55.401662
Event_CiaraDennis_2020-02-05_2020-02-20,Event_CiaraDennis,DWELL_PATTERN_IFw336q030_AEw336q950,34,36,361,-2,94.182825,99.722992,-5.540167
Event_CiaraDennis_2020-02-05_2020-02-20,Event_CiaraDennis,DWELL_PATTERN_IFw336q030_AEw336q975,22,36,361,-14,60.941828,99.722992,-38.781164
Event_CiaraDennis_2020-02-05_2020-02-20,Event_CiaraDennis,DWELL_PATTERN_IFw336q030_AEw336q990,19,36,361,-17,52.631579,99.722992,-47.091413
Event_CiaraDennis_2020-02-05_2020-02-20,Event_CiaraDennis,DWELL_PATTERN_IFw336q030_AEw720q950,19,36,361,-17,52.631579,99.722992,-47.091413
Event_CiaraDennis_2020-02-05_2020-02-20,Event_CiaraDennis,DWELL_PATTERN_IFw336q030_AEw720q975,16,36,361,-20,44.32133,99.722992,-55.401662
Event_CiaraDennis_2020-02-05_2020-02-20,Event_CiaraDennis,DWELL_PATTERN_IFw336q030_AEw720q990,16,36,361,-20,44.32133,99.722992,-55.401662
Event_CiaraDennis_2020-02-05_2020-02-20,Event_CiaraDennis,DWELL_PATTERN_IFw720q010_AEw1080q950,11,36,361,-25,30.470914,99.722992,-69.252078
Event_CiaraDennis_2020-02-05_2020-02-20,Event_CiaraDennis,DWELL_PATTERN_IFw720q010_AEw1080q975,10,36,361,-26,27.700831,99.722992,-72.022161
Event_CiaraDennis_2020-02-05_2020-02-20,Event_CiaraDennis,DWELL_PATTERN_IFw720q010_AEw1080q990,6,36,361,-30,16.620499,99.722992,-83.102493
Event_CiaraDennis_2020-02-05_2020-02-20,Event_CiaraDennis,DWELL_PATTERN_IFw720q010_AEw336q950,27,36,361,-9,74.792244,99.722992,-24.930748
Event_CiaraDennis_2020-02-05_2020-02-20,Event_CiaraDennis,DWELL_PATTERN_IFw720q010_AEw336q975,15,36,361,-21,41.551247,99.722992,-58.171745
Event_CiaraDennis_2020-02-05_2020-02-20,Event_CiaraDennis,DWELL_PATTERN_IFw720q010_AEw336q990,11,36,361,-25,30.470914,99.722992,-69.252078
Event_CiaraDennis_2020-02-05_2020-02-20,Event_CiaraDennis,DWELL_PATTERN_IFw720q010_AEw720q950,12,36,361,-24,33.240997,99.722992,-66.481995
Event_CiaraDennis_2020-02-05_2020-02-20,Event_CiaraDennis,DWELL_PATTERN_IFw720q010_AEw720q975,7,36,361,-29,19.390582,99.722992,-80.33241
Event_CiaraDennis_2020-02-05_2020-02-20,Event_CiaraDennis,DWELL_PATTERN_IFw720q010_AEw720q990,6,36,361,-30,16.620499,99.722992,-83.102493
Event_CiaraDennis_2020-02-05_2020-02-20,Event_CiaraDennis,DWELL_PATTERN_IFw720q030_AEw1080q950,19,36,361,-17,52.631579,99.722992,-47.091413
Event_CiaraDennis_2020-02-05_2020-02-20,Event_CiaraDennis,DWELL_PATTERN_IFw720q030_AEw1080q975,19,36,361,-17,52.631579,99.722992,-47.091413
Event_CiaraDennis_2020-02-05_2020-02-20,Event_CiaraDennis,DWELL_PATTERN_IFw720q030_AEw1080q990,17,36,361,-19,47.091413,99.722992,-52.631579
Event_CiaraDennis_2020-02-05_2020-02-20,Event_CiaraDennis,DWELL_PATTERN_IFw720q030_AEw336q950,35,36,361,-1,96.952909,99.722992,-2.770083
Event_CiaraDennis_2020-02-05_2020-02-20,Event_CiaraDennis,DWELL_PATTERN_IFw720q030_AEw336q975,23,36,361,-13,63.711911,99.722992,-36.011081
Event_CiaraDennis_2020-02-05_2020-02-20,Event_CiaraDennis,DWELL_PATTERN_IFw720q030_AEw336q990,20,36,361,-16,55.401662,99.722992,-44.32133
Event_CiaraDennis_2020-02-05_2020-02-20,Event_CiaraDennis,DWELL_PATTERN_IFw720q030_AEw720q950,20,36,361,-16,55.401662,99.722992,-44.32133
Event_CiaraDennis_2020-02-05_2020-02-20,Event_CiaraDennis,DWELL_PATTERN_IFw720q030_AEw720q975,17,36,361,-19,47.091413,99.722992,-52.631579
Event_CiaraDennis_2020-02-05_2020-02-20,Event_CiaraDennis,DWELL_PATTERN_IFw720q030_AEw720q990,17,36,361,-19,47.091413,99.722992,-52.631579
Event_CiaraDennis_2020-02-05_2020-02-20,Event_CiaraDennis,adaptive_IFw1080q010_AEw1080q950,15,36,361,-21,41.551247,99.722992,-58.171745
Event_CiaraDennis_2020-02-05_2020-02-20,Event_CiaraDennis,adaptive_IFw1080q010_AEw1080q975,11,36,361,-25,30.470914,99.722992,-69.252078
Event_CiaraDennis_2020-02-05_2020-02-20,Event_CiaraDennis,adaptive_IFw1080q010_AEw1080q990,6,36,361,-30,16.620499,99.722992,-83.102493
Event_CiaraDennis_2020-02-05_2020-02-20,Event_CiaraDennis,adaptive_IFw1080q010_AEw336q950,53,36,361,17,146.814404,99.722992,47.091412
Event_CiaraDennis_2020-02-05_2020-02-20,Event_CiaraDennis,adaptive_IFw1080q010_AEw336q975,34,36,361,-2,94.182825,99.722992,-5.540167
Event_CiaraDennis_2020-02-05_2020-02-20,Event_CiaraDennis,adaptive_IFw1080q010_AEw336q990,22,36,361,-14,60.941828,99.722992,-38.781164
Event_CiaraDennis_2020-02-05_2020-02-20,Event_CiaraDennis,adaptive_IFw1080q010_AEw720q950,15,36,361,-21,41.551247,99.722992,-58.171745
Event_CiaraDennis_2020-02-05_2020-02-20,Event_CiaraDennis,adaptive_IFw1080q010_AEw720q975,8,36,361,-28,22.160665,99.722992,-77.562327
Event_CiaraDennis_2020-02-05_2020-02-20,Event_CiaraDennis,adaptive_IFw1080q010_AEw720q990,6,36,361,-30,16.620499,99.722992,-83.102493
Event_CiaraDennis_2020-02-05_2020-02-20,Event_CiaraDennis,adaptive_IFw1080q030_AEw1080q950,19,36,361,-17,52.631579,99.722992,-47.091413
Event_CiaraDennis_2020-02-05_2020-02-20,Event_CiaraDennis,adaptive_IFw1080q030_AEw1080q975,15,36,361,-21,41.551247,99.722992,-58.171745
Event_CiaraDennis_2020-02-05_2020-02-20,Event_CiaraDennis,adaptive_IFw1080q030_AEw1080q990,13,36,361,-23,36.01108,99.722992,-63.711912
Event_CiaraDennis_2020-02-05_2020-02-20,Event_CiaraDennis,adaptive_IFw1080q030_AEw336q950,57,36,361,21,157.894737,99.722992,58.171745
Event_CiaraDennis_2020-02-05_2020-02-20,Event_CiaraDennis,adaptive_IFw1080q030_AEw336q975,38,36,361,2,105.263158,99.722992,5.540166
Event_CiaraDennis_2020-02-05_2020-02-20,Event_CiaraDennis,adaptive_IFw1080q030_AEw336q990,28,36,361,-8,77.562327,99.722992,-22.160665
Event_CiaraDennis_2020-02-05_2020-02-20,Event_CiaraDennis,adaptive_IFw1080q030_AEw720q950,19,36,361,-17,52.631579,99.722992,-47.091413
Event_CiaraDennis_2020-02-05_2020-02-20,Event_CiaraDennis,adaptive_IFw1080q030_AEw720q975,14,36,361,-22,38.781163,99.722992,-60.941829
Event_CiaraDennis_2020-02-05_2020-02-20,Event_CiaraDennis,adaptive_IFw1080q030_AEw720q990,13,36,361,-23,36.01108,99.722992,-63.711912
Event_CiaraDennis_2020-02-05_2020-02-20,Event_CiaraDennis,adaptive_IFw1440q010_AEw1080q950,15,36,361,-21,41.551247,99.722992,-58.171745
Event_CiaraDennis_2020-02-05_2020-02-20,Event_CiaraDennis,adaptive_IFw1440q010_AEw1080q975,11,36,361,-25,30.470914,99.722992,-69.252078
Event_CiaraDennis_2020-02-05_2020-02-20,Event_CiaraDennis,adaptive_IFw1440q010_AEw1080q990,6,36,361,-30,16.620499,99.722992,-83.102493
Event_CiaraDennis_2020-02-05_2020-02-20,Event_CiaraDennis,adaptive_IFw1440q010_AEw336q950,53,36,361,17,146.814404,99.722992,47.091412
Event_CiaraDennis_2020-02-05_2020-02-20,Event_CiaraDennis,adaptive_IFw1440q010_AEw336q975,34,36,361,-2,94.182825,99.722992,-5.540167
Event_CiaraDennis_2020-02-05_2020-02-20,Event_CiaraDennis,adaptive_IFw1440q010_AEw336q990,22,36,361,-14,60.941828,99.722992,-38.781164
Event_CiaraDennis_2020-02-05_2020-02-20,Event_CiaraDennis,adaptive_IFw1440q010_AEw720q950,15,36,361,-21,41.551247,99.722992,-58.171745
Event_CiaraDennis_2020-02-05_2020-02-20,Event_CiaraDennis,adaptive_IFw1440q010_AEw720q975,8,36,361,-28,22.160665,99.722992,-77.562327
Event_CiaraDennis_2020-02-05_2020-02-20,Event_CiaraDennis,adaptive_IFw1440q010_AEw720q990,7,36,361,-29,19.390582,99.722992,-80.33241
Event_CiaraDennis_2020-02-05_2020-02-20,Event_CiaraDennis,adaptive_IFw1440q030_AEw1080q950,22,36,361,-14,60.941828,99.722992,-38.781164
Event_CiaraDennis_2020-02-05_2020-02-20,Event_CiaraDennis,adaptive_IFw1440q030_AEw1080q975,18,36,361,-18,49.861496,99.722992,-49.861496
Event_CiaraDennis_2020-02-05_2020-02-20,Event_CiaraDennis,adaptive_IFw1440q030_AEw1080q990,16,36,361,-20,44.32133,99.722992,-55.401662
Event_CiaraDennis_2020-02-05_2020-02-20,Event_CiaraDennis,adaptive_IFw1440q030_AEw336q950,59,36,361,23,163.434903,99.722992,63.711911
Event_CiaraDennis_2020-02-05_2020-02-20,Event_CiaraDennis,adaptive_IFw1440q030_AEw336q975,41,36,361,5,113.573407,99.722992,13.850415
Event_CiaraDennis_2020-02-05_2020-02-20,Event_CiaraDennis,adaptive_IFw1440q030_AEw336q990,31,36,361,-5,85.872576,99.722992,-13.850416
Event_CiaraDennis_2020-02-05_2020-02-20,Event_CiaraDennis,adaptive_IFw1440q030_AEw720q950,22,36,361,-14,60.941828,99.722992,-38.781164
Event_CiaraDennis_2020-02-05_2020-02-20,Event_CiaraDennis,adaptive_IFw1440q030_AEw720q975,17,36,361,-19,47.091413,99.722992,-52.631579
Event_CiaraDennis_2020-02-05_2020-02-20,Event_CiaraDennis,adaptive_IFw1440q030_AEw720q990,16,36,361,-20,44.32133,99.722992,-55.401662
Event_CiaraDennis_2020-02-05_2020-02-20,Event_CiaraDennis,adaptive_IFw336q010_AEw1080q950,16,36,361,-20,44.32133,99.722992,-55.401662
Event_CiaraDennis_2020-02-05_2020-02-20,Event_CiaraDennis,adaptive_IFw336q010_AEw1080q975,12,36,361,-24,33.240997,99.722992,-66.481995
Event_CiaraDennis_2020-02-05_2020-02-20,Event_CiaraDennis,adaptive_IFw336q010_AEw1080q990,7,36,361,-29,19.390582,99.722992,-80.33241
Event_CiaraDennis_2020-02-05_2020-02-20,Event_CiaraDennis,adaptive_IFw336q010_AEw336q950,54,36,361,18,149.584488,99.722992,49.861496
Event_CiaraDennis_2020-02-05_2020-02-20,Event_CiaraDennis,adaptive_IFw336q010_AEw336q975,35,36,361,-1,96.952909,99.722992,-2.770083
Event_CiaraDennis_2020-02-05_2020-02-20,Event_CiaraDennis,adaptive_IFw336q010_AEw336q990,23,36,361,-13,63.711911,99.722992,-36.011081
Event_CiaraDennis_2020-02-05_2020-02-20,Event_CiaraDennis,adaptive_IFw336q010_AEw720q950,16,36,361,-20,44.32133,99.722992,-55.401662
Event_CiaraDennis_2020-02-05_2020-02-20,Event_CiaraDennis,adaptive_IFw336q010_AEw720q975,9,36,361,-27,24.930748,99.722992,-74.792244
Event_CiaraDennis_2020-02-05_2020-02-20,Event_CiaraDennis,adaptive_IFw336q010_AEw720q990,7,36,361,-29,19.390582,99.722992,-80.33241
Event_CiaraDennis_2020-02-05_2020-02-20,Event_CiaraDennis,adaptive_IFw336q030_AEw1080q950,22,36,361,-14,60.941828,99.722992,-38.781164
Event_CiaraDennis_2020-02-05_2020-02-20,Event_CiaraDennis,adaptive_IFw336q030_AEw1080q975,18,36,361,-18,49.861496,99.722992,-49.861496
Event_CiaraDennis_2020-02-05_2020-02-20,Event_CiaraDennis,adaptive_IFw336q030_AEw1080q990,16,36,361,-20,44.32133,99.722992,-55.401662
Event_CiaraDennis_2020-02-05_2020-02-20,Event_CiaraDennis,adaptive_IFw336q030_AEw336q950,59,36,361,23,163.434903,99.722992,63.711911
Event_CiaraDennis_2020-02-05_2020-02-20,Event_CiaraDennis,adaptive_IFw336q030_AEw336q975,41,36,361,5,113.573407,99.722992,13.850415
Event_CiaraDennis_2020-02-05_2020-02-20,Event_CiaraDennis,adaptive_IFw336q030_AEw336q990,31,36,361,-5,85.872576,99.722992,-13.850416
Event_CiaraDennis_2020-02-05_2020-02-20,Event_CiaraDennis,adaptive_IFw336q030_AEw720q950,22,36,361,-14,60.941828,99.722992,-38.781164
Event_CiaraDennis_2020-02-05_2020-02-20,Event_CiaraDennis,adaptive_IFw336q030_AEw720q975,17,36,361,-19,47.091413,99.722992,-52.631579
Event_CiaraDennis_2020-02-05_2020-02-20,Event_CiaraDennis,adaptive_IFw336q030_AEw720q990,16,36,361,-20,44.32133,99.722992,-55.401662
Event_CiaraDennis_2020-02-05_2020-02-20,Event_CiaraDennis,adaptive_IFw720q010_AEw1080q950,15,36,361,-21,41.551247,99.722992,-58.171745
Event_CiaraDennis_2020-02-05_2020-02-20,Event_CiaraDennis,adaptive_IFw720q010_AEw1080q975,11,36,361,-25,30.470914,99.722992,-69.252078
Event_CiaraDennis_2020-02-05_2020-02-20,Event_CiaraDennis,adaptive_IFw720q010_AEw1080q990,7,36,361,-29,19.390582,99.722992,-80.33241
Event_CiaraDennis_2020-02-05_2020-02-20,Event_CiaraDennis,adaptive_IFw720q010_AEw336q950,53,36,361,17,146.814404,99.722992,47.091412
Event_CiaraDennis_2020-02-05_2020-02-20,Event_CiaraDennis,adaptive_IFw720q010_AEw336q975,34,36,361,-2,94.182825,99.722992,-5.540167
Event_CiaraDennis_2020-02-05_2020-02-20,Event_CiaraDennis,adaptive_IFw720q010_AEw336q990,23,36,361,-13,63.711911,99.722992,-36.011081
Event_CiaraDennis_2020-02-05_2020-02-20,Event_CiaraDennis,adaptive_IFw720q010_AEw720q950,15,36,361,-21,41.551247,99.722992,-58.171745
Event_CiaraDennis_2020-02-05_2020-02-20,Event_CiaraDennis,adaptive_IFw720q010_AEw720q975,8,36,361,-28,22.160665,99.722992,-77.562327
Event_CiaraDennis_2020-02-05_2020-02-20,Event_CiaraDennis,adaptive_IFw720q010_AEw720q990,6,36,361,-30,16.620499,99.722992,-83.102493
Event_CiaraDennis_2020-02-05_2020-02-20,Event_CiaraDennis,adaptive_IFw720q030_AEw1080q950,23,36,361,-13,63.711911,99.722992,-36.011081
Event_CiaraDennis_2020-02-05_2020-02-20,Event_CiaraDennis,adaptive_IFw720q030_AEw1080q975,20,36,361,-16,55.401662,99.722992,-44.32133
Event_CiaraDennis_2020-02-05_2020-02-20,Event_CiaraDennis,adaptive_IFw720q030_AEw1080q990,17,36,361,-19,47.091413,99.722992,-52.631579
Event_CiaraDennis_2020-02-05_2020-02-20,Event_CiaraDennis,adaptive_IFw720q030_AEw336q950,60,36,361,24,166.204986,99.722992,66.481994
Event_CiaraDennis_2020-02-05_2020-02-20,Event_CiaraDennis,adaptive_IFw720q030_AEw336q975,42,36,361,6,116.34349,99.722992,16.620498
Event_CiaraDennis_2020-02-05_2020-02-20,Event_CiaraDennis,adaptive_IFw720q030_AEw336q990,32,36,361,-4,88.642659,99.722992,-11.080333
Event_CiaraDennis_2020-02-05_2020-02-20,Event_CiaraDennis,adaptive_IFw720q030_AEw720q950,23,36,361,-13,63.711911,99.722992,-36.011081
Event_CiaraDennis_2020-02-05_2020-02-20,Event_CiaraDennis,adaptive_IFw720q030_AEw720q975,18,36,361,-18,49.861496,99.722992,-49.861496
Event_CiaraDennis_2020-02-05_2020-02-20,Event_CiaraDennis,adaptive_IFw720q030_AEw720q990,17,36,361,-19,47.091413,99.722992,-52.631579
Event_Eunice_2022-02-12_2022-02-25,Event_Eunice,CAPPED_minmax_IFw1080q010_AEw1080q950,50,48,313,2,159.744409,153.354633,6.389776
Event_Eunice_2022-02-12_2022-02-25,Event_Eunice,CAPPED_minmax_IFw1080q010_AEw1080q975,39,48,313,-9,124.600639,153.354633,-28.753994
Event_Eunice_2022-02-12_2022-02-25,Event_Eunice,CAPPED_minmax_IFw1080q010_AEw1080q990,26,48,313,-22,83.067093,153.354633,-70.28754
Event_Eunice_2022-02-12_2022-02-25,Event_Eunice,CAPPED_minmax_IFw1080q010_AEw336q950,36,48,313,-12,115.015974,153.354633,-38.338659
Event_Eunice_2022-02-12_2022-02-25,Event_Eunice,CAPPED_minmax_IFw1080q010_AEw336q975,29,48,313,-19,92.651757,153.354633,-60.702876
Event_Eunice_2022-02-12_2022-02-25,Event_Eunice,CAPPED_minmax_IFw1080q010_AEw336q990,22,48,313,-26,70.28754,153.354633,-83.067093
Event_Eunice_2022-02-12_2022-02-25,Event_Eunice,CAPPED_minmax_IFw1080q010_AEw720q950,47,48,313,-1,150.159744,153.354633,-3.194889
Event_Eunice_2022-02-12_2022-02-25,Event_Eunice,CAPPED_minmax_IFw1080q010_AEw720q975,35,48,313,-13,111.821086,153.354633,-41.533547
Event_Eunice_2022-02-12_2022-02-25,Event_Eunice,CAPPED_minmax_IFw1080q010_AEw720q990,25,48,313,-23,79.872204,153.354633,-73.482429
Event_Eunice_2022-02-12_2022-02-25,Event_Eunice,CAPPED_minmax_IFw1080q030_AEw1080q950,57,48,313,9,182.108626,153.354633,28.753993
Event_Eunice_2022-02-12_2022-02-25,Event_Eunice,CAPPED_minmax_IFw1080q030_AEw1080q975,46,48,313,-2,146.964856,153.354633,-6.389777
Event_Eunice_2022-02-12_2022-02-25,Event_Eunice,CAPPED_minmax_IFw1080q030_AEw1080q990,36,48,313,-12,115.015974,153.354633,-38.338659
Event_Eunice_2022-02-12_2022-02-25,Event_Eunice,CAPPED_minmax_IFw1080q030_AEw336q950,44,48,313,-4,140.57508,153.354633,-12.779553
Event_Eunice_2022-02-12_2022-02-25,Event_Eunice,CAPPED_minmax_IFw1080q030_AEw336q975,38,48,313,-10,121.405751,153.354633,-31.948882
Event_Eunice_2022-02-12_2022-02-25,Event_Eunice,CAPPED_minmax_IFw1080q030_AEw336q990,33,48,313,-15,105.43131,153.354633,-47.923323
Event_Eunice_2022-02-12_2022-02-25,Event_Eunice,CAPPED_minmax_IFw1080q030_AEw720q950,54,48,313,6,172.523962,153.354633,19.169329
Event_Eunice_2022-02-12_2022-02-25,Event_Eunice,CAPPED_minmax_IFw1080q030_AEw720q975,43,48,313,-5,137.380192,153.354633,-15.974441
Event_Eunice_2022-02-12_2022-02-25,Event_Eunice,CAPPED_minmax_IFw1080q030_AEw720q990,36,48,313,-12,115.015974,153.354633,-38.338659
Event_Eunice_2022-02-12_2022-02-25,Event_Eunice,CAPPED_minmax_IFw1440q010_AEw1080q950,50,48,313,2,159.744409,153.354633,6.389776
Event_Eunice_2022-02-12_2022-02-25,Event_Eunice,CAPPED_minmax_IFw1440q010_AEw1080q975,39,48,313,-9,124.600639,153.354633,-28.753994
Event_Eunice_2022-02-12_2022-02-25,Event_Eunice,CAPPED_minmax_IFw1440q010_AEw1080q990,27,48,313,-21,86.261981,153.354633,-67.092652
Event_Eunice_2022-02-12_2022-02-25,Event_Eunice,CAPPED_minmax_IFw1440q010_AEw336q950,36,48,313,-12,115.015974,153.354633,-38.338659
Event_Eunice_2022-02-12_2022-02-25,Event_Eunice,CAPPED_minmax_IFw1440q010_AEw336q975,29,48,313,-19,92.651757,153.354633,-60.702876
Event_Eunice_2022-02-12_2022-02-25,Event_Eunice,CAPPED_minmax_IFw1440q010_AEw336q990,23,48,313,-25,73.482428,153.354633,-79.872205
Event_Eunice_2022-02-12_2022-02-25,Event_Eunice,CAPPED_minmax_IFw1440q010_AEw720q950,47,48,313,-1,150.159744,153.354633,-3.194889
Event_Eunice_2022-02-12_2022-02-25,Event_Eunice,CAPPED_minmax_IFw1440q010_AEw720q975,35,48,313,-13,111.821086,153.354633,-41.533547
Event_Eunice_2022-02-12_2022-02-25,Event_Eunice,CAPPED_minmax_IFw1440q010_AEw720q990,26,48,313,-22,83.067093,153.354633,-70.28754
Event_Eunice_2022-02-12_2022-02-25,Event_Eunice,CAPPED_minmax_IFw1440q030_AEw1080q950,56,48,313,8,178.913738,153.354633,25.559105
Event_Eunice_2022-02-12_2022-02-25,Event_Eunice,CAPPED_minmax_IFw1440q030_AEw1080q975,45,48,313,-3,143.769968,153.354633,-9.584665
Event_Eunice_2022-02-12_2022-02-25,Event_Eunice,CAPPED_minmax_IFw1440q030_AEw1080q990,35,48,313,-13,111.821086,153.354633,-41.533547
Event_Eunice_2022-02-12_2022-02-25,Event_Eunice,CAPPED_minmax_IFw1440q030_AEw336q950,43,48,313,-5,137.380192,153.354633,-15.974441
Event_Eunice_2022-02-12_2022-02-25,Event_Eunice,CAPPED_minmax_IFw1440q030_AEw336q975,37,48,313,-11,118.210863,153.354633,-35.14377
Event_Eunice_2022-02-12_2022-02-25,Event_Eunice,CAPPED_minmax_IFw1440q030_AEw336q990,32,48,313,-16,102.236422,153.354633,-51.118211
Event_Eunice_2022-02-12_2022-02-25,Event_Eunice,CAPPED_minmax_IFw1440q030_AEw720q950,53,48,313,5,169.329073,153.354633,15.97444
Event_Eunice_2022-02-12_2022-02-25,Event_Eunice,CAPPED_minmax_IFw1440q030_AEw720q975,42,48,313,-6,134.185304,153.354633,-19.169329
Event_Eunice_2022-02-12_2022-02-25,Event_Eunice,CAPPED_minmax_IFw1440q030_AEw720q990,35,48,313,-13,111.821086,153.354633,-41.533547
Event_Eunice_2022-02-12_2022-02-25,Event_Eunice,CAPPED_minmax_IFw336q010_AEw1080q950,50,48,313,2,159.744409,153.354633,6.389776
Event_Eunice_2022-02-12_2022-02-25,Event_Eunice,CAPPED_minmax_IFw336q010_AEw1080q975,39,48,313,-9,124.600639,153.354633,-28.753994
Event_Eunice_2022-02-12_2022-02-25,Event_Eunice,CAPPED_minmax_IFw336q010_AEw1080q990,26,48,313,-22,83.067093,153.354633,-70.28754
Event_Eunice_2022-02-12_2022-02-25,Event_Eunice,CAPPED_minmax_IFw336q010_AEw336q950,36,48,313,-12,115.015974,153.354633,-38.338659
Event_Eunice_2022-02-12_2022-02-25,Event_Eunice,CAPPED_minmax_IFw336q010_AEw336q975,29,48,313,-19,92.651757,153.354633,-60.702876
Event_Eunice_2022-02-12_2022-02-25,Event_Eunice,CAPPED_minmax_IFw336q010_AEw336q990,22,48,313,-26,70.28754,153.354633,-83.067093
Event_Eunice_2022-02-12_2022-02-25,Event_Eunice,CAPPED_minmax_IFw336q010_AEw720q950,47,48,313,-1,150.159744,153.354633,-3.194889
Event_Eunice_2022-02-12_2022-02-25,Event_Eunice,CAPPED_minmax_IFw336q010_AEw720q975,35,48,313,-13,111.821086,153.354633,-41.533547
Event_Eunice_2022-02-12_2022-02-25,Event_Eunice,CAPPED_minmax_IFw336q010_AEw720q990,25,48,313,-23,79.872204,153.354633,-73.482429
Event_Eunice_2022-02-12_2022-02-25,Event_Eunice,CAPPED_minmax_IFw336q030_AEw1080q950,51,48,313,3,162.939297,153.354633,9.584664
Event_Eunice_2022-02-12_2022-02-25,Event_Eunice,CAPPED_minmax_IFw336q030_AEw1080q975,40,48,313,-8,127.795527,153.354633,-25.559106
Event_Eunice_2022-02-12_2022-02-25,Event_Eunice,CAPPED_minmax_IFw336q030_AEw1080q990,29,48,313,-19,92.651757,153.354633,-60.702876
Event_Eunice_2022-02-12_2022-02-25,Event_Eunice,CAPPED_minmax_IFw336q030_AEw336q950,38,48,313,-10,121.405751,153.354633,-31.948882
Event_Eunice_2022-02-12_2022-02-25,Event_Eunice,CAPPED_minmax_IFw336q030_AEw336q975,31,48,313,-17,99.041534,153.354633,-54.313099
Event_Eunice_2022-02-12_2022-02-25,Event_Eunice,CAPPED_minmax_IFw336q030_AEw336q990,25,48,313,-23,79.872204,153.354633,-73.482429
Event_Eunice_2022-02-12_2022-02-25,Event_Eunice,CAPPED_minmax_IFw336q030_AEw720q950,48,48,313,0,153.354633,153.354633,0.0
Event_Eunice_2022-02-12_2022-02-25,Event_Eunice,CAPPED_minmax_IFw336q030_AEw720q975,37,48,313,-11,118.210863,153.354633,-35.14377
Event_Eunice_2022-02-12_2022-02-25,Event_Eunice,CAPPED_minmax_IFw336q030_AEw720q990,28,48,313,-20,89.456869,153.354633,-63.897764
Event_Eunice_2022-02-12_2022-02-25,Event_Eunice,CAPPED_minmax_IFw720q010_AEw1080q950,50,48,313,2,159.744409,153.354633,6.389776
Event_Eunice_2022-02-12_2022-02-25,Event_Eunice,CAPPED_minmax_IFw720q010_AEw1080q975,39,48,313,-9,124.600639,153.354633,-28.753994
Event_Eunice_2022-02-12_2022-02-25,Event_Eunice,CAPPED_minmax_IFw720q010_AEw1080q990,26,48,313,-22,83.067093,153.354633,-70.28754
Event_Eunice_2022-02-12_2022-02-25,Event_Eunice,CAPPED_minmax_IFw720q010_AEw336q950,36,48,313,-12,115.015974,153.354633,-38.338659
Event_Eunice_2022-02-12_2022-02-25,Event_Eunice,CAPPED_minmax_IFw720q010_AEw336q975,29,48,313,-19,92.651757,153.354633,-60.702876
Event_Eunice_2022-02-12_2022-02-25,Event_Eunice,CAPPED_minmax_IFw720q010_AEw336q990,22,48,313,-26,70.28754,153.354633,-83.067093
Event_Eunice_2022-02-12_2022-02-25,Event_Eunice,CAPPED_minmax_IFw720q010_AEw720q950,47,48,313,-1,150.159744,153.354633,-3.194889
Event_Eunice_2022-02-12_2022-02-25,Event_Eunice,CAPPED_minmax_IFw720q010_AEw720q975,35,48,313,-13,111.821086,153.354633,-41.533547
Event_Eunice_2022-02-12_2022-02-25,Event_Eunice,CAPPED_minmax_IFw720q010_AEw720q990,25,48,313,-23,79.872204,153.354633,-73.482429
Event_Eunice_2022-02-12_2022-02-25,Event_Eunice,CAPPED_minmax_IFw720q030_AEw1080q950,55,48,313,7,175.71885,153.354633,22.364217
Event_Eunice_2022-02-12_2022-02-25,Event_Eunice,CAPPED_minmax_IFw720q030_AEw1080q975,44,48,313,-4,140.57508,153.354633,-12.779553
Event_Eunice_2022-02-12_2022-02-25,Event_Eunice,CAPPED_minmax_IFw720q030_AEw1080q990,33,48,313,-15,105.43131,153.354633,-47.923323
Event_Eunice_2022-02-12_2022-02-25,Event_Eunice,CAPPED_minmax_IFw720q030_AEw336q950,42,48,313,-6,134.185304,153.354633,-19.169329
Event_Eunice_2022-02-12_2022-02-25,Event_Eunice,CAPPED_minmax_IFw720q030_AEw336q975,35,48,313,-13,111.821086,153.354633,-41.533547
Event_Eunice_2022-02-12_2022-02-25,Event_Eunice,CAPPED_minmax_IFw720q030_AEw336q990,30,48,313,-18,95.846645,153.354633,-57.507988
Event_Eunice_2022-02-12_2022-02-25,Event_Eunice,CAPPED_minmax_IFw720q030_AEw720q950,52,48,313,4,166.134185,153.354633,12.779552
Event_Eunice_2022-02-12_2022-02-25,Event_Eunice,CAPPED_minmax_IFw720q030_AEw720q975,41,48,313,-7,130.990415,153.354633,-22.364218
Event_Eunice_2022-02-12_2022-02-25,Event_Eunice,CAPPED_minmax_IFw720q030_AEw720q990,33,48,313,-15,105.43131,153.354633,-47.923323
Event_Eunice_2022-02-12_2022-02-25,Event_Eunice,DWELL_PATTERN_IFw1080q010_AEw1080q950,37,48,313,-11,118.210863,153.354633,-35.14377
Event_Eunice_2022-02-12_2022-02-25,Event_Eunice,DWELL_PATTERN_IFw1080q010_AEw1080q975,31,48,313,-17,99.041534,153.354633,-54.313099
Event_Eunice_2022-02-12_2022-02-25,Event_Eunice,DWELL_PATTERN_IFw1080q010_AEw1080q990,16,48,313,-32,51.118211,153.354633,-102.236422
Event_Eunice_2022-02-12_2022-02-25,Event_Eunice,DWELL_PATTERN_IFw1080q010_AEw336q950,28,48,313,-20,89.456869,153.354633,-63.897764
Event_Eunice_2022-02-12_2022-02-25,Event_Eunice,DWELL_PATTERN_IFw1080q010_AEw336q975,20,48,313,-28,63.897764,153.354633,-89.456869
Event_Eunice_2022-02-12_2022-02-25,Event_Eunice,DWELL_PATTERN_IFw1080q010_AEw336q990,14,48,313,-34,44.728435,153.354633,-108.626198
Event_Eunice_2022-02-12_2022-02-25,Event_Eunice,DWELL_PATTERN_IFw1080q010_AEw720q950,37,48,313,-11,118.210863,153.354633,-35.14377
Event_Eunice_2022-02-12_2022-02-25,Event_Eunice,DWELL_PATTERN_IFw1080q010_AEw720q975,27,48,313,-21,86.261981,153.354633,-67.092652
Event_Eunice_2022-02-12_2022-02-25,Event_Eunice,DWELL_PATTERN_IFw1080q010_AEw720q990,16,48,313,-32,51.118211,153.354633,-102.236422
Event_Eunice_2022-02-12_2022-02-25,Event_Eunice,DWELL_PATTERN_IFw1080q030_AEw1080q950,45,48,313,-3,143.769968,153.354633,-9.584665
Event_Eunice_2022-02-12_2022-02-25,Event_Eunice,DWELL_PATTERN_IFw1080q030_AEw1080q975,40,48,313,-8,127.795527,153.354633,-25.559106
Event_Eunice_2022-02-12_2022-02-25,Event_Eunice,DWELL_PATTERN_IFw1080q030_AEw1080q990,28,48,313,-20,89.456869,153.354633,-63.897764
Event_Eunice_2022-02-12_2022-02-25,Event_Eunice,DWELL_PATTERN_IFw1080q030_AEw336q950,39,48,313,-9,124.600639,153.354633,-28.753994
Event_Eunice_2022-02-12_2022-02-25,Event_Eunice,DWELL_PATTERN_IFw1080q030_AEw336q975,32,48,313,-16,102.236422,153.354633,-51.118211
Event_Eunice_2022-02-12_2022-02-25,Event_Eunice,DWELL_PATTERN_IFw1080q030_AEw336q990,26,48,313,-22,83.067093,153.354633,-70.28754
Event_Eunice_2022-02-12_2022-02-25,Event_Eunice,DWELL_PATTERN_IFw1080q030_AEw720q950,45,48,313,-3,143.769968,153.354633,-9.584665
Event_Eunice_2022-02-12_2022-02-25,Event_Eunice,DWELL_PATTERN_IFw1080q030_AEw720q975,38,48,313,-10,121.405751,153.354633,-31.948882
Event_Eunice_2022-02-12_2022-02-25,Event_Eunice,DWELL_PATTERN_IFw1080q030_AEw720q990,28,48,313,-20,89.456869,153.354633,-63.897764
Event_Eunice_2022-02-12_2022-02-25,Event_Eunice,DWELL_PATTERN_IFw1440q010_AEw1080q950,38,48,313,-10,121.405751,153.354633,-31.948882
Event_Eunice_2022-02-12_2022-02-25,Event_Eunice,DWELL_PATTERN_IFw1440q010_AEw1080q975,32,48,313,-16,102.236422,153.354633,-51.118211
Event_Eunice_2022-02-12_2022-02-25,Event_Eunice,DWELL_PATTERN_IFw1440q010_AEw1080q990,17,48,313,-31,54.313099,153.354633,-99.041534
Event_Eunice_2022-02-12_2022-02-25,Event_Eunice,DWELL_PATTERN_IFw1440q010_AEw336q950,29,48,313,-19,92.651757,153.354633,-60.702876
Event_Eunice_2022-02-12_2022-02-25,Event_Eunice,DWELL_PATTERN_IFw1440q010_AEw336q975,21,48,313,-27,67.092652,153.354633,-86.261981
Event_Eunice_2022-02-12_2022-02-25,Event_Eunice,DWELL_PATTERN_IFw1440q010_AEw336q990,15,48,313,-33,47.923323,153.354633,-105.43131
Event_Eunice_2022-02-12_2022-02-25,Event_Eunice,DWELL_PATTERN_IFw1440q010_AEw720q950,38,48,313,-10,121.405751,153.354633,-31.948882
Event_Eunice_2022-02-12_2022-02-25,Event_Eunice,DWELL_PATTERN_IFw1440q010_AEw720q975,28,48,313,-20,89.456869,153.354633,-63.897764
Event_Eunice_2022-02-12_2022-02-25,Event_Eunice,DWELL_PATTERN_IFw1440q010_AEw720q990,17,48,313,-31,54.313099,153.354633,-99.041534
Event_Eunice_2022-02-12_2022-02-25,Event_Eunice,DWELL_PATTERN_IFw1440q030_AEw1080q950,44,48,313,-4,140.57508,153.354633,-12.779553
Event_Eunice_2022-02-12_2022-02-25,Event_Eunice,DWELL_PATTERN_IFw1440q030_AEw1080q975,39,48,313,-9,124.600639,153.354633,-28.753994
Event_Eunice_2022-02-12_2022-02-25,Event_Eunice,DWELL_PATTERN_IFw1440q030_AEw1080q990,27,48,313,-21,86.261981,153.354633,-67.092652
Event_Eunice_2022-02-12_2022-02-25,Event_Eunice,DWELL_PATTERN_IFw1440q030_AEw336q950,38,48,313,-10,121.405751,153.354633,-31.948882
Event_Eunice_2022-02-12_2022-02-25,Event_Eunice,DWELL_PATTERN_IFw1440q030_AEw336q975,31,48,313,-17,99.041534,153.354633,-54.313099
Event_Eunice_2022-02-12_2022-02-25,Event_Eunice,DWELL_PATTERN_IFw1440q030_AEw336q990,25,48,313,-23,79.872204,153.354633,-73.482429
Event_Eunice_2022-02-12_2022-02-25,Event_Eunice,DWELL_PATTERN_IFw1440q030_AEw720q950,44,48,313,-4,140.57508,153.354633,-12.779553
Event_Eunice_2022-02-12_2022-02-25,Event_Eunice,DWELL_PATTERN_IFw1440q030_AEw720q975,37,48,313,-11,118.210863,153.354633,-35.14377
Event_Eunice_2022-02-12_2022-02-25,Event_Eunice,DWELL_PATTERN_IFw1440q030_AEw720q990,27,48,313,-21,86.261981,153.354633,-67.092652
Event_Eunice_2022-02-12_2022-02-25,Event_Eunice,DWELL_PATTERN_IFw336q010_AEw1080q950,37,48,313,-11,118.210863,153.354633,-35.14377
Event_Eunice_2022-02-12_2022-02-25,Event_Eunice,DWELL_PATTERN_IFw336q010_AEw1080q975,30,48,313,-18,95.846645,153.354633,-57.507988
Event_Eunice_2022-02-12_2022-02-25,Event_Eunice,DWELL_PATTERN_IFw336q010_AEw1080q990,15,48,313,-33,47.923323,153.354633,-105.43131
Event_Eunice_2022-02-12_2022-02-25,Event_Eunice,DWELL_PATTERN_IFw336q010_AEw336q950,27,48,313,-21,86.261981,153.354633,-67.092652
Event_Eunice_2022-02-12_2022-02-25,Event_Eunice,DWELL_PATTERN_IFw336q010_AEw336q975,19,48,313,-29,60.702875,153.354633,-92.651758
Event_Eunice_2022-02-12_2022-02-25,Event_Eunice,DWELL_PATTERN_IFw336q010_AEw336q990,13,48,313,-35,41.533546,153.354633,-111.821087
Event_Eunice_2022-02-12_2022-02-25,Event_Eunice,DWELL_PATTERN_IFw336q010_AEw720q950,36,48,313,-12,115.015974,153.354633,-38.338659
Event_Eunice_2022-02-12_2022-02-25,Event_Eunice,DWELL_PATTERN_IFw336q010_AEw720q975,26,48,313,-22,83.067093,153.354633,-70.28754
Event_Eunice_2022-02-12_2022-02-25,Event_Eunice,DWELL_PATTERN_IFw336q010_AEw720q990,15,48,313,-33,47.923323,153.354633,-105.43131
Event_Eunice_2022-02-12_2022-02-25,Event_Eunice,DWELL_PATTERN_IFw336q030_AEw1080q950,39,48,313,-9,124.600639,153.354633,-28.753994
Event_Eunice_2022-02-12_2022-02-25,Event_Eunice,DWELL_PATTERN_IFw336q030_AEw1080q975,33,48,313,-15,105.43131,153.354633,-47.923323
Event_Eunice_2022-02-12_2022-02-25,Event_Eunice,DWELL_PATTERN_IFw336q030_AEw1080q990,20,48,313,-28,63.897764,153.354633,-89.456869
Event_Eunice_2022-02-12_2022-02-25,Event_Eunice,DWELL_PATTERN_IFw336q030_AEw336q950,31,48,313,-17,99.041534,153.354633,-54.313099
Event_Eunice_2022-02-12_2022-02-25,Event_Eunice,DWELL_PATTERN_IFw336q030_AEw336q975,24,48,313,-24,76.677316,153.354633,-76.677317
Event_Eunice_2022-02-12_2022-02-25,Event_Eunice,DWELL_PATTERN_IFw336q030_AEw336q990,18,48,313,-30,57.507987,153.354633,-95.846646
Event_Eunice_2022-02-12_2022-02-25,Event_Eunice,DWELL_PATTERN_IFw336q030_AEw720q950,39,48,313,-9,124.600639,153.354633,-28.753994
Event_Eunice_2022-02-12_2022-02-25,Event_Eunice,DWELL_PATTERN_IFw336q030_AEw720q975,30,48,313,-18,95.846645,153.354633,-57.507988
Event_Eunice_2022-02-12_2022-02-25,Event_Eunice,DWELL_PATTERN_IFw336q030_AEw720q990,20,48,313,-28,63.897764,153.354633,-89.456869
Event_Eunice_2022-02-12_2022-02-25,Event_Eunice,DWELL_PATTERN_IFw720q010_AEw1080q950,37,48,313,-11,118.210863,153.354633,-35.14377
Event_Eunice_2022-02-12_2022-02-25,Event_Eunice,DWELL_PATTERN_IFw720q010_AEw1080q975,31,48,313,-17,99.041534,153.354633,-54.313099
Event_Eunice_2022-02-12_2022-02-25,Event_Eunice,DWELL_PATTERN_IFw720q010_AEw1080q990,16,48,313,-32,51.118211,153.354633,-102.236422
Event_Eunice_2022-02-12_2022-02-25,Event_Eunice,DWELL_PATTERN_IFw720q010_AEw336q950,28,48,313,-20,89.456869,153.354633,-63.897764
Event_Eunice_2022-02-12_2022-02-25,Event_Eunice,DWELL_PATTERN_IFw720q010_AEw336q975,20,48,313,-28,63.897764,153.354633,-89.456869
Event_Eunice_2022-02-12_2022-02-25,Event_Eunice,DWELL_PATTERN_IFw720q010_AEw336q990,14,48,313,-34,44.728435,153.354633,-108.626198
Event_Eunice_2022-02-12_2022-02-25,Event_Eunice,DWELL_PATTERN_IFw720q010_AEw720q950,37,48,313,-11,118.210863,153.354633,-35.14377
Event_Eunice_2022-02-12_2022-02-25,Event_Eunice,DWELL_PATTERN_IFw720q010_AEw720q975,27,48,313,-21,86.261981,153.354633,-67.092652
Event_Eunice_2022-02-12_2022-02-25,Event_Eunice,DWELL_PATTERN_IFw720q010_AEw720q990,16,48,313,-32,51.118211,153.354633,-102.236422
Event_Eunice_2022-02-12_2022-02-25,Event_Eunice,DWELL_PATTERN_IFw720q030_AEw1080q950,43,48,313,-5,137.380192,153.354633,-15.974441
Event_Eunice_2022-02-12_2022-02-25,Event_Eunice,DWELL_PATTERN_IFw720q030_AEw1080q975,37,48,313,-11,118.210863,153.354633,-35.14377
Event_Eunice_2022-02-12_2022-02-25,Event_Eunice,DWELL_PATTERN_IFw720q030_AEw1080q990,25,48,313,-23,79.872204,153.354633,-73.482429
Event_Eunice_2022-02-12_2022-02-25,Event_Eunice,DWELL_PATTERN_IFw720q030_AEw336q950,36,48,313,-12,115.015974,153.354633,-38.338659
Event_Eunice_2022-02-12_2022-02-25,Event_Eunice,DWELL_PATTERN_IFw720q030_AEw336q975,29,48,313,-19,92.651757,153.354633,-60.702876
Event_Eunice_2022-02-12_2022-02-25,Event_Eunice,DWELL_PATTERN_IFw720q030_AEw336q990,23,48,313,-25,73.482428,153.354633,-79.872205
Event_Eunice_2022-02-12_2022-02-25,Event_Eunice,DWELL_PATTERN_IFw720q030_AEw720q950,43,48,313,-5,137.380192,153.354633,-15.974441
Event_Eunice_2022-02-12_2022-02-25,Event_Eunice,DWELL_PATTERN_IFw720q030_AEw720q975,35,48,313,-13,111.821086,153.354633,-41.533547
Event_Eunice_2022-02-12_2022-02-25,Event_Eunice,DWELL_PATTERN_IFw720q030_AEw720q990,25,48,313,-23,79.872204,153.354633,-73.482429
Event_Eunice_2022-02-12_2022-02-25,Event_Eunice,adaptive_IFw1080q010_AEw1080q950,58,48,313,10,185.303514,153.354633,31.948881
Event_Eunice_2022-02-12_2022-02-25,Event_Eunice,adaptive_IFw1080q010_AEw1080q975,41,48,313,-7,130.990415,153.354633,-22.364218
Event_Eunice_2022-02-12_2022-02-25,Event_Eunice,adaptive_IFw1080q010_AEw1080q990,26,48,313,-22,83.067093,153.354633,-70.28754
Event_Eunice_2022-02-12_2022-02-25,Event_Eunice,adaptive_IFw1080q010_AEw336q950,39,48,313,-9,124.600639,153.354633,-28.753994
Event_Eunice_2022-02-12_2022-02-25,Event_Eunice,adaptive_IFw1080q010_AEw336q975,29,48,313,-19,92.651757,153.354633,-60.702876
Event_Eunice_2022-02-12_2022-02-25,Event_Eunice,adaptive_IFw1080q010_AEw336q990,22,48,313,-26,70.28754,153.354633,-83.067093
Event_Eunice_2022-02-12_2022-02-25,Event_Eunice,adaptive_IFw1080q010_AEw720q950,51,48,313,3,162.939297,153.354633,9.584664
Event_Eunice_2022-02-12_2022-02-25,Event_Eunice,adaptive_IFw1080q010_AEw720q975,37,48,313,-11,118.210863,153.354633,-35.14377
Event_Eunice_2022-02-12_2022-02-25,Event_Eunice,adaptive_IFw1080q010_AEw720q990,25,48,313,-23,79.872204,153.354633,-73.482429
Event_Eunice_2022-02-12_2022-02-25,Event_Eunice,adaptive_IFw1080q030_AEw1080q950,65,48,313,17,207.667732,153.354633,54.313099
Event_Eunice_2022-02-12_2022-02-25,Event_Eunice,adaptive_IFw1080q030_AEw1080q975,48,48,313,0,153.354633,153.354633,0.0
Event_Eunice_2022-02-12_2022-02-25,Event_Eunice,adaptive_IFw1080q030_AEw1080q990,36,48,313,-12,115.015974,153.354633,-38.338659
Event_Eunice_2022-02-12_2022-02-25,Event_Eunice,adaptive_IFw1080q030_AEw336q950,47,48,313,-1,150.159744,153.354633,-3.194889
Event_Eunice_2022-02-12_2022-02-25,Event_Eunice,adaptive_IFw1080q030_AEw336q975,38,48,313,-10,121.405751,153.354633,-31.948882
Event_Eunice_2022-02-12_2022-02-25,Event_Eunice,adaptive_IFw1080q030_AEw336q990,33,48,313,-15,105.43131,153.354633,-47.923323
Event_Eunice_2022-02-12_2022-02-25,Event_Eunice,adaptive_IFw1080q030_AEw720q950,58,48,313,10,185.303514,153.354633,31.948881
Event_Eunice_2022-02-12_2022-02-25,Event_Eunice,adaptive_IFw1080q030_AEw720q975,45,48,313,-3,143.769968,153.354633,-9.584665
Event_Eunice_2022-02-12_2022-02-25,Event_Eunice,adaptive_IFw1080q030_AEw720q990,36,48,313,-12,115.015974,153.354633,-38.338659
Event_Eunice_2022-02-12_2022-02-25,Event_Eunice,adaptive_IFw1440q010_AEw1080q950,58,48,313,10,185.303514,153.354633,31.948881
Event_Eunice_2022-02-12_2022-02-25,Event_Eunice,adaptive_IFw1440q010_AEw1080q975,41,48,313,-7,130.990415,153.354633,-22.364218
Event_Eunice_2022-02-12_2022-02-25,Event_Eunice,adaptive_IFw1440q010_AEw1080q990,27,48,313,-21,86.261981,153.354633,-67.092652
Event_Eunice_2022-02-12_2022-02-25,Event_Eunice,adaptive_IFw1440q010_AEw336q950,39,48,313,-9,124.600639,153.354633,-28.753994
Event_Eunice_2022-02-12_2022-02-25,Event_Eunice,adaptive_IFw1440q010_AEw336q975,29,48,313,-19,92.651757,153.354633,-60.702876
Event_Eunice_2022-02-12_2022-02-25,Event_Eunice,adaptive_IFw1440q010_AEw336q990,23,48,313,-25,73.482428,153.354633,-79.872205
Event_Eunice_2022-02-12_2022-02-25,Event_Eunice,adaptive_IFw1440q010_AEw720q950,51,48,313,3,162.939297,153.354633,9.584664
Event_Eunice_2022-02-12_2022-02-25,Event_Eunice,adaptive_IFw1440q010_AEw720q975,37,48,313,-11,118.210863,153.354633,-35.14377
Event_Eunice_2022-02-12_2022-02-25,Event_Eunice,adaptive_IFw1440q010_AEw720q990,26,48,313,-22,83.067093,153.354633,-70.28754
Event_Eunice_2022-02-12_2022-02-25,Event_Eunice,adaptive_IFw1440q030_AEw1080q950,64,48,313,16,204.472843,153.354633,51.11821
Event_Eunice_2022-02-12_2022-02-25,Event_Eunice,adaptive_IFw1440q030_AEw1080q975,47,48,313,-1,150.159744,153.354633,-3.194889
Event_Eunice_2022-02-12_2022-02-25,Event_Eunice,adaptive_IFw1440q030_AEw1080q990,35,48,313,-13,111.821086,153.354633,-41.533547
Event_Eunice_2022-02-12_2022-02-25,Event_Eunice,adaptive_IFw1440q030_AEw336q950,46,48,313,-2,146.964856,153.354633,-6.389777
Event_Eunice_2022-02-12_2022-02-25,Event_Eunice,adaptive_IFw1440q030_AEw336q975,37,48,313,-11,118.210863,153.354633,-35.14377
Event_Eunice_2022-02-12_2022-02-25,Event_Eunice,adaptive_IFw1440q030_AEw336q990,32,48,313,-16,102.236422,153.354633,-51.118211
Event_Eunice_2022-02-12_2022-02-25,Event_Eunice,adaptive_IFw1440q030_AEw720q950,57,48,313,9,182.108626,153.354633,28.753993
Event_Eunice_2022-02-12_2022-02-25,Event_Eunice,adaptive_IFw1440q030_AEw720q975,44,48,313,-4,140.57508,153.354633,-12.779553
Event_Eunice_2022-02-12_2022-02-25,Event_Eunice,adaptive_IFw1440q030_AEw720q990,35,48,313,-13,111.821086,153.354633,-41.533547
Event_Eunice_2022-02-12_2022-02-25,Event_Eunice,adaptive_IFw336q010_AEw1080q950,58,48,313,10,185.303514,153.354633,31.948881
Event_Eunice_2022-02-12_2022-02-25,Event_Eunice,adaptive_IFw336q010_AEw1080q975,41,48,313,-7,130.990415,153.354633,-22.364218
Event_Eunice_2022-02-12_2022-02-25,Event_Eunice,adaptive_IFw336q010_AEw1080q990,26,48,313,-22,83.067093,153.354633,-70.28754
Event_Eunice_2022-02-12_2022-02-25,Event_Eunice,adaptive_IFw336q010_AEw336q950,39,48,313,-9,124.600639,153.354633,-28.753994
Event_Eunice_2022-02-12_2022-02-25,Event_Eunice,adaptive_IFw336q010_AEw336q975,29,48,313,-19,92.651757,153.354633,-60.702876
Event_Eunice_2022-02-12_2022-02-25,Event_Eunice,adaptive_IFw336q010_AEw336q990,22,48,313,-26,70.28754,153.354633,-83.067093
Event_Eunice_2022-02-12_2022-02-25,Event_Eunice,adaptive_IFw336q010_AEw720q950,51,48,313,3,162.939297,153.354633,9.584664
Event_Eunice_2022-02-12_2022-02-25,Event_Eunice,adaptive_IFw336q010_AEw720q975,37,48,313,-11,118.210863,153.354633,-35.14377
Event_Eunice_2022-02-12_2022-02-25,Event_Eunice,adaptive_IFw336q010_AEw720q990,25,48,313,-23,79.872204,153.354633,-73.482429
Event_Eunice_2022-02-12_2022-02-25,Event_Eunice,adaptive_IFw336q030_AEw1080q950,59,48,313,11,188.498403,153.354633,35.14377
Event_Eunice_2022-02-12_2022-02-25,Event_Eunice,adaptive_IFw336q030_AEw1080q975,42,48,313,-6,134.185304,153.354633,-19.169329
Event_Eunice_2022-02-12_2022-02-25,Event_Eunice,adaptive_IFw336q030_AEw1080q990,29,48,313,-19,92.651757,153.354633,-60.702876
Event_Eunice_2022-02-12_2022-02-25,Event_Eunice,adaptive_IFw336q030_AEw336q950,41,48,313,-7,130.990415,153.354633,-22.364218
Event_Eunice_2022-02-12_2022-02-25,Event_Eunice,adaptive_IFw336q030_AEw336q975,31,48,313,-17,99.041534,153.354633,-54.313099
Event_Eunice_2022-02-12_2022-02-25,Event_Eunice,adaptive_IFw336q030_AEw336q990,25,48,313,-23,79.872204,153.354633,-73.482429
Event_Eunice_2022-02-12_2022-02-25,Event_Eunice,adaptive_IFw336q030_AEw720q950,52,48,313,4,166.134185,153.354633,12.779552
Event_Eunice_2022-02-12_2022-02-25,Event_Eunice,adaptive_IFw336q030_AEw720q975,39,48,313,-9,124.600639,153.354633,-28.753994
Event_Eunice_2022-02-12_2022-02-25,Event_Eunice,adaptive_IFw336q030_AEw720q990,28,48,313,-20,89.456869,153.354633,-63.897764
Event_Eunice_2022-02-12_2022-02-25,Event_Eunice,adaptive_IFw720q010_AEw1080q950,58,48,313,10,185.303514,153.354633,31.948881
Event_Eunice_2022-02-12_2022-02-25,Event_Eunice,adaptive_IFw720q010_AEw1080q975,41,48,313,-7,130.990415,153.354633,-22.364218
Event_Eunice_2022-02-12_2022-02-25,Event_Eunice,adaptive_IFw720q010_AEw1080q990,26,48,313,-22,83.067093,153.354633,-70.28754
Event_Eunice_2022-02-12_2022-02-25,Event_Eunice,adaptive_IFw720q010_AEw336q950,39,48,313,-9,124.600639,153.354633,-28.753994
Event_Eunice_2022-02-12_2022-02-25,Event_Eunice,adaptive_IFw720q010_AEw336q975,29,48,313,-19,92.651757,153.354633,-60.702876
Event_Eunice_2022-02-12_2022-02-25,Event_Eunice,adaptive_IFw720q010_AEw336q990,22,48,313,-26,70.28754,153.354633,-83.067093
Event_Eunice_2022-02-12_2022-02-25,Event_Eunice,adaptive_IFw720q010_AEw720q950,51,48,313,3,162.939297,153.354633,9.584664
Event_Eunice_2022-02-12_2022-02-25,Event_Eunice,adaptive_IFw720q010_AEw720q975,37,48,313,-11,118.210863,153.354633,-35.14377
Event_Eunice_2022-02-12_2022-02-25,Event_Eunice,adaptive_IFw720q010_AEw720q990,25,48,313,-23,79.872204,153.354633,-73.482429
Event_Eunice_2022-02-12_2022-02-25,Event_Eunice,adaptive_IFw720q030_AEw1080q950,63,48,313,15,201.277955,153.354633,47.923322
Event_Eunice_2022-02-12_2022-02-25,Event_Eunice,adaptive_IFw720q030_AEw1080q975,46,48,313,-2,146.964856,153.354633,-6.389777
Event_Eunice_2022-02-12_2022-02-25,Event_Eunice,adaptive_IFw720q030_AEw1080q990,33,48,313,-15,105.43131,153.354633,-47.923323
Event_Eunice_2022-02-12_2022-02-25,Event_Eunice,adaptive_IFw720q030_AEw336q950,45,48,313,-3,143.769968,153.354633,-9.584665
Event_Eunice_2022-02-12_2022-02-25,Event_Eunice,adaptive_IFw720q030_AEw336q975,35,48,313,-13,111.821086,153.354633,-41.533547
Event_Eunice_2022-02-12_2022-02-25,Event_Eunice,adaptive_IFw720q030_AEw336q990,30,48,313,-18,95.846645,153.354633,-57.507988
Event_Eunice_2022-02-12_2022-02-25,Event_Eunice,adaptive_IFw720q030_AEw720q950,56,48,313,8,178.913738,153.354633,25.559105
Event_Eunice_2022-02-12_2022-02-25,Event_Eunice,adaptive_IFw720q030_AEw720q975,43,48,313,-5,137.380192,153.354633,-15.974441
Event_Eunice_2022-02-12_2022-02-25,Event_Eunice,adaptive_IFw720q030_AEw720q990,33,48,313,-15,105.43131,153.354633,-47.923323
